geo_key,zip_code,latitude,longitude,city,state
1,1001,-23.550227,-46.634039,sao paulo,SP
2,1002,-23.547657,-46.634991,sao paulo,SP
3,1003,-23.549,-46.635582,sao paulo,SP
4,1004,-23.549829,-46.634792,sao paulo,SP
5,1005,-23.549547,-46.636406,sao paulo,SP
6,1006,-23.550127,-46.636044,sao paulo,SP
7,1007,-23.549962,-46.637204,sao paulo,SP
8,1008,-23.546,-46.635877,sao paulo,SP
9,1009,-23.546891,-46.636498,sao paulo,SP
10,1010,-23.546667,-46.635404,sao paulo,SP
11,1011,-23.546649,-46.635425,sao paulo,SP
12,1012,-23.547808,-46.634844,sao paulo,SP
13,1013,-23.54724,-46.634221,sao paulo,SP
14,1014,-23.54604,-46.6336,sao paulo,SP
15,1015,-23.547756,-46.631738,sao paulo,SP
16,1016,-23.549095,-46.632112,sao paulo,SP
17,1017,-23.549513,-46.631235,sao paulo,SP
18,1018,-23.551354,-46.632762,sao paulo,SP
19,1019,-23.551762,-46.630855,sao paulo,SP
20,1020,-23.552209,-46.629768,sao paulo,SP
21,1021,-23.542835,-46.632099,sao paulo,SP
22,1022,-23.544781,-46.632063,sao paulo,SP
23,1023,-23.542359,-46.631364,sao paulo,SP
24,1024,-23.541312,-46.629879,sao paulo,SP
25,1025,-23.540303,-46.631087,sao paulo,SP
26,1026,-23.539639,-46.632154,sao paulo,SP
27,1027,-23.538081,-46.630537,sao paulo,SP
28,1028,-23.535985,-46.633317,sao paulo,SP
29,1029,-23.540574,-46.633129,sao paulo,SP
30,1030,-23.54025,-46.633067,sao paulo,SP
31,1031,-23.541644,-46.635066,sao paulo,SP
32,1032,-23.539922,-46.635131,sao paulo,SP
33,1033,-23.539149,-46.636023,sao paulo,SP
34,1034,-23.542519,-46.637266,sao paulo,SP
35,1035,-23.541613,-46.641583,sao paulo,SP
36,1036,-23.541976,-46.640842,sao paulo,SP
37,1037,-23.545335,-46.638995,sao paulo,SP
38,1038,-23.543879,-46.639954,sao paulo,SP
39,1039,-23.541215,-46.638914,sao paulo,SP
40,1040,-23.541143,-46.638482,sao paulo,SP
41,1041,-23.544036,-46.639889,sao paulo,SP
42,1042,-23.544785,-46.640519,sao paulo,SP
43,1043,-23.545654,-46.641575,sao paulo,SP
44,1044,-23.545557,-46.641501,sao paulo,SP
45,1045,-23.54245,-46.642711,sao paulo,SP
46,1046,-23.545885,-46.643744,sao paulo,SP
47,1047,-23.546125,-46.641038,sao paulo,SP
48,1048,-23.547021,-46.639737,sao paulo,SP
49,1049,-23.547486,-46.639659,sao paulo,SP
50,1050,-23.549182,-46.643093,sao paulo,SP
51,1101,-23.528287,-46.631958,sao paulo,SP
52,1102,-23.527449,-46.630814,sao paulo,SP
53,1103,-23.535596,-46.629045,sao paulo,SP
54,1104,-23.534958,-46.629472,sao paulo,SP
55,1105,-23.534161,-46.629042,sao paulo,SP
56,1106,-23.530213,-46.628173,sao paulo,SP
57,1107,-23.527109,-46.628562,sao paulo,SP
58,1108,-23.527232,-46.630354,sao paulo,SP
59,1109,-23.524742,-46.626929,sao paulo,SP
60,1120,-23.529975,-46.639612,sao paulo,SP
61,1121,-23.527701,-46.635016,sao paulo,SP
62,1122,-23.531064,-46.638627,sao paulo,SP
63,1123,-23.529079,-46.63642,sao paulo,SP
64,1124,-23.528361,-46.633304,sao paulo,SP
65,1125,-23.526973,-46.640388,sao paulo,SP
66,1126,-23.527288,-46.639534,sao paulo,SP
67,1127,-23.525664,-46.641875,sao paulo,SP
68,1128,-23.52395,-46.642266,sao paulo,SP
69,1129,-23.523812,-46.643878,sao paulo,SP
70,1130,-23.524812,-46.644912,sao paulo,SP
71,1131,-23.522385,-46.639356,sao paulo,SP
72,1132,-23.5225,-46.648515,sao paulo,SP
73,1133,-23.519991,-46.653777,são paulo,SP
74,1134,-23.519484,-46.651667,sao paulo,SP
75,1135,-23.525532,-46.651568,sao paulo,SP
76,1136,-23.524228,-46.660871,sao paulo,SP
77,1137,-23.522768,-46.65345,sao paulo,SP
78,1138,-23.522198,-46.654774,sao paulo,SP
79,1139,-23.520559,-46.6663,sao paulo,SP
80,1140,-23.520109,-46.669503,sao paulo,SP
81,1141,-23.521022,-46.667536,sao paulo,SP
82,1142,-23.519934,-46.62513,sao paulo,SP
83,1144,-23.523634,-46.6724,sao paulo,SP
84,1150,-23.532786,-46.65846,sao paulo,SP
85,1151,-23.531309,-46.65669,sao paulo,SP
86,1152,-23.53011,-46.655798,sao paulo,SP
87,1153,-23.531394,-46.652512,sao paulo,SP
88,1154,-23.530271,-46.65937,sao paulo,SP
89,1155,-23.529392,-46.662842,sao paulo,SP
90,1156,-23.529683,-46.665106,sao paulo,SP
91,1189,-23.532108,-46.638395,sao paulo,SP
92,1200,-23.531568,-46.649869,sao paulo,SP
93,1201,-23.536095,-46.649766,sao paulo,SP
94,1202,-23.533773,-46.648197,sao paulo,SP
95,1203,-23.535409,-46.645724,sao paulo,SP
96,1204,-23.536142,-46.643993,sao paulo,SP
97,1205,-23.535463,-46.643451,sao paulo,SP
98,1206,-23.535839,-46.642848,sao paulo,SP
99,1207,-23.53914,-46.638676,sao paulo,SP
100,1208,-23.538367,-46.6388,sao paulo,SP
101,1209,-23.540613,-46.641347,sao paulo,SP
102,1210,-23.53982,-46.641833,sao paulo,SP
103,1211,-23.537446,-46.649103,sao paulo,SP
104,1212,-23.53854,-46.639356,sao paulo,SP
105,1213,-23.536759,-46.640641,sao paulo,SP
106,1214,-23.538585,-46.64484,sao paulo,SP
107,1215,-23.536236,-46.64762,sao paulo,SP
108,1216,-23.532631,-46.646997,sao paulo,SP
109,1217,-23.532208,-46.648509,sao paulo,SP
110,1218,-23.530938,-46.647781,sao paulo,SP
111,1219,-23.541447,-46.645544,sao paulo,SP
112,1220,-23.5445,-46.646105,sao paulo,SP
113,1221,-23.544607,-46.648171,sao paulo,SP
114,1222,-23.545989,-46.649525,sao paulo,SP
115,1223,-23.544139,-46.648917,sao paulo,SP
116,1224,-23.541673,-46.652376,sao paulo,SP
117,1225,-23.539857,-46.649179,sao paulo,SP
118,1226,-23.538549,-46.652911,sao paulo,SP
119,1227,-23.549128,-46.659641,sao paulo,SP
120,1228,-23.547354,-46.657821,sao paulo,SP
121,1229,-23.538712,-46.657238,sao paulo,SP
122,1230,-23.536669,-46.657611,sao paulo,SP
123,1231,-23.537097,-46.659266,sao paulo,SP
124,1232,-23.536214,-46.658098,sao paulo,SP
125,1233,-23.536631,-46.661828,sao paulo,SP
126,1234,-23.53922,-46.664118,sao paulo,SP
127,1235,-23.537003,-46.66489,sao paulo,SP
128,1236,-23.543865,-46.667507,sao paulo,SP
129,1237,-23.543301,-46.668756,sao paulo,SP
130,1238,-23.5426,-46.654455,sao paulo,SP
131,1239,-23.545153,-46.643174,sao paulo,SP
132,1240,-23.543599,-46.659049,sao paulo,SP
133,1241,-23.545556,-46.657653,sao paulo,SP
134,1242,-23.546306,-46.659017,sao paulo,SP
135,1243,-23.548152,-46.659353,sao paulo,SP
136,1244,-23.563367,-46.659438,sao paulo,SP
137,1245,-23.549968,-46.663686,sao paulo,SP
138,1246,-23.55312,-46.665842,sao paulo,SP
139,1247,-23.550638,-46.668656,sao paulo,SP
140,1248,-23.547685,-46.668134,sao paulo,SP
141,1249,-23.548892,-46.671761,sao paulo,SP
142,1250,-23.547608,-46.672007,sao paulo,SP
143,1251,-23.548443,-46.674924,sao paulo,SP
144,1252,-23.541681,-46.679704,sao paulo,SP
145,1253,-23.544929,-46.679165,sao paulo,SP
146,1254,-23.543888,-46.680248,sao paulo,SP
147,1255,-23.546575,-46.681497,sao paulo,SP
148,1256,-23.547697,-46.682973,são paulo,SP
149,1257,-23.543707,-46.687562,sao paulo,SP
150,1258,-23.544032,-46.686532,sao paulo,SP
151,1259,-23.541254,-46.685571,sao paulo,SP
152,1262,-23.550856,-46.677352,sao paulo,SP
153,1290,-23.540961,-46.657749,são paulo,SP
154,1301,-23.549633,-46.651515,sao paulo,SP
155,1302,-23.55025,-46.652806,sao paulo,SP
156,1303,-23.549321,-46.648849,sao paulo,SP
157,1304,-23.554064,-46.655181,sao paulo,SP
158,1305,-23.553059,-46.653268,sao paulo,SP
159,1306,-23.554498,-46.650235,sao paulo,SP
160,1307,-23.552285,-46.653314,sao paulo,SP
161,1308,-23.55607,-46.653327,sao paulo,SP
162,1309,-23.555258,-46.658484,sao paulo,SP
163,1310,-23.56133,-46.656385,sao paulo,SP
164,1311,-23.564554,-46.65244,sao paulo,SP
165,1312,-23.554733,-46.649617,sao paulo,SP
166,1313,-23.555822,-46.650282,sao paulo,SP
167,1314,-23.5531,-46.645632,sao paulo,SP
168,1315,-23.553617,-46.640536,sao paulo,SP
169,1316,-23.553061,-46.639298,sao paulo,SP
170,1317,-23.558222,-46.641408,sao paulo,SP
171,1318,-23.562258,-46.643684,sao paulo,SP
172,1319,-23.552163,-46.6409,sao paulo,SP
173,1320,-23.557852,-46.639308,sao paulo,SP
174,1321,-23.561857,-46.641877,sao paulo,SP
175,1322,-23.563264,-46.643562,sao paulo,SP
176,1323,-23.565679,-46.641414,sao paulo,SP
177,1324,-23.556286,-46.64316,sao paulo,SP
178,1325,-23.557254,-46.644455,sao paulo,SP
179,1326,-23.55686,-46.64529,sao paulo,SP
180,1327,-23.564204,-46.645146,sao paulo,SP
181,1328,-23.556372,-46.646993,sao paulo,SP
182,1329,-23.561452,-46.647221,sao paulo,SP
183,1330,-23.559166,-46.649435,sao paulo,SP
184,1331,-23.562457,-46.65002,sao paulo,SP
185,1332,-23.559687,-46.652538,sao paulo,SP
186,1333,-23.566349,-46.647606,sao paulo,SP
187,1401,-23.576751,-46.659807,sao paulo,SP
188,1402,-23.577515,-46.660486,sao paulo,SP
189,1403,-23.56898,-46.653552,sao paulo,SP
190,1404,-23.568949,-46.656178,sao paulo,SP
191,1405,-23.565044,-46.655394,sao paulo,SP
192,1406,-23.574163,-46.669158,sao paulo,SP
193,1407,-23.575976,-46.671187,sao paulo,SP
194,1408,-23.567382,-46.661094,sao paulo,SP
195,1409,-23.562903,-46.659647,sao paulo,SP
196,1410,-23.563951,-46.662085,sao paulo,SP
197,1411,-23.564604,-46.664307,sao paulo,SP
198,1412,-23.563644,-46.666018,sao paulo,SP
199,1413,-23.562411,-46.664653,sao paulo,SP
200,1414,-23.56032,-46.664248,sao paulo,SP
201,1415,-23.557061,-46.661346,sao paulo,SP
202,1416,-23.561306,-46.667708,sao paulo,SP
203,1417,-23.552586,-46.627047,sao paulo,SP
204,1418,-23.566401,-46.652389,sao paulo,SP
205,1419,-23.563716,-46.655744,sao paulo,SP
206,1420,-23.563549,-46.657742,sao paulo,SP
207,1421,-23.562949,-46.660599,sao paulo,SP
208,1422,-23.563991,-46.661093,sao paulo,SP
209,1423,-23.569168,-46.657406,sao paulo,SP
210,1424,-23.567712,-46.661734,sao paulo,SP
211,1425,-23.572838,-46.659235,sao paulo,SP
212,1426,-23.565476,-46.666487,sao paulo,SP
213,1427,-23.570932,-46.664216,sao paulo,SP
214,1428,-23.573886,-46.662495,sao paulo,SP
215,1429,-23.57654,-46.662839,sao paulo,SP
216,1430,-23.688191,-46.659513,sao paulo,SP
217,1431,-23.634545,-46.663696,sao paulo,SP
218,1432,-23.576546,-46.665718,sao paulo,SP
219,1433,-23.578553,-46.66834,sao paulo,SP
220,1434,-23.575305,-46.671776,sao paulo,SP
221,1435,-23.579513,-46.67006,sao paulo,SP
222,1436,-23.572455,-46.667989,sao paulo,SP
223,1437,-23.572141,-46.671503,sao paulo,SP
224,1438,-23.569714,-46.672178,sao paulo,SP
225,1439,-23.566289,-46.673571,sao paulo,SP
226,1440,-23.568117,-46.678111,sao paulo,SP
227,1441,-23.572256,-46.68585,sao paulo,SP
228,1442,-23.569175,-46.681789,sao paulo,SP
229,1443,-23.568611,-46.684705,sao paulo,SP
230,1444,-23.573236,-46.687527,sao paulo,SP
231,1445,-23.571797,-46.687847,sao paulo,SP
232,1446,-23.575556,-46.675782,sao paulo,SP
233,1447,-23.572849,-46.678861,sao paulo,SP
234,1448,-23.577942,-46.679455,sao paulo,SP
235,1449,-23.576277,-46.680197,sao paulo,SP
236,1450,-23.576309,-46.685218,sao paulo,SP
237,1451,-23.578039,-46.686579,sao paulo,SP
238,1452,-23.578574,-46.688779,sao paulo,SP
239,1453,-23.583725,-46.686159,sao paulo,SP
240,1454,-23.582906,-46.687377,sao paulo,SP
241,1455,-23.580483,-46.691237,sao paulo,SP
242,1456,-23.576514,-46.691177,sao paulo,SP
243,1457,-23.574854,-46.692818,sao paulo,SP
244,1472,-23.570544,-46.691297,sao paulo,SP
245,1489,-23.57665,-46.6874,sao paulo,SP
246,1501,-23.55252,-46.635548,sao paulo,SP
247,1502,-23.554403,-46.635409,sao paulo,SP
248,1503,-23.55823,-46.637026,sao paulo,SP
249,1504,-23.56701,-46.639498,sao paulo,SP
250,1505,-23.555268,-46.631825,sao paulo,SP
251,1506,-23.559117,-46.635092,sao paulo,SP
252,1507,-23.55816,-46.631673,sao paulo,SP
253,1508,-23.56141,-46.636173,sao paulo,SP
254,1509,-23.566832,-46.635845,sao paulo,SP
255,1510,-23.557409,-46.633565,sao paulo,SP
256,1511,-23.561294,-46.633059,sao paulo,SP
257,1512,-23.553656,-46.629636,sao paulo,SP
258,1513,-23.548522,-46.604506,sao paulo,SP
259,1514,-23.55538,-46.628858,sao paulo,SP
260,1516,-23.558557,-46.617136,sao paulo,SP
261,1517,-23.559988,-46.624391,sao paulo,SP
262,1518,-23.559444,-46.623573,sao paulo,SP
263,1519,-23.560791,-46.625214,sao paulo,SP
264,1520,-23.559994,-46.619772,sao paulo,SP
265,1521,-23.561301,-46.620353,sao paulo,SP
266,1522,-23.560872,-46.616629,sao paulo,SP
267,1523,-23.564345,-46.616994,sao paulo,SP
268,1524,-23.568869,-46.609614,sao paulo,SP
269,1525,-23.564074,-46.634878,sao paulo,SP
270,1526,-23.5654,-46.631092,sao paulo,SP
271,1527,-23.56268,-46.628592,sao paulo,SP
272,1528,-23.564583,-46.626808,sao paulo,SP
273,1529,-23.568374,-46.634471,sao paulo,SP
274,1530,-23.569501,-46.631533,sao paulo,SP
275,1531,-23.570674,-46.632505,sao paulo,SP
276,1532,-23.570998,-46.635874,sao paulo,SP
277,1533,-23.57113,-46.638215,sao paulo,SP
278,1534,-23.568431,-46.626459,sao paulo,SP
279,1535,-23.572313,-46.625068,sao paulo,SP
280,1536,-23.569612,-46.623494,sao paulo,SP
281,1537,-23.570685,-46.622362,sao paulo,SP
282,1538,-23.57881,-46.62421,sao paulo,SP
283,1539,-23.570876,-46.620465,sao paulo,SP
284,1540,-23.565802,-46.623054,sao paulo,SP
285,1541,-23.569438,-46.61852,sao paulo,SP
286,1542,-23.570953,-46.624567,sao paulo,SP
287,1543,-23.572378,-46.625405,sao paulo,SP
288,1544,-23.577125,-46.621763,sao paulo,SP
289,1545,-23.580622,-46.618529,sao paulo,SP
290,1546,-23.579397,-46.621895,sao paulo,SP
291,1547,-23.582895,-46.621181,sao paulo,SP
292,1548,-23.577077,-46.613442,sao paulo,SP
293,1549,-23.576634,-46.615841,sao paulo,SP
294,1550,-23.573439,-46.616253,sao paulo,SP
295,1551,-23.572547,-46.612545,sao paulo,SP
296,1552,-23.56987,-46.611499,sao paulo,SP
297,1553,-23.574567,-46.60899,sao paulo,SP
298,2009,-23.515799,-46.641139,sao paulo,SP
299,2010,-23.50861,-46.626326,sao paulo,SP
300,2011,-23.505259,-46.62683,sao paulo,SP
301,2012,-23.5122,-46.631961,sao paulo,SP
302,2013,-23.502258,-46.633124,sao paulo,SP
303,2016,-23.505758,-46.624266,sao paulo,SP
304,2017,-23.500867,-46.634812,sao paulo,SP
305,2018,-23.495571,-46.629702,sao paulo,SP
306,2019,-23.498403,-46.629921,sao paulo,SP
307,2020,-23.496625,-46.633059,sao paulo,SP
308,2021,-23.498261,-46.635461,sao paulo,SP
309,2022,-23.504101,-46.638293,sao paulo,SP
310,2028,-23.508232,-46.61782,sao paulo,SP
311,2029,-23.508385,-46.618265,sao paulo,SP
312,2030,-23.505871,-46.624683,sao paulo,SP
313,2031,-23.510707,-46.625928,sao paulo,SP
314,2032,-23.511068,-46.62385,sao paulo,SP
315,2033,-23.499831,-46.614742,sao paulo,SP
316,2034,-23.503776,-46.624064,sao paulo,SP
317,2035,-23.49659,-46.622936,sao paulo,SP
318,2036,-23.501609,-46.62082,sao paulo,SP
319,2037,-23.499778,-46.620378,sao paulo,SP
320,2038,-23.495258,-46.624001,sao paulo,SP
321,2039,-23.492896,-46.6217,sao paulo,SP
322,2040,-23.48997,-46.622128,sao paulo,SP
323,2041,-23.491583,-46.624199,sao paulo,SP
324,2042,-23.494369,-46.616229,sao paulo,SP
325,2043,-23.490089,-46.616102,sao paulo,SP
326,2044,-23.495934,-46.618865,sao paulo,SP
327,2045,-23.496061,-46.616396,sao paulo,SP
328,2046,-23.49277,-46.611838,sao paulo,SP
329,2047,-23.517709,-46.61709,sao paulo,SP
330,2049,-23.514167,-46.617366,sao paulo,SP
331,2050,-23.51716,-46.612247,sao paulo,SP
332,2051,-23.51172,-46.60861,sao paulo,SP
333,2052,-23.512974,-46.607784,sao paulo,SP
334,2053,-23.515519,-46.604113,sao paulo,SP
335,2054,-23.517343,-46.606996,sao paulo,SP
336,2055,-23.514352,-46.606039,sao paulo,SP
337,2056,-23.512552,-46.602539,sao paulo,SP
338,2060,-23.518841,-46.603275,sao paulo,SP
339,2064,-23.517448,-46.598927,sao paulo,SP
340,2065,-23.507872,-46.605416,sao paulo,SP
341,2066,-23.50784,-46.606297,sao paulo,SP
342,2067,-23.506857,-46.603204,sao paulo,SP
343,2068,-23.505566,-46.612177,sao paulo,SP
344,2069,-23.50576,-46.613924,sao paulo,SP
345,2071,-23.504667,-46.605469,sao paulo,SP
346,2072,-23.499992,-46.603213,sao paulo,SP
347,2073,-23.5018,-46.607233,sao paulo,SP
348,2074,-23.504964,-46.600995,sao paulo,SP
349,2075,-23.505351,-46.602011,sao paulo,SP
350,2076,-23.504383,-46.599129,sao paulo,SP
351,2077,-23.502446,-46.59719,sao paulo,SP
352,2078,-23.501999,-46.596959,sao paulo,SP
353,2079,-23.499124,-46.606385,sao paulo,SP
354,2080,-23.49767,-46.605362,sao paulo,SP
355,2081,-23.495841,-46.604699,sao paulo,SP
356,2082,-23.494544,-46.606801,sao paulo,SP
357,2083,-23.49485,-46.598111,sao paulo,SP
358,2084,-23.49731,-46.599709,sao paulo,SP
359,2085,-23.49766,-46.612805,sao paulo,SP
360,2088,-23.50424,-46.620742,sao paulo,SP
361,2089,-23.517094,-46.616673,sao paulo,SP
362,2110,-23.518559,-46.595694,sao paulo,SP
363,2111,-23.51775,-46.593062,sao paulo,SP
364,2112,-23.518551,-46.59166,sao paulo,SP
365,2113,-23.519785,-46.590829,sao paulo,SP
366,2114,-23.522235,-46.59064,sao paulo,SP
367,2115,-23.526671,-46.591326,sao paulo,SP
368,2116,-23.520356,-46.585398,sao paulo,SP
369,2117,-23.519285,-46.593241,sao paulo,SP
370,2118,-23.51521,-46.592893,sao paulo,SP
371,2119,-23.512749,-46.592119,sao paulo,SP
372,2120,-23.511093,-46.593755,sao paulo,SP
373,2121,-23.512284,-46.589796,sao paulo,SP
374,2122,-23.512022,-46.58436,sao paulo,SP
375,2123,-23.511782,-46.57938,sao paulo,SP
376,2124,-23.507018,-46.576762,sao paulo,SP
377,2125,-23.509891,-46.586856,sao paulo,SP
378,2126,-23.507041,-46.59171,sao paulo,SP
379,2127,-23.50436,-46.587594,sao paulo,SP
380,2128,-23.505025,-46.593913,sao paulo,SP
381,2129,-23.503742,-46.588464,sao paulo,SP
382,2130,-23.508285,-46.583729,sao paulo,SP
383,2131,-23.504182,-46.582398,sao paulo,SP
384,2132,-23.501164,-46.577659,sao paulo,SP
385,2133,-23.499359,-46.584904,sao paulo,SP
386,2134,-23.498613,-46.579955,sao paulo,SP
387,2135,-23.498029,-46.584686,sao paulo,SP
388,2136,-23.498465,-46.581738,sao paulo,SP
389,2137,-23.497953,-46.576119,sao paulo,SP
390,2138,-23.493507,-46.574546,sao paulo,SP
391,2139,-23.490468,-46.57353,sao paulo,SP
392,2141,-23.488948,-46.570841,sao paulo,SP
393,2142,-23.510199,-46.576718,sao paulo,SP
394,2143,-23.506853,-46.574831,sao paulo,SP
395,2144,-23.503483,-46.570744,sao paulo,SP
396,2145,-23.502142,-46.566018,sao paulo,SP
397,2146,-23.500957,-46.570882,sao paulo,SP
398,2147,-23.498362,-46.565167,sao paulo,SP
399,2150,-23.493812,-46.568515,sao paulo,SP
400,2151,-23.497011,-46.5695,sao paulo,SP
401,2152,-23.49722,-46.572227,sao paulo,SP
402,2161,-23.489791,-46.569064,sao paulo,SP
403,2162,-23.490653,-46.562831,sao paulo,SP
404,2166,-23.525215,-46.584047,sao paulo,SP
405,2167,-23.52139,-46.581271,sao paulo,SP
406,2168,-23.52043,-46.579481,sao paulo,SP
407,2169,-23.556204,-46.631189,sao paulo,SP
408,2170,-23.525688,-46.577165,são paulo,SP
409,2174,-23.522902,-46.57251,sao paulo,SP
410,2175,-23.515609,-46.575036,sao paulo,SP
411,2176,-23.513622,-46.573048,sao paulo,SP
412,2177,-23.508734,-46.55853,sao paulo,SP
413,2178,-23.521473,-46.570455,sao paulo,SP
414,2179,-23.521636,-46.568108,sao paulo,SP
415,2180,-23.519228,-46.565894,sao paulo,SP
416,2181,-23.519387,-46.562683,sao paulo,SP
417,2185,-23.51477,-46.567834,sao paulo,SP
418,2186,-23.514927,-46.569493,sao paulo,SP
419,2187,-23.516119,-46.564877,sao paulo,SP
420,2188,-23.509311,-46.56682,sao paulo,SP
421,2189,-23.5078,-46.567568,sao paulo,SP
422,2190,-23.507141,-46.564138,sao paulo,SP
423,2201,-23.486125,-46.59165,sao paulo,SP
424,2202,-23.492969,-46.594981,sao paulo,SP
425,2203,-23.491857,-46.591563,sao paulo,SP
426,2204,-23.487393,-46.592181,sao paulo,SP
427,2205,-23.487545,-46.590724,sao paulo,SP
428,2206,-23.48439,-46.594429,sao paulo,SP
429,2207,-23.485996,-46.587964,sao paulo,SP
430,2208,-23.483114,-46.589287,sao paulo,SP
431,2209,-23.485285,-46.584993,sao paulo,SP
432,2210,-23.483122,-46.581868,sao paulo,SP
433,2211,-23.49742,-46.593738,sao paulo,SP
434,2212,-23.495454,-46.589194,sao paulo,SP
435,2213,-23.496549,-46.588469,sao paulo,SP
436,2214,-23.492732,-46.586954,sao paulo,SP
437,2215,-23.490941,-46.58348,sao paulo,SP
438,2216,-23.493017,-46.579803,sao paulo,SP
439,2217,-23.490305,-46.580306,sao paulo,SP
440,2218,-23.486757,-46.584775,sao paulo,SP
441,2219,-23.491326,-46.586471,sao paulo,SP
442,2220,-23.490041,-46.578328,sao paulo,SP
443,2221,-23.482625,-46.580575,sao paulo,SP
444,2222,-23.482364,-46.575488,sao paulo,SP
445,2223,-23.481594,-46.580461,sao paulo,SP
446,2224,-23.48424,-46.573536,sao paulo,SP
447,2225,-23.482737,-46.575087,sao paulo,SP
448,2226,-23.480556,-46.573358,sao paulo,SP
449,2227,-23.478878,-46.572289,sao paulo,SP
450,2228,-23.47508,-46.571646,sao paulo,SP
451,2229,-23.477178,-46.568296,sao paulo,SP
452,2230,-23.48376,-46.563525,sao paulo,SP
453,2231,-23.475646,-46.565582,são paulo,SP
454,2232,-23.475479,-46.564022,sao paulo,SP
455,2233,-23.477637,-46.564544,sao paulo,SP
456,2234,-23.478779,-46.569995,sao paulo,SP
457,2235,-23.479703,-46.577096,sao paulo,SP
458,2236,-23.472535,-46.568346,sao paulo,SP
459,2237,-23.513121,-46.586472,sao paulo,SP
460,2238,-23.471001,-46.571377,sao paulo,SP
461,2239,-23.485652,-46.609504,sao paulo,SP
462,2240,-23.477886,-46.602212,sao paulo,SP
463,2241,-23.490608,-46.607416,sao paulo,SP
464,2242,-23.487714,-46.599399,sao paulo,SP
465,2243,-23.491464,-46.603361,sao paulo,SP
466,2244,-23.488475,-46.604609,sao paulo,SP
467,2245,-23.484679,-46.606275,sao paulo,SP
468,2246,-23.488879,-46.601578,sao paulo,SP
469,2247,-23.485989,-46.601197,sao paulo,SP
470,2248,-23.48373,-46.598991,sao paulo,SP
471,2249,-23.488912,-46.597015,sao paulo,SP
472,2250,-23.486383,-46.595959,sao paulo,SP
473,2251,-23.477604,-46.590688,sao paulo,SP
474,2252,-23.478809,-46.588322,sao paulo,SP
475,2253,-23.479382,-46.595503,sao paulo,SP
476,2254,-23.481447,-46.593325,sao paulo,SP
477,2255,-23.476868,-46.591806,sao paulo,SP
478,2256,-23.475371,-46.587366,sao paulo,SP
479,2257,-23.472966,-46.583295,sao paulo,SP
480,2258,-23.475685,-46.58141,sao paulo,SP
481,2259,-23.47174,-46.580802,sao paulo,SP
482,2260,-23.469036,-46.580297,sao paulo,SP
483,2261,-23.467469,-46.577039,sao paulo,SP
484,2262,-23.465757,-46.574915,sao paulo,SP
485,2263,-23.463449,-46.575741,sao paulo,SP
486,2264,-23.462487,-46.576811,sao paulo,SP
487,2265,-23.474281,-46.591997,sao paulo,SP
488,2266,-23.476609,-46.597742,sao paulo,SP
489,2267,-23.478581,-46.600605,sao paulo,SP
490,2268,-23.470199,-46.594734,sao paulo,SP
491,2269,-23.472165,-46.595981,sao paulo,SP
492,2270,-23.472455,-46.592952,sao paulo,SP
493,2271,-23.469952,-46.589966,sao paulo,SP
494,2272,-23.469139,-46.58646,sao paulo,SP
495,2273,-23.463981,-46.586591,sao paulo,SP
496,2274,-23.466989,-46.587803,sao paulo,SP
497,2275,-23.465761,-46.590505,sao paulo,SP
498,2276,-23.461458,-46.583766,sao paulo,SP
499,2277,-23.463674,-46.581783,sao paulo,SP
500,2278,-23.462831,-46.57966,sao paulo,SP
501,2279,-23.4671,-46.58037,sao paulo,SP
502,2280,-23.455983,-46.575069,sao paulo,SP
503,2281,-23.452044,-46.575033,sao paulo,SP
504,2282,-23.44277,-46.567459,sao paulo,SP
505,2284,-23.469703,-46.568683,sao paulo,SP
506,2286,-23.408587,-46.579603,sao paulo,SP
507,2288,-23.434005,-46.570702,sao paulo,SP
508,2289,-23.418175,-46.582935,sao paulo,SP
509,2290,-23.600462,-46.655318,sao paulo,SP
510,2301,-23.488741,-46.615105,sao paulo,SP
511,2302,-23.486036,-46.613958,sao paulo,SP
512,2303,-23.482213,-46.610664,sao paulo,SP
513,2304,-23.480824,-46.605459,sao paulo,SP
514,2305,-23.480094,-46.606765,sao paulo,SP
515,2306,-23.46169,-46.603238,sao paulo,SP
516,2307,-23.481089,-46.607264,sao paulo,SP
517,2308,-23.475996,-46.603954,sao paulo,SP
518,2309,-23.475253,-46.604765,sao paulo,SP
519,2310,-23.473174,-46.600899,sao paulo,SP
520,2311,-23.469115,-46.601754,sao paulo,SP
521,2312,-23.464616,-46.598316,sao paulo,SP
522,2313,-23.463858,-46.599957,sao paulo,SP
523,2314,-23.462318,-46.598709,sao paulo,SP
524,2315,-23.46003,-46.599776,sao paulo,SP
525,2316,-23.462239,-46.593546,sao paulo,SP
526,2317,-23.458262,-46.593264,sao paulo,SP
527,2318,-23.450968,-46.590297,sao paulo,SP
528,2319,-23.449629,-46.593209,sao paulo,SP
529,2320,-23.451411,-46.598301,sao paulo,SP
530,2321,-23.447087,-46.588963,sao paulo,SP
531,2322,-23.445827,-46.594041,sao paulo,SP
532,2323,-23.453907,-46.598264,sao paulo,SP
533,2324,-23.463937,-46.593256,sao paulo,SP
534,2325,-23.453711,-46.586233,sao paulo,SP
535,2326,-23.469932,-46.600278,sao paulo,SP
536,2327,-23.447819,-46.565199,sao paulo,SP
537,2328,-23.526653,-46.599682,sao paulo,SP
538,2329,-23.498529,-46.618248,sao paulo,SP
539,2330,-23.485207,-46.617137,sao paulo,SP
540,2331,-23.483563,-46.61591,sao paulo,SP
541,2332,-23.483044,-46.621714,sao paulo,SP
542,2333,-23.48012,-46.621238,sao paulo,SP
543,2334,-23.484102,-46.619546,sao paulo,SP
544,2335,-23.483385,-46.617242,sao paulo,SP
545,2336,-23.48098,-46.617405,sao paulo,SP
546,2337,-23.478782,-46.61473,sao paulo,SP
547,2338,-23.475521,-46.618174,sao paulo,SP
548,2339,-23.477654,-46.615501,sao paulo,SP
549,2340,-23.457139,-46.615838,sao paulo,SP
550,2341,-23.465994,-46.615294,sao paulo,SP
551,2342,-23.473773,-46.61066,sao paulo,SP
552,2343,-23.468259,-46.605283,sao paulo,SP
553,2344,-23.469483,-46.610262,sao paulo,SP
554,2345,-23.469157,-46.613736,sao paulo,SP
555,2346,-23.470018,-46.607847,sao paulo,SP
556,2347,-23.462961,-46.606936,sao paulo,SP
557,2348,-23.460638,-46.610658,sao paulo,SP
558,2349,-23.459963,-46.604311,sao paulo,SP
559,2350,-23.461535,-46.602564,sao paulo,SP
560,2351,-23.454872,-46.599689,sao paulo,SP
561,2352,-23.45431,-46.596176,sao paulo,SP
562,2353,-23.452629,-46.605345,sao paulo,SP
563,2354,-23.45502,-46.604337,sao paulo,SP
564,2355,-23.454718,-46.61134,sao paulo,SP
565,2356,-23.450952,-46.612069,sao paulo,SP
566,2357,-23.447433,-46.613899,sao paulo,SP
567,2358,-23.454788,-46.608691,sao paulo,SP
568,2359,-23.445994,-46.618981,sao paulo,SP
569,2360,-23.437008,-46.577713,sao paulo,SP
570,2361,-23.436664,-46.58149,sao paulo,SP
571,2362,-23.495115,-46.582401,sao paulo,SP
572,2363,-23.432328,-46.57609,sao paulo,SP
573,2364,-23.433947,-46.581073,sao paulo,SP
574,2365,-23.446725,-46.586645,sao paulo,SP
575,2366,-23.48705,-46.616948,sao paulo,SP
576,2367,-23.466118,-46.590294,sao paulo,SP
577,2368,-23.399985,-46.576419,sao paulo,SP
578,2370,-23.463047,-46.62244,sao paulo,SP
579,2371,-23.459015,-46.618677,sao paulo,SP
580,2372,-23.460134,-46.624673,sao paulo,SP
581,2373,-23.454862,-46.617253,sao paulo,SP
582,2374,-23.453592,-46.621759,sao paulo,SP
583,2375,-23.453625,-46.624997,sao paulo,SP
584,2376,-23.457581,-46.628104,sao paulo,SP
585,2377,-23.456745,-46.631807,sao paulo,SP
586,2378,-23.455527,-46.629681,sao paulo,SP
587,2401,-23.491216,-46.627031,sao paulo,SP
588,2402,-23.490062,-46.62727,sao paulo,SP
589,2403,-23.493869,-46.628456,sao paulo,SP
590,2404,-23.491213,-46.6291,sao paulo,SP
591,2405,-23.489251,-46.632853,sao paulo,SP
592,2406,-23.487963,-46.630343,sao paulo,SP
593,2407,-23.484789,-46.624751,sao paulo,SP
594,2408,-23.482471,-46.627182,sao paulo,SP
595,2409,-23.477846,-46.625242,sao paulo,SP
596,2410,-23.475797,-46.623018,sao paulo,SP
597,2411,-23.47572,-46.624277,sao paulo,SP
598,2413,-23.482092,-46.635774,sao paulo,SP
599,2415,-23.473746,-46.631843,sao paulo,SP
600,2416,-23.478842,-46.628617,sao paulo,SP
601,2417,-23.477429,-46.630027,sao paulo,SP
602,2418,-23.470829,-46.629178,sao paulo,SP
603,2419,-23.477143,-46.640248,sao paulo,SP
604,2420,-23.475317,-46.635695,sao paulo,SP
605,2421,-23.473737,-46.632945,sao paulo,SP
606,2422,-23.471961,-46.636782,sao paulo,SP
607,2423,-23.468374,-46.633605,sao paulo,SP
608,2430,-23.481759,-46.645344,sao paulo,SP
609,2431,-23.487112,-46.636091,sao paulo,SP
610,2432,-23.474956,-46.623232,sao paulo,SP
611,2433,-23.481757,-46.636489,sao paulo,SP
612,2434,-23.483166,-46.639225,sao paulo,SP
613,2435,-23.480342,-46.640837,sao paulo,SP
614,2436,-23.478932,-46.635603,sao paulo,SP
615,2440,-23.477826,-46.647992,sao paulo,SP
616,2441,-23.473154,-46.641738,sao paulo,SP
617,2442,-23.473249,-46.644042,sao paulo,SP
618,2443,-23.473078,-46.647425,sao paulo,SP
619,2450,-23.498137,-46.637831,sao paulo,SP
620,2451,-23.49888,-46.642404,sao paulo,SP
621,2452,-23.50068,-46.643858,sao paulo,SP
622,2460,-23.490603,-46.637734,sao paulo,SP
623,2461,-23.492253,-46.638753,sao paulo,SP
624,2462,-23.49222,-46.6413,sao paulo,SP
625,2463,-23.488489,-46.64549,sao paulo,SP
626,2464,-23.488271,-46.651428,sao paulo,SP
627,2465,-23.485426,-46.654555,sao paulo,SP
628,2466,-23.495383,-46.642467,sao paulo,SP
629,2467,-23.491338,-46.646134,sao paulo,SP
630,2468,-23.488555,-46.6489,sao paulo,SP
631,2469,-23.485412,-46.645224,sao paulo,SP
632,2470,-23.485109,-46.649476,sao paulo,SP
633,2471,-23.481825,-46.65269,sao paulo,SP
634,2472,-23.476873,-46.655328,sao paulo,SP
635,2473,-23.477673,-46.651766,sao paulo,SP
636,2474,-23.476815,-46.655686,sao paulo,SP
637,2475,-23.479309,-46.64389,sao paulo,SP
638,2478,-23.477602,-46.660427,sao paulo,SP
639,2479,-23.475057,-46.656573,sao paulo,SP
640,2501,-23.514912,-46.661184,sao paulo,SP
641,2508,-23.509848,-46.66369,sao paulo,SP
642,2510,-23.512841,-46.65173,sao paulo,SP
643,2511,-23.510101,-46.651258,sao paulo,SP
644,2512,-23.51357,-46.659745,sao paulo,SP
645,2513,-23.539724,-46.671936,sao paulo,SP
646,2514,-23.510206,-46.654927,sao paulo,SP
647,2515,-23.510293,-46.657706,sao paulo,SP
648,2516,-23.509474,-46.659247,sao paulo,SP
649,2517,-23.507213,-46.664227,sao paulo,SP
650,2518,-23.509707,-46.666643,sao paulo,SP
651,2519,-23.502337,-46.65598,sao paulo,SP
652,2520,-23.502942,-46.65541,sao paulo,SP
653,2521,-23.503782,-46.664865,sao paulo,SP
654,2522,-23.504286,-46.659016,sao paulo,SP
655,2523,-23.505862,-46.655711,sao paulo,SP
656,2524,-23.502693,-46.650325,sao paulo,SP
657,2525,-23.502174,-46.657408,sao paulo,SP
658,2526,-23.503504,-46.646533,sao paulo,SP
659,2530,-23.500835,-46.660045,sao paulo,SP
660,2531,-23.501201,-46.653035,sao paulo,SP
661,2532,-23.499646,-46.655637,sao paulo,SP
662,2533,-23.497603,-46.654976,sao paulo,SP
663,2534,-23.496689,-46.653326,sao paulo,SP
664,2535,-23.49694,-46.649911,sao paulo,SP
665,2536,-23.495468,-46.64833,sao paulo,SP
666,2537,-23.491498,-46.651981,sao paulo,SP
667,2538,-23.498737,-46.654879,sao paulo,SP
668,2539,-23.494723,-46.658058,sao paulo,SP
669,2540,-23.489345,-46.656196,sao paulo,SP
670,2541,-23.486223,-46.655864,sao paulo,SP
671,2542,-23.486622,-46.658664,sao paulo,SP
672,2543,-23.483996,-46.661144,sao paulo,SP
673,2544,-23.488966,-46.660983,sao paulo,SP
674,2545,-23.492684,-46.662514,sao paulo,SP
675,2546,-23.503573,-46.66677,sao paulo,SP
676,2550,-23.507201,-46.671441,sao paulo,SP
677,2551,-23.502558,-46.669157,sao paulo,SP
678,2552,-23.508841,-46.661019,sao paulo,SP
679,2553,-23.499024,-46.666415,sao paulo,SP
680,2554,-23.499786,-46.669378,sao paulo,SP
681,2555,-23.493405,-46.666273,sao paulo,SP
682,2556,-23.498,-46.669464,sao paulo,SP
683,2557,-23.498308,-46.672722,sao paulo,SP
684,2558,-23.495922,-46.674672,sao paulo,SP
685,2559,-23.493098,-46.672422,sao paulo,SP
686,2560,-23.494556,-46.671037,sao paulo,SP
687,2561,-23.492325,-46.675007,sao paulo,SP
688,2562,-23.487175,-46.6738,sao paulo,SP
689,2563,-23.490013,-46.669207,sao paulo,SP
690,2564,-23.488298,-46.668304,sao paulo,SP
691,2565,-23.486411,-46.668373,sao paulo,SP
692,2566,-23.482977,-46.668709,sao paulo,SP
693,2567,-23.480666,-46.668642,sao paulo,SP
694,2577,-23.488183,-46.678904,sao paulo,SP
695,2598,-23.512858,-46.671012,sao paulo,SP
696,2610,-23.483916,-46.658227,sao paulo,SP
697,2611,-23.468968,-46.654538,sao paulo,SP
698,2612,-23.472896,-46.663879,sao paulo,SP
699,2613,-23.479336,-46.662877,sao paulo,SP
700,2614,-23.472457,-46.656241,sao paulo,SP
701,2615,-23.471242,-46.655307,sao paulo,SP
702,2616,-23.469447,-46.654635,sao paulo,SP
703,2617,-23.467224,-46.658547,sao paulo,SP
704,2618,-23.468611,-46.64975,sao paulo,SP
705,2630,-23.463769,-46.641692,sao paulo,SP
706,2631,-23.458722,-46.64649,sao paulo,SP
707,2632,-23.464597,-46.649165,sao paulo,SP
708,2633,-23.461693,-46.651737,sao paulo,SP
709,2634,-23.458536,-46.651196,sao paulo,SP
710,2635,-23.456352,-46.644246,sao paulo,SP
711,2636,-23.453828,-46.645329,sao paulo,SP
712,2637,-23.454737,-46.648983,sao paulo,SP
713,2643,-23.468099,-46.650378,sao paulo,SP
714,2649,-23.460527,-46.662415,sao paulo,SP
715,2650,-23.461441,-46.656775,sao paulo,SP
716,2651,-23.460889,-46.658859,sao paulo,SP
717,2652,-23.457866,-46.656411,sao paulo,SP
718,2653,-23.453432,-46.658375,são paulo,SP
719,2670,-23.465765,-46.664183,sao paulo,SP
720,2671,-23.466474,-46.663353,sao paulo,SP
721,2672,-23.459779,-46.666378,sao paulo,SP
722,2673,-23.460797,-46.672464,sao paulo,SP
723,2674,-23.460247,-46.668539,sao paulo,SP
724,2675,-23.456927,-46.670815,sao paulo,SP
725,2676,-23.456158,-46.671188,sao paulo,SP
726,2677,-23.454322,-46.665536,sao paulo,SP
727,2678,-23.45527,-46.661935,sao paulo,SP
728,2679,-23.456853,-46.664716,sao paulo,SP
729,2680,-23.452811,-46.660959,sao paulo,SP
730,2701,-23.511333,-46.680511,sao paulo,SP
731,2710,-23.508671,-46.67396,sao paulo,SP
732,2712,-23.506635,-46.679324,sao paulo,SP
733,2713,-23.506795,-46.685052,sao paulo,SP
734,2714,-23.506104,-46.687129,sao paulo,SP
735,2715,-23.504378,-46.683268,sao paulo,SP
736,2716,-23.496249,-46.685294,sao paulo,SP
737,2717,-23.49156,-46.684539,sao paulo,SP
738,2720,-23.492562,-46.674299,sao paulo,SP
739,2721,-23.497082,-46.674943,sao paulo,SP
740,2722,-23.500743,-46.678004,sao paulo,SP
741,2723,-23.499654,-46.679858,sao paulo,SP
742,2724,-23.497875,-46.681845,sao paulo,SP
743,2725,-23.499062,-46.682521,sao paulo,SP
744,2726,-23.500782,-46.687079,sao paulo,SP
745,2727,-23.497189,-46.685666,sao paulo,SP
746,2728,-23.495652,-46.688161,sao paulo,SP
747,2729,-23.503207,-46.69028,sao paulo,SP
748,2730,-23.497951,-46.690754,sao paulo,SP
749,2731,-23.498694,-46.692496,sao paulo,SP
750,2732,-23.500649,-46.695439,sao paulo,SP
751,2733,-23.495399,-46.695235,sao paulo,SP
752,2734,-23.491019,-46.694117,sao paulo,SP
753,2735,-23.492485,-46.693656,sao paulo,SP
754,2736,-23.490023,-46.691257,sao paulo,SP
755,2737,-23.4877,-46.690489,sao paulo,SP
756,2738,-23.491655,-46.688703,sao paulo,SP
757,2739,-23.480005,-46.682263,sao paulo,SP
758,2750,-23.493303,-46.680638,sao paulo,SP
759,2751,-23.490633,-46.681758,sao paulo,SP
760,2752,-23.494156,-46.682978,sao paulo,SP
761,2753,-23.490705,-46.684472,sao paulo,SP
762,2754,-23.490413,-46.677694,sao paulo,SP
763,2755,-23.488003,-46.67973,sao paulo,SP
764,2756,-23.48583,-46.677641,sao paulo,SP
765,2757,-23.486688,-46.685315,sao paulo,SP
766,2758,-23.484817,-46.684323,sao paulo,SP
767,2759,-23.483994,-46.683156,sao paulo,SP
768,2760,-23.480603,-46.68075,sao paulo,SP
769,2762,-23.482527,-46.675434,sao paulo,SP
770,2763,-23.478814,-46.676015,sao paulo,SP
771,2764,-23.479803,-46.677608,sao paulo,SP
772,2765,-23.476676,-46.673549,sao paulo,SP
773,2801,-23.483014,-46.700692,sao paulo,SP
774,2802,-23.487447,-46.69565,sao paulo,SP
775,2803,-23.486599,-46.693714,sao paulo,SP
776,2804,-23.483382,-46.698123,sao paulo,SP
777,2805,-23.479265,-46.697921,sao paulo,SP
778,2806,-23.474487,-46.699193,sao paulo,SP
779,2807,-23.474002,-46.700779,sao paulo,SP
780,2808,-23.468719,-46.702916,sao paulo,SP
781,2809,-23.471588,-46.703411,sao paulo,SP
782,2810,-23.449942,-46.715031,sao paulo,SP
783,2811,-23.476191,-46.70279,sao paulo,SP
784,2812,-23.49082,-46.69094,sao paulo,SP
785,2813,-23.450501,-46.711702,sao paulo,SP
786,2814,-23.45806,-46.707824,sao paulo,SP
787,2815,-23.444886,-46.714561,sao paulo,SP
788,2816,-23.461328,-46.706463,sao paulo,SP
789,2817,-23.46323,-46.702441,sao paulo,SP
790,2820,-23.453397,-46.708402,sao paulo,SP
791,2829,-23.495057,-46.702601,sao paulo,SP
792,2831,-23.477406,-46.691867,sao paulo,SP
793,2832,-23.481183,-46.69371,sao paulo,SP
794,2833,-23.47809,-46.692432,sao paulo,SP
795,2834,-23.475164,-46.693114,sao paulo,SP
796,2835,-23.471584,-46.694533,sao paulo,SP
797,2836,-23.472386,-46.696664,sao paulo,SP
798,2837,-23.464324,-46.699327,sao paulo,SP
799,2839,-23.47758,-46.682953,sao paulo,SP
800,2840,-23.482316,-46.690002,sao paulo,SP
801,2841,-23.480131,-46.686271,sao paulo,SP
802,2842,-23.476112,-46.68732,sao paulo,SP
803,2844,-23.471653,-46.687483,sao paulo,SP
804,2845,-23.468236,-46.69208,sao paulo,SP
805,2846,-23.46275,-46.697439,sao paulo,SP
806,2847,-23.464492,-46.691884,sao paulo,SP
807,2848,-23.463774,-46.689888,sao paulo,SP
808,2849,-23.463919,-46.687453,sao paulo,SP
809,2850,-23.465241,-46.677378,sao paulo,SP
810,2851,-23.459546,-46.691458,sao paulo,SP
811,2853,-23.457228,-46.695098,sao paulo,SP
812,2854,-23.456763,-46.697621,sao paulo,SP
813,2855,-23.45617,-46.700596,sao paulo,SP
814,2856,-23.463976,-46.679753,sao paulo,SP
815,2857,-23.613904,-46.737972,sao paulo,SP
816,2858,-23.446338,-46.702582,sao paulo,SP
817,2859,-23.464059,-46.697554,sao paulo,SP
818,2860,-23.462099,-46.684008,sao paulo,SP
819,2861,-23.471425,-46.672092,sao paulo,SP
820,2862,-23.474965,-46.680163,sao paulo,SP
821,2863,-23.47362,-46.674482,sao paulo,SP
822,2864,-23.472396,-46.681487,sao paulo,SP
823,2865,-23.474684,-46.676952,sao paulo,SP
824,2866,-23.467903,-46.680925,sao paulo,SP
825,2867,-23.469012,-46.683588,sao paulo,SP
826,2870,-23.461406,-46.677433,sao paulo,SP
827,2871,-23.46278,-46.6754,sao paulo,SP
828,2872,-23.462379,-46.671653,sao paulo,SP
829,2873,-23.457056,-46.682378,sao paulo,SP
830,2874,-23.463816,-46.676299,sao paulo,SP
831,2875,-23.461595,-46.681848,sao paulo,SP
832,2876,-23.462201,-46.691263,sao paulo,SP
833,2877,-23.460426,-46.683649,sao paulo,SP
834,2878,-23.452076,-46.687053,sao paulo,SP
835,2879,-23.448973,-46.69775,sao paulo,SP
836,2880,-23.466672,-46.672452,sao paulo,SP
837,2881,-23.46664,-46.674893,sao paulo,SP
838,2882,-23.470826,-46.668643,sao paulo,SP
839,2883,-23.447177,-46.699999,sao paulo,SP
840,2888,-23.465932,-46.674853,sao paulo,SP
841,2908,-23.502014,-46.700194,sao paulo,SP
842,2909,-23.507133,-46.69891,sao paulo,SP
843,2910,-23.505256,-46.698923,sao paulo,SP
844,2911,-23.504056,-46.703119,sao paulo,SP
845,2912,-23.505454,-46.708869,sao paulo,SP
846,2913,-23.503306,-46.712938,sao paulo,SP
847,2914,-23.502904,-46.710043,sao paulo,SP
848,2915,-23.499709,-46.705579,sao paulo,SP
849,2916,-23.494472,-46.71364,sao paulo,SP
850,2917,-23.49792,-46.713066,sao paulo,SP
851,2918,-23.496209,-46.715931,sao paulo,SP
852,2919,-23.500511,-46.71387,sao paulo,SP
853,2920,-23.490462,-46.720815,sao paulo,SP
854,2921,-23.48855,-46.72377,sao paulo,SP
855,2924,-23.497893,-46.707728,sao paulo,SP
856,2925,-23.501841,-46.69815,sao paulo,SP
857,2926,-23.500035,-46.701927,sao paulo,SP
858,2927,-23.497877,-46.703653,sao paulo,SP
859,2928,-23.499776,-46.695533,sao paulo,SP
860,2929,-23.49295,-46.706192,sao paulo,SP
861,2930,-23.490828,-46.707949,sao paulo,SP
862,2931,-23.497289,-46.709668,sao paulo,SP
863,2932,-23.490901,-46.711511,sao paulo,SP
864,2933,-23.492979,-46.712836,sao paulo,SP
865,2934,-23.487398,-46.705857,sao paulo,SP
866,2935,-23.488916,-46.716452,sao paulo,SP
867,2936,-23.486037,-46.717887,sao paulo,SP
868,2937,-23.484746,-46.720388,sao paulo,SP
869,2938,-23.468794,-46.722493,sao paulo,SP
870,2939,-23.482288,-46.730507,sao paulo,SP
871,2940,-23.480224,-46.723887,sao paulo,SP
872,2941,-23.478807,-46.722735,sao paulo,SP
873,2942,-23.476028,-46.72257,sao paulo,SP
874,2943,-23.476738,-46.725064,sao paulo,SP
875,2944,-23.475453,-46.726012,sao paulo,SP
876,2945,-23.48409,-46.726625,sao paulo,SP
877,2950,-23.478564,-46.719214,sao paulo,SP
878,2951,-23.473559,-46.722299,sao paulo,SP
879,2952,-23.473082,-46.712605,sao paulo,SP
880,2955,-23.468188,-46.720337,sao paulo,SP
881,2956,-23.46913,-46.722668,sao paulo,SP
882,2957,-23.467273,-46.722599,sao paulo,SP
883,2959,-23.491421,-46.699481,sao paulo,SP
884,2960,-23.494919,-46.701436,sao paulo,SP
885,2961,-23.492738,-46.69977,sao paulo,SP
886,2962,-23.489345,-46.702473,sao paulo,SP
887,2963,-23.496974,-46.686185,sao paulo,SP
888,2964,-23.485609,-46.705702,sao paulo,SP
889,2965,-23.483774,-46.706324,sao paulo,SP
890,2966,-23.471334,-46.709566,sao paulo,SP
891,2967,-23.481043,-46.704154,sao paulo,SP
892,2968,-23.479631,-46.707422,sao paulo,SP
893,2969,-23.49379,-46.709731,sao paulo,SP
894,2970,-23.482819,-46.714932,sao paulo,SP
895,2971,-23.484886,-46.708194,sao paulo,SP
896,2972,-23.481158,-46.710536,sao paulo,SP
897,2975,-23.478167,-46.711362,sao paulo,SP
898,2976,-23.476189,-46.715883,sao paulo,SP
899,2977,-23.470572,-46.714481,sao paulo,SP
900,2978,-23.473579,-46.706778,sao paulo,SP
901,2979,-23.476022,-46.697018,sao paulo,SP
902,2981,-23.460055,-46.717251,sao paulo,SP
903,2982,-23.454454,-46.716014,sao paulo,SP
904,2983,-23.451926,-46.718867,sao paulo,SP
905,2984,-23.445001,-46.720553,sao paulo,SP
906,2985,-23.442008,-46.719367,sao paulo,SP
907,2986,-23.433603,-46.714244,sao paulo,SP
908,2987,-23.436607,-46.703945,sao paulo,SP
909,2988,-23.608444,-46.740371,são paulo,SP
910,2989,-23.432302,-46.72115,sao paulo,SP
911,2990,-23.440341,-46.72764,sao paulo,SP
912,2991,-23.43658,-46.727762,sao paulo,SP
913,2992,-23.448915,-46.728708,sao paulo,SP
914,2993,-23.453842,-46.731658,sao paulo,SP
915,2994,-23.45716,-46.734667,sao paulo,SP
916,2995,-23.44629,-46.738538,sao paulo,SP
917,2996,-23.442266,-46.739094,sao paulo,SP
918,2997,-23.535271,-46.680651,sao paulo,SP
919,2998,-23.448015,-46.727857,sao paulo,SP
920,3001,-23.542691,-46.616315,sao paulo,SP
921,3002,-23.544139,-46.618704,sao paulo,SP
922,3003,-23.545433,-46.623663,sao paulo,SP
923,3004,-23.544055,-46.621936,sao paulo,SP
924,3005,-23.542678,-46.624616,sao paulo,SP
925,3006,-23.541955,-46.624522,sao paulo,SP
926,3007,-23.541149,-46.626395,sao paulo,SP
927,3008,-23.542461,-46.620534,sao paulo,SP
928,3009,-23.536282,-46.620419,sao paulo,SP
929,3010,-23.537399,-46.618583,sao paulo,SP
930,3011,-23.538435,-46.614499,sao paulo,SP
931,3012,-23.54023,-46.61474,sao paulo,SP
932,3013,-23.535568,-46.614176,sao paulo,SP
933,3014,-23.538347,-46.601047,sao paulo,SP
934,3015,-23.538304,-46.60049,sao paulo,SP
935,3016,-23.536992,-46.614739,sao paulo,SP
936,3017,-23.536467,-46.610825,sao paulo,SP
937,3018,-23.532212,-46.611464,sao paulo,SP
938,3019,-23.533816,-46.604777,sao paulo,SP
939,3020,-23.533317,-46.602104,sao paulo,SP
940,3021,-23.53171,-46.600366,sao paulo,SP
941,3022,-23.526052,-46.604323,sao paulo,SP
942,3023,-23.532715,-46.610217,sao paulo,SP
943,3024,-23.53045,-46.60945,sao paulo,SP
944,3025,-23.534909,-46.60956,sao paulo,SP
945,3026,-23.531761,-46.611784,sao paulo,SP
946,3027,-23.53415,-46.613693,sao paulo,SP
947,3028,-23.527296,-46.611503,sao paulo,SP
948,3029,-23.530028,-46.617972,sao paulo,SP
949,3030,-23.526707,-46.618229,sao paulo,SP
950,3031,-23.531415,-46.620703,sao paulo,SP
951,3032,-23.531106,-46.621631,sao paulo,SP
952,3033,-23.529913,-46.62414,sao paulo,SP
953,3034,-23.523161,-46.617525,sao paulo,SP
954,3035,-23.525752,-46.614841,sao paulo,SP
955,3036,-23.519649,-46.618599,são paulo,SP
956,3040,-23.549706,-46.623089,sao paulo,SP
957,3041,-23.548865,-46.62015,sao paulo,SP
958,3042,-23.549476,-46.617926,sao paulo,SP
959,3043,-23.547688,-46.616731,sao paulo,SP
960,3044,-23.551692,-46.620908,sao paulo,SP
961,3045,-23.5463,-46.609487,sao paulo,SP
962,3046,-23.544342,-46.61562,sao paulo,SP
963,3047,-23.542003,-46.605586,sao paulo,SP
964,3050,-23.54364,-46.613089,sao paulo,SP
965,3051,-23.544276,-46.608124,sao paulo,SP
966,3052,-23.540841,-46.607076,sao paulo,SP
967,3053,-23.543579,-46.607132,sao paulo,SP
968,3054,-23.542242,-46.60363,sao paulo,SP
969,3055,-23.540229,-46.599776,sao paulo,SP
970,3057,-23.540929,-46.596544,sao paulo,SP
971,3058,-23.538836,-46.589416,sao paulo,SP
972,3059,-23.541149,-46.592038,sao paulo,SP
973,3060,-23.538858,-46.586582,sao paulo,SP
974,3061,-23.539874,-46.584605,sao paulo,SP
975,3062,-23.541016,-46.589199,sao paulo,SP
976,3063,-23.53393,-46.568804,sao paulo,SP
977,3064,-23.533268,-46.567799,sao paulo,SP
978,3065,-23.53747,-46.57893,sao paulo,SP
979,3066,-23.537359,-46.576545,sao paulo,SP
980,3067,-23.537844,-46.573382,sao paulo,SP
981,3068,-23.536651,-46.568428,sao paulo,SP
982,3069,-23.535337,-46.565541,sao paulo,SP
983,3070,-23.537981,-46.567254,sao paulo,SP
984,3071,-23.534117,-46.561261,sao paulo,SP
985,3072,-23.534068,-46.556521,sao paulo,SP
986,3073,-23.532157,-46.556422,sao paulo,SP
987,3074,-23.522231,-46.564649,sao paulo,SP
988,3076,-23.537832,-46.582048,sao paulo,SP
989,3077,-23.531844,-46.580239,sao paulo,SP
990,3080,-23.532873,-46.578264,sao paulo,SP
991,3081,-23.533158,-46.575207,sao paulo,SP
992,3084,-23.533354,-46.571132,sao paulo,SP
993,3085,-23.532873,-46.568818,sao paulo,SP
994,3086,-23.530405,-46.567102,sao paulo,SP
995,3087,-23.530344,-46.567248,sao paulo,SP
996,3088,-23.527573,-46.562163,sao paulo,SP
997,3089,-23.530994,-46.561054,sao paulo,SP
998,3090,-23.528578,-46.557353,sao paulo,SP
999,3101,-23.551647,-46.609882,sao paulo,SP
1000,3102,-23.550903,-46.615651,sao paulo,SP
1001,3103,-23.554155,-46.612365,sao paulo,SP
1002,3104,-23.554343,-46.613569,sao paulo,SP
1003,3105,-23.555937,-46.61891,sao paulo,SP
1004,3106,-23.556339,-46.614967,sao paulo,SP
1005,3107,-23.565316,-46.607022,sao paulo,SP
1006,3108,-23.565977,-46.608363,são paulo,SP
1007,3109,-23.575312,-46.597626,sao paulo,SP
1008,3110,-23.559216,-46.606295,sao paulo,SP
1009,3111,-23.561562,-46.60336,sao paulo,SP
1010,3112,-23.556131,-46.599331,sao paulo,SP
1011,3113,-23.560787,-46.602252,sao paulo,SP
1012,3114,-23.56426,-46.595678,sao paulo,SP
1013,3115,-23.564457,-46.59438,sao paulo,SP
1014,3116,-23.57014,-46.584517,sao paulo,SP
1015,3117,-23.559532,-46.594948,sao paulo,SP
1016,3118,-23.561819,-46.594995,sao paulo,SP
1017,3119,-23.563777,-46.594089,sao paulo,SP
1018,3120,-23.561164,-46.598432,sao paulo,SP
1019,3121,-23.56403,-46.598438,sao paulo,SP
1020,3122,-23.56792,-46.595193,sao paulo,SP
1021,3123,-23.571439,-46.594592,sao paulo,SP
1022,3124,-23.570885,-46.591011,sao paulo,SP
1023,3125,-23.576909,-46.59146,sao paulo,SP
1024,3126,-23.580514,-46.590918,sao paulo,SP
1025,3127,-23.577277,-46.587492,sao paulo,SP
1026,3128,-23.572743,-46.584607,sao paulo,SP
1027,3129,-23.576989,-46.582531,sao paulo,SP
1028,3130,-23.5801,-46.583641,sao paulo,SP
1029,3131,-23.578276,-46.578463,sao paulo,SP
1030,3132,-23.581796,-46.581319,sao paulo,SP
1031,3133,-23.593957,-46.579191,sao paulo,SP
1032,3134,-23.584167,-46.584641,sao paulo,SP
1033,3135,-23.578896,-46.580911,sao paulo,SP
1034,3136,-23.579793,-46.577931,sao paulo,SP
1035,3137,-23.579485,-46.576698,sao paulo,SP
1036,3138,-23.58739,-46.581282,sao paulo,SP
1037,3139,-23.58599,-46.57748,sao paulo,SP
1038,3140,-23.585512,-46.576307,sao paulo,SP
1039,3141,-23.588278,-46.574676,sao paulo,SP
1040,3142,-23.590533,-46.577298,sao paulo,SP
1041,3143,-23.59043,-46.577546,sao paulo,SP
1042,3144,-23.594516,-46.572276,sao paulo,SP
1043,3145,-23.591799,-46.572331,sao paulo,SP
1044,3146,-23.593638,-46.57624,sao paulo,SP
1045,3147,-23.595617,-46.571258,sao paulo,SP
1046,3149,-23.577482,-46.587077,sao paulo,SP
1047,3150,-23.585336,-46.587772,sao paulo,SP
1048,3151,-23.58705,-46.586242,sao paulo,SP
1049,3152,-23.592476,-46.582017,sao paulo,SP
1050,3153,-23.596698,-46.580222,sao paulo,SP
1051,3154,-23.583443,-46.570885,sao paulo,SP
1052,3155,-23.580327,-46.571364,sao paulo,SP
1053,3156,-23.58062,-46.568999,sao paulo,SP
1054,3157,-23.577016,-46.570996,sao paulo,SP
1055,3158,-23.575437,-46.566989,sao paulo,SP
1056,3159,-23.578866,-46.569149,sao paulo,SP
1057,3160,-23.57886,-46.565563,sao paulo,SP
1058,3161,-23.577188,-46.563479,sao paulo,SP
1059,3162,-23.551146,-46.604349,sao paulo,SP
1060,3163,-23.545925,-46.596105,sao paulo,SP
1061,3164,-23.548699,-46.60873,sao paulo,SP
1062,3165,-23.55926,-46.58802,sao paulo,SP
1063,3166,-23.549029,-46.595359,sao paulo,SP
1064,3167,-23.556143,-46.594339,sao paulo,SP
1065,3168,-23.554724,-46.594463,sao paulo,SP
1066,3169,-23.553374,-46.593006,sao paulo,SP
1067,3170,-23.551354,-46.591852,sao paulo,SP
1068,3171,-23.550657,-46.590367,sao paulo,SP
1069,3172,-23.552956,-46.585003,sao paulo,SP
1070,3173,-23.552837,-46.58473,sao paulo,SP
1071,3174,-23.547081,-46.587948,sao paulo,SP
1072,3175,-23.549292,-46.58452,sao paulo,SP
1073,3176,-23.550563,-46.588286,sao paulo,SP
1074,3177,-23.550482,-46.586026,sao paulo,SP
1075,3178,-23.553633,-46.588271,sao paulo,SP
1076,3179,-23.55254,-46.581615,sao paulo,SP
1077,3180,-23.559611,-46.587892,sao paulo,SP
1078,3181,-23.558272,-46.582342,sao paulo,SP
1079,3182,-23.559811,-46.591183,sao paulo,SP
1080,3183,-23.560485,-46.59048,sao paulo,SP
1081,3184,-23.564128,-46.586699,sao paulo,SP
1082,3185,-23.563429,-46.582938,sao paulo,SP
1083,3186,-23.565702,-46.58147,sao paulo,SP
1084,3187,-23.561935,-46.579108,sao paulo,SP
1085,3188,-23.563594,-46.577867,sao paulo,SP
1086,3189,-23.569551,-46.576705,sao paulo,SP
1087,3190,-23.564738,-46.573517,sao paulo,SP
1088,3191,-23.568243,-46.572109,sao paulo,SP
1089,3192,-23.571667,-46.577375,sao paulo,SP
1090,3193,-23.574215,-46.576648,sao paulo,SP
1091,3194,-23.56789,-46.573948,são paulo,SP
1092,3195,-23.570871,-46.581735,sao paulo,SP
1093,3201,-23.59926,-46.573508,sao paulo,SP
1094,3202,-23.599381,-46.569874,sao paulo,SP
1095,3203,-23.590794,-46.575639,sao paulo,SP
1096,3204,-23.595471,-46.559711,sao paulo,SP
1097,3205,-23.602682,-46.566719,sao paulo,SP
1098,3206,-23.598682,-46.562607,sao paulo,SP
1099,3207,-23.600496,-46.562404,sao paulo,SP
1100,3208,-23.598334,-46.556396,sao paulo,SP
1101,3209,-23.601332,-46.55885,sao paulo,SP
1102,3210,-23.59898,-46.552619,sao paulo,SP
1103,3211,-23.600366,-46.553874,sao paulo,SP
1104,3212,-23.604283,-46.560286,sao paulo,SP
1105,3213,-23.606337,-46.560773,sao paulo,SP
1106,3214,-23.608158,-46.561169,sao paulo,SP
1107,3215,-23.607559,-46.556738,sao paulo,SP
1108,3216,-23.608395,-46.555882,sao paulo,SP
1109,3220,-23.60464,-46.529313,sao paulo,SP
1110,3221,-23.600155,-46.53459,sao paulo,SP
1111,3222,-23.586195,-46.559836,sao paulo,SP
1112,3223,-23.589757,-46.559388,sao paulo,SP
1113,3224,-23.590467,-46.560989,sao paulo,SP
1114,3225,-23.585035,-46.556413,sao paulo,SP
1115,3226,-23.592128,-46.567148,sao paulo,SP
1116,3227,-23.58733,-46.572047,sao paulo,SP
1117,3231,-23.650802,-46.658499,são paulo,SP
1118,3236,-23.594296,-46.552763,sao paulo,SP
1119,3237,-23.59368,-46.552294,sao paulo,SP
1120,3238,-23.593983,-46.549234,sao paulo,SP
1121,3239,-23.595324,-46.546187,sao paulo,SP
1122,3240,-23.598382,-46.547286,sao paulo,SP
1123,3241,-23.600253,-46.546596,sao paulo,SP
1124,3242,-23.597635,-46.543789,sao paulo,SP
1125,3243,-23.598948,-46.541907,sao paulo,SP
1126,3244,-23.602934,-46.540234,sao paulo,SP
1127,3245,-23.604039,-46.535358,sao paulo,SP
1128,3249,-23.599342,-46.533392,sao paulo,SP
1129,3250,-23.60583,-46.531785,sao paulo,SP
1130,3251,-23.606266,-46.537285,sao paulo,SP
1131,3252,-23.609247,-46.542306,sao paulo,SP
1132,3253,-23.607111,-46.53119,sao paulo,SP
1133,3254,-23.609776,-46.531135,sao paulo,SP
1134,3255,-23.601544,-46.525877,sao paulo,SP
1135,3256,-23.609819,-46.529667,sao paulo,SP
1136,3257,-23.610696,-46.527642,sao paulo,SP
1137,3258,-23.610271,-46.52628,sao paulo,SP
1138,3259,-23.603561,-46.521754,sao paulo,SP
1139,3260,-23.604149,-46.517672,sao paulo,SP
1140,3261,-23.586685,-46.55184,sao paulo,SP
1141,3262,-23.588364,-46.549857,sao paulo,SP
1142,3263,-23.589227,-46.547901,sao paulo,SP
1143,3264,-23.591075,-46.545096,sao paulo,SP
1144,3265,-23.594883,-46.541304,sao paulo,SP
1145,3266,-23.598429,-46.5367,sao paulo,SP
1146,3267,-23.60089,-46.529346,sao paulo,SP
1147,3268,-23.598809,-46.526587,sao paulo,SP
1148,3269,-23.599879,-46.524229,sao paulo,SP
1149,3270,-23.600749,-46.521002,sao paulo,SP
1150,3271,-23.600607,-46.517846,sao paulo,SP
1151,3272,-23.601467,-46.51454,sao paulo,SP
1152,3273,-23.577267,-46.560282,sao paulo,SP
1153,3274,-23.578325,-46.557341,sao paulo,SP
1154,3275,-23.581962,-46.546347,sao paulo,SP
1155,3276,-23.578957,-46.547353,sao paulo,SP
1156,3277,-23.583274,-46.546528,sao paulo,SP
1157,3278,-23.58214,-46.544047,sao paulo,SP
1158,3279,-23.585102,-46.541449,sao paulo,SP
1159,3280,-23.58331,-46.538036,sao paulo,SP
1160,3281,-23.590834,-46.539942,sao paulo,SP
1161,3282,-23.587782,-46.545935,sao paulo,SP
1162,3283,-23.590073,-46.539234,sao paulo,SP
1163,3284,-23.58757,-46.536905,sao paulo,SP
1164,3286,-23.591055,-46.535258,sao paulo,SP
1165,3287,-23.59549,-46.533087,sao paulo,SP
1166,3288,-23.592711,-46.531928,sao paulo,SP
1167,3289,-23.595096,-46.529344,sao paulo,SP
1168,3294,-23.590469,-46.540796,são paulo,SP
1169,3295,-23.589181,-46.543866,sao paulo,SP
1170,3301,-23.543302,-46.58283,sao paulo,SP
1171,3302,-23.544965,-46.589694,sao paulo,SP
1172,3303,-23.545026,-46.584985,sao paulo,SP
1173,3304,-23.54557,-46.577968,sao paulo,SP
1174,3305,-23.546607,-46.576797,sao paulo,SP
1175,3306,-23.544729,-46.575615,sao paulo,SP
1176,3307,-23.546502,-46.574109,sao paulo,SP
1177,3308,-23.541588,-46.571744,sao paulo,SP
1178,3309,-23.547207,-46.566489,sao paulo,SP
1179,3310,-23.543525,-46.566658,sao paulo,SP
1180,3311,-23.545109,-46.563668,sao paulo,SP
1181,3312,-23.547669,-46.55852,sao paulo,SP
1182,3313,-23.545312,-46.558291,sao paulo,SP
1183,3314,-23.541518,-46.566384,sao paulo,SP
1184,3315,-23.542296,-46.568888,sao paulo,SP
1185,3316,-23.541902,-46.565549,sao paulo,SP
1186,3317,-23.541739,-46.560019,sao paulo,SP
1187,3318,-23.544485,-46.565692,sao paulo,SP
1188,3319,-23.544719,-46.561667,sao paulo,SP
1189,3320,-23.546145,-46.563328,sao paulo,SP
1190,3321,-23.547558,-46.565441,sao paulo,SP
1191,3322,-23.549015,-46.567406,sao paulo,SP
1192,3323,-23.546471,-46.572319,sao paulo,SP
1193,3324,-23.551259,-46.565922,sao paulo,SP
1194,3325,-23.55273,-46.556673,sao paulo,SP
1195,3330,-23.545385,-46.585327,sao paulo,SP
1196,3331,-23.54925,-46.581083,sao paulo,SP
1197,3332,-23.551758,-46.575392,sao paulo,SP
1198,3333,-23.555997,-46.56952,sao paulo,SP
1199,3334,-23.553536,-46.572703,sao paulo,SP
1200,3335,-23.554913,-46.568392,sao paulo,SP
1201,3336,-23.553855,-46.562651,sao paulo,SP
1202,3337,-23.556336,-46.561889,sao paulo,SP
1203,3338,-23.559795,-46.560483,sao paulo,SP
1204,3340,-23.570306,-46.551182,sao paulo,SP
1205,3342,-23.560575,-46.565268,sao paulo,SP
1206,3343,-23.559738,-46.570488,sao paulo,SP
1207,3344,-23.560721,-46.572726,sao paulo,SP
1208,3345,-23.571334,-46.563627,sao paulo,SP
1209,3346,-23.560624,-46.571191,sao paulo,SP
1210,3347,-23.562543,-46.567194,sao paulo,SP
1211,3348,-23.566088,-46.5623,sao paulo,SP
1212,3349,-23.567023,-46.563096,sao paulo,SP
1213,3350,-23.569649,-46.565971,sao paulo,SP
1214,3351,-23.572137,-46.564076,sao paulo,SP
1215,3355,-23.560287,-46.553136,sao paulo,SP
1216,3356,-23.565773,-46.545483,sao paulo,SP
1217,3357,-23.564913,-46.555069,sao paulo,SP
1218,3358,-23.565952,-46.550147,sao paulo,SP
1219,3359,-23.567027,-46.549096,sao paulo,SP
1220,3360,-23.569262,-46.544696,sao paulo,SP
1221,3361,-23.572022,-46.531073,sao paulo,SP
1222,3362,-23.564991,-46.542809,sao paulo,SP
1223,3363,-23.562861,-46.539407,sao paulo,SP
1224,3364,-23.565311,-46.537781,sao paulo,SP
1225,3365,-23.569991,-46.537137,sao paulo,SP
1226,3366,-23.564636,-46.534401,sao paulo,SP
1227,3367,-23.569255,-46.534785,sao paulo,SP
1228,3370,-23.570029,-46.559239,sao paulo,SP
1229,3371,-23.571144,-46.547926,sao paulo,SP
1230,3372,-23.570588,-46.555757,sao paulo,SP
1231,3373,-23.57331,-46.552794,sao paulo,SP
1232,3374,-23.586161,-46.534157,sao paulo,SP
1233,3375,-23.574023,-46.548776,sao paulo,SP
1234,3376,-23.577444,-46.542866,sao paulo,SP
1235,3377,-23.574823,-46.542729,sao paulo,SP
1236,3378,-23.570946,-46.538367,sao paulo,SP
1237,3379,-23.575941,-46.537575,sao paulo,SP
1238,3380,-23.576608,-46.532226,sao paulo,SP
1239,3381,-23.578174,-46.533106,sao paulo,SP
1240,3382,-23.580059,-46.531201,sao paulo,SP
1241,3383,-23.582262,-46.530811,sao paulo,SP
1242,3384,-23.577955,-46.522792,sao paulo,SP
1243,3385,-23.582722,-46.525334,sao paulo,SP
1244,3386,-23.57719,-46.540948,sao paulo,SP
1245,3387,-23.585809,-46.529338,sao paulo,SP
1246,3388,-23.588195,-46.529819,sao paulo,SP
1247,3389,-23.590027,-46.527924,sao paulo,SP
1248,3390,-23.592201,-46.525971,sao paulo,SP
1249,3401,-23.548226,-46.554946,sao paulo,SP
1250,3402,-23.546288,-46.54141,sao paulo,SP
1251,3403,-23.545615,-46.542727,sao paulo,SP
1252,3404,-23.537856,-46.553618,sao paulo,SP
1253,3405,-23.538166,-46.549185,sao paulo,SP
1254,3406,-23.541168,-46.545775,sao paulo,SP
1255,3407,-23.543114,-46.550738,sao paulo,SP
1256,3408,-23.547836,-46.55325,sao paulo,SP
1257,3409,-23.54742,-46.550718,sao paulo,SP
1258,3410,-23.550488,-46.55138,sao paulo,SP
1259,3411,-23.547909,-46.547446,sao paulo,SP
1260,3412,-23.555603,-46.55111,sao paulo,SP
1261,3413,-23.554867,-46.548098,sao paulo,SP
1262,3414,-23.560545,-46.548626,sao paulo,SP
1263,3415,-23.559447,-46.545396,sao paulo,SP
1264,3416,-23.561183,-46.548894,sao paulo,SP
1265,3417,-23.540101,-46.548232,sao paulo,SP
1266,3420,-23.549429,-46.545728,sao paulo,SP
1267,3421,-23.551823,-46.545348,sao paulo,SP
1268,3422,-23.555357,-46.543359,sao paulo,SP
1269,3423,-23.550583,-46.541054,sao paulo,SP
1270,3424,-23.552042,-46.540645,sao paulo,SP
1271,3425,-23.555294,-46.539777,sao paulo,SP
1272,3426,-23.552353,-46.536647,sao paulo,SP
1273,3427,-23.552955,-46.536645,sao paulo,SP
1274,3428,-23.553364,-46.538627,sao paulo,SP
1275,3429,-23.553737,-46.535536,sao paulo,SP
1276,3430,-23.549669,-46.53797,sao paulo,SP
1277,3431,-23.55118,-46.537314,sao paulo,SP
1278,3432,-23.55813,-46.536685,sao paulo,SP
1279,3433,-23.560271,-46.534183,sao paulo,SP
1280,3434,-23.55947,-46.532873,sao paulo,SP
1281,3435,-23.558093,-46.530845,sao paulo,SP
1282,3436,-23.55956,-46.531456,sao paulo,SP
1283,3437,-23.558381,-46.529026,sao paulo,SP
1284,3438,-23.55856,-46.527116,sao paulo,SP
1285,3440,-23.544583,-46.542945,sao paulo,SP
1286,3441,-23.546805,-46.536731,sao paulo,SP
1287,3442,-23.543872,-46.539763,sao paulo,SP
1288,3443,-23.544019,-46.535957,sao paulo,SP
1289,3444,-23.545003,-46.534075,sao paulo,SP
1290,3445,-23.548793,-46.528657,sao paulo,SP
1291,3446,-23.550462,-46.528889,sao paulo,SP
1292,3447,-23.553423,-46.525282,sao paulo,SP
1293,3448,-23.55409,-46.522603,sao paulo,SP
1294,3449,-23.556198,-46.523012,sao paulo,SP
1295,3450,-23.555772,-46.518639,sao paulo,SP
1296,3451,-23.558649,-46.518887,sao paulo,SP
1297,3452,-23.56812,-46.510344,sao paulo,SP
1298,3453,-23.564624,-46.513954,sao paulo,SP
1299,3454,-23.563172,-46.512422,sao paulo,SP
1300,3455,-23.565568,-46.509677,sao paulo,SP
1301,3456,-23.56927,-46.50651,sao paulo,SP
1302,3460,-23.565351,-46.518893,sao paulo,SP
1303,3461,-23.56981,-46.525513,sao paulo,SP
1304,3462,-23.573838,-46.527731,sao paulo,SP
1305,3463,-23.571947,-46.529827,sao paulo,SP
1306,3470,-23.569294,-46.522432,sao paulo,SP
1307,3471,-23.565754,-46.519097,sao paulo,SP
1308,3472,-23.573947,-46.521854,sao paulo,SP
1309,3474,-23.572751,-46.514621,sao paulo,SP
1310,3475,-23.574749,-46.516076,sao paulo,SP
1311,3476,-23.572413,-46.51203,sao paulo,SP
1312,3477,-23.568176,-46.512489,sao paulo,SP
1313,3478,-23.57136,-46.513469,sao paulo,SP
1314,3479,-23.575787,-46.508342,sao paulo,SP
1315,3480,-23.578152,-46.507191,sao paulo,SP
1316,3490,-23.55587,-46.516522,sao paulo,SP
1317,3501,-23.533448,-46.540273,sao paulo,SP
1318,3502,-23.536411,-46.54235,sao paulo,SP
1319,3503,-23.537075,-46.541725,sao paulo,SP
1320,3504,-23.537734,-46.538297,sao paulo,SP
1321,3505,-23.535177,-46.538798,sao paulo,SP
1322,3506,-23.537897,-46.535556,sao paulo,SP
1323,3507,-23.537752,-46.538557,sao paulo,SP
1324,3508,-23.535546,-46.53233,sao paulo,SP
1325,3509,-23.535749,-46.529211,sao paulo,SP
1326,3510,-23.538963,-46.53084,sao paulo,SP
1327,3511,-23.534944,-46.527399,sao paulo,SP
1328,3512,-23.539372,-46.526688,sao paulo,SP
1329,3513,-23.536712,-46.522789,sao paulo,SP
1330,3514,-23.533172,-46.516784,sao paulo,SP
1331,3515,-23.539768,-46.531526,sao paulo,SP
1332,3516,-23.541536,-46.524713,sao paulo,SP
1333,3517,-23.543725,-46.528333,sao paulo,SP
1334,3518,-23.544528,-46.524263,sao paulo,SP
1335,3519,-23.546789,-46.523088,sao paulo,SP
1336,3520,-23.546976,-46.521557,sao paulo,SP
1337,3521,-23.547716,-46.518602,sao paulo,SP
1338,3522,-23.548038,-46.519065,sao paulo,SP
1339,3523,-23.550176,-46.516543,sao paulo,SP
1340,3524,-23.548484,-46.514218,sao paulo,SP
1341,3525,-23.548455,-46.518519,sao paulo,SP
1342,3526,-23.551522,-46.504655,sao paulo,SP
1343,3527,-23.545999,-46.529005,sao paulo,SP
1344,3530,-23.538818,-46.520118,sao paulo,SP
1345,3531,-23.541182,-46.518306,sao paulo,SP
1346,3532,-23.542159,-46.515689,sao paulo,SP
1347,3533,-23.544496,-46.517029,sao paulo,SP
1348,3534,-23.54579,-46.509846,sao paulo,SP
1349,3535,-23.544571,-46.507009,sao paulo,SP
1350,3540,-23.535083,-46.499528,sao paulo,SP
1351,3541,-23.535341,-46.517348,sao paulo,SP
1352,3542,-23.531309,-46.515836,sao paulo,SP
1353,3543,-23.535163,-46.515008,sao paulo,SP
1354,3544,-23.531594,-46.510875,sao paulo,SP
1355,3545,-23.532439,-46.512275,sao paulo,SP
1356,3546,-23.53562,-46.509637,sao paulo,SP
1357,3547,-23.537988,-46.51277,sao paulo,SP
1358,3548,-23.540757,-46.51061,sao paulo,SP
1359,3550,-23.531368,-46.507117,sao paulo,SP
1360,3551,-23.533192,-46.503516,sao paulo,SP
1361,3552,-23.535384,-46.504114,sao paulo,SP
1362,3553,-23.534147,-46.506662,sao paulo,SP
1363,3554,-23.53795,-46.506476,sao paulo,SP
1364,3555,-23.538529,-46.498757,sao paulo,SP
1365,3556,-23.53991,-46.500753,sao paulo,SP
1366,3557,-23.541558,-46.504961,sao paulo,SP
1367,3558,-23.543994,-46.502064,sao paulo,SP
1368,3559,-23.546736,-46.502523,sao paulo,SP
1369,3560,-23.547564,-46.499696,sao paulo,SP
1370,3561,-23.547858,-46.494903,sao paulo,SP
1371,3562,-23.544866,-46.496607,sao paulo,SP
1372,3563,-23.546393,-46.491914,sao paulo,SP
1373,3564,-23.535396,-46.496853,sao paulo,SP
1374,3565,-23.538685,-46.494574,sao paulo,SP
1375,3566,-23.540194,-46.497483,sao paulo,SP
1376,3567,-23.539993,-46.489568,sao paulo,SP
1377,3568,-23.5421,-46.48482,sao paulo,SP
1378,3569,-23.543288,-46.490179,sao paulo,SP
1379,3570,-23.566089,-46.487129,sao paulo,SP
1380,3571,-23.569433,-46.48596,sao paulo,SP
1381,3572,-23.573972,-46.497549,sao paulo,SP
1382,3573,-23.55744,-46.509475,sao paulo,SP
1383,3574,-23.554826,-46.512177,sao paulo,SP
1384,3575,-23.556547,-46.507824,sao paulo,SP
1385,3576,-23.552234,-46.50799,sao paulo,SP
1386,3577,-23.553084,-46.503171,sao paulo,SP
1387,3578,-23.558294,-46.504563,sao paulo,SP
1388,3579,-23.563314,-46.495901,sao paulo,SP
1389,3580,-23.553209,-46.499936,sao paulo,SP
1390,3581,-23.555765,-46.499553,sao paulo,SP
1391,3582,-23.557327,-46.497647,sao paulo,SP
1392,3583,-23.558035,-46.494126,sao paulo,SP
1393,3584,-23.560303,-46.486585,sao paulo,SP
1394,3585,-23.565721,-46.491715,sao paulo,SP
1395,3586,-23.556159,-46.488827,sao paulo,SP
1396,3587,-23.556181,-46.487445,sao paulo,SP
1397,3588,-23.558271,-46.486939,sao paulo,SP
1398,3589,-23.551643,-46.486666,sao paulo,SP
1399,3590,-23.546454,-46.483508,sao paulo,SP
1400,3591,-23.550671,-46.480292,sao paulo,SP
1401,3601,-23.514559,-46.521089,sao paulo,SP
1402,3602,-23.535196,-46.581423,sao paulo,SP
1403,3603,-23.524414,-46.550174,sao paulo,SP
1404,3604,-23.523522,-46.550357,sao paulo,SP
1405,3605,-23.521384,-46.549862,sao paulo,SP
1406,3606,-23.522569,-46.547561,sao paulo,SP
1407,3607,-23.519288,-46.540492,sao paulo,SP
1408,3608,-23.516721,-46.543124,sao paulo,SP
1409,3609,-23.516019,-46.541782,sao paulo,SP
1410,3610,-23.51982,-46.539699,sao paulo,SP
1411,3611,-23.519477,-46.537679,sao paulo,SP
1412,3612,-23.517573,-46.535802,sao paulo,SP
1413,3613,-23.519096,-46.533432,sao paulo,SP
1414,3614,-23.517283,-46.531898,sao paulo,SP
1415,3615,-23.51829,-46.529938,sao paulo,SP
1416,3616,-23.518028,-46.527698,sao paulo,SP
1417,3617,-23.517969,-46.525445,sao paulo,SP
1418,3618,-23.515968,-46.522099,sao paulo,SP
1419,3619,-23.513342,-46.513885,sao paulo,SP
1420,3620,-23.531693,-46.544982,sao paulo,SP
1421,3621,-23.519845,-46.52231,sao paulo,SP
1422,3622,-23.5203,-46.518731,sao paulo,SP
1423,3623,-23.51879,-46.516177,sao paulo,SP
1424,3624,-23.514924,-46.514982,sao paulo,SP
1425,3625,-23.515966,-46.511888,sao paulo,SP
1426,3626,-23.513504,-46.509526,sao paulo,SP
1427,3627,-23.511984,-46.505973,sao paulo,SP
1428,3630,-23.532699,-46.550334,sao paulo,SP
1429,3631,-23.53054,-46.551015,sao paulo,SP
1430,3632,-23.52826,-46.549463,sao paulo,SP
1431,3633,-23.529573,-46.546012,sao paulo,SP
1432,3634,-23.525161,-46.546778,sao paulo,SP
1433,3635,-23.51731,-46.519781,sao paulo,SP
1434,3636,-23.522134,-46.529128,sao paulo,SP
1435,3637,-23.524698,-46.543385,sao paulo,SP
1436,3638,-23.528266,-46.541468,sao paulo,SP
1437,3639,-23.526054,-46.540086,sao paulo,SP
1438,3640,-23.530572,-46.539006,sao paulo,SP
1439,3641,-23.520822,-46.550217,sao paulo,SP
1440,3642,-23.526621,-46.535627,sao paulo,SP
1441,3643,-23.528097,-46.534302,sao paulo,SP
1442,3644,-23.526467,-46.533524,sao paulo,SP
1443,3645,-23.52635,-46.531413,sao paulo,SP
1444,3646,-23.526392,-46.529409,sao paulo,SP
1445,3647,-23.525524,-46.52769,sao paulo,SP
1446,3648,-23.525221,-46.529508,sao paulo,SP
1447,3649,-23.527499,-46.523889,sao paulo,SP
1448,3650,-23.527215,-46.522941,sao paulo,SP
1449,3651,-23.527081,-46.519984,sao paulo,SP
1450,3652,-23.515215,-46.506625,sao paulo,SP
1451,3653,-23.518328,-46.511636,sao paulo,SP
1452,3654,-23.525243,-46.516855,sao paulo,SP
1453,3655,-23.525436,-46.513769,sao paulo,SP
1454,3656,-23.525559,-46.510007,sao paulo,SP
1455,3657,-23.527712,-46.503874,sao paulo,SP
1456,3658,-23.527947,-46.501047,sao paulo,SP
1457,3659,-23.521589,-46.511511,sao paulo,SP
1458,3660,-23.522257,-46.50714,sao paulo,SP
1459,3661,-23.523802,-46.502905,sao paulo,SP
1460,3662,-23.522766,-46.499923,sao paulo,SP
1461,3663,-23.524706,-46.500564,sao paulo,SP
1462,3664,-23.525404,-46.498401,sao paulo,SP
1463,3665,-23.526927,-46.496807,sao paulo,SP
1464,3666,-23.528391,-46.495447,sao paulo,SP
1465,3667,-23.531151,-46.49452,sao paulo,SP
1466,3668,-23.533346,-46.48992,sao paulo,SP
1467,3669,-23.531854,-46.491269,sao paulo,SP
1468,3670,-23.517026,-46.506705,sao paulo,SP
1469,3671,-23.517564,-46.503658,sao paulo,SP
1470,3672,-23.516275,-46.502614,sao paulo,SP
1471,3673,-23.514853,-46.502639,sao paulo,SP
1472,3674,-23.518567,-46.49962,sao paulo,SP
1473,3675,-23.519228,-46.497299,sao paulo,SP
1474,3676,-23.518387,-46.493509,sao paulo,SP
1475,3677,-23.525372,-46.506568,sao paulo,SP
1476,3678,-23.517679,-46.489935,sao paulo,SP
1477,3679,-23.519599,-46.489065,sao paulo,SP
1478,3680,-23.52351,-46.489236,sao paulo,SP
1479,3681,-23.522338,-46.486665,sao paulo,SP
1480,3682,-23.519764,-46.48254,sao paulo,SP
1481,3683,-23.521707,-46.481976,sao paulo,SP
1482,3685,-23.524339,-46.478764,sao paulo,SP
1483,3687,-23.526548,-46.486305,sao paulo,SP
1484,3688,-23.528629,-46.484639,sao paulo,SP
1485,3689,-23.529407,-46.481558,sao paulo,SP
1486,3690,-23.528482,-46.478232,sao paulo,SP
1487,3691,-23.534156,-46.483491,sao paulo,SP
1488,3692,-23.533286,-46.480417,sao paulo,SP
1489,3693,-23.53172,-46.476711,sao paulo,SP
1490,3694,-23.535448,-46.477485,sao paulo,SP
1491,3695,-23.524404,-46.495877,sao paulo,SP
1492,3701,-23.513396,-46.55026,sao paulo,SP
1493,3702,-23.515892,-46.547523,sao paulo,SP
1494,3703,-23.514146,-46.550372,sao paulo,SP
1495,3704,-23.515382,-46.553702,sao paulo,SP
1496,3707,-23.507423,-46.544303,sao paulo,SP
1497,3710,-23.511756,-46.548927,sao paulo,SP
1498,3711,-23.507603,-46.529132,sao paulo,SP
1499,3712,-23.507717,-46.528212,sao paulo,SP
1500,3713,-23.510684,-46.54593,sao paulo,SP
1501,3714,-23.507727,-46.540547,sao paulo,SP
1502,3715,-23.506502,-46.53751,sao paulo,SP
1503,3716,-23.504759,-46.533703,sao paulo,SP
1504,3717,-23.516369,-46.535936,sao paulo,SP
1505,3718,-23.498561,-46.529509,sao paulo,SP
1506,3720,-23.502606,-46.52993,sao paulo,SP
1507,3721,-23.502965,-46.524605,sao paulo,SP
1508,3725,-23.49981,-46.518536,sao paulo,SP
1509,3726,-23.501131,-46.516473,sao paulo,SP
1510,3727,-23.502624,-46.513016,sao paulo,SP
1511,3728,-23.500908,-46.50942,sao paulo,SP
1512,3729,-23.501079,-46.504949,sao paulo,SP
1513,3730,-23.538697,-46.566003,sao paulo,SP
1514,3731,-23.510895,-46.536939,sao paulo,SP
1515,3732,-23.511382,-46.533201,sao paulo,SP
1516,3733,-23.510427,-46.528634,sao paulo,SP
1517,3734,-23.509652,-46.525281,sao paulo,SP
1518,3735,-23.509289,-46.521017,sao paulo,SP
1519,3736,-23.508361,-46.516464,sao paulo,SP
1520,3737,-23.508959,-46.512218,sao paulo,SP
1521,3738,-23.507502,-46.507509,sao paulo,SP
1522,3739,-23.514007,-46.546383,sao paulo,SP
1523,3755,-23.511499,-46.502967,sao paulo,SP
1524,3756,-23.506586,-46.5036,sao paulo,SP
1525,3757,-23.507216,-46.497022,sao paulo,SP
1526,3758,-23.504316,-46.499999,sao paulo,SP
1527,3759,-23.502795,-46.493469,sao paulo,SP
1528,3801,-23.502702,-46.489975,sao paulo,SP
1529,3802,-23.502104,-46.485583,sao paulo,SP
1530,3803,-23.49554,-46.487349,sao paulo,SP
1531,3804,-23.498739,-46.483079,sao paulo,SP
1532,3805,-23.504339,-46.480599,sao paulo,SP
1533,3806,-23.496731,-46.477898,sao paulo,SP
1534,3807,-23.498973,-46.47287,sao paulo,SP
1535,3808,-23.494148,-46.474569,sao paulo,SP
1536,3809,-23.490646,-46.476651,sao paulo,SP
1537,3810,-23.489199,-46.473303,sao paulo,SP
1538,3811,-23.491213,-46.482832,sao paulo,SP
1539,3812,-23.488782,-46.479634,sao paulo,SP
1540,3813,-23.488662,-46.469964,sao paulo,SP
1541,3814,-23.489068,-46.484839,sao paulo,SP
1542,3816,-23.488911,-46.488951,sao paulo,SP
1543,3817,-23.492587,-46.492593,sao paulo,SP
1544,3818,-23.497542,-46.494057,sao paulo,SP
1545,3819,-23.499424,-46.497364,sao paulo,SP
1546,3820,-23.49605,-46.502772,sao paulo,SP
1547,3821,-23.499196,-46.503718,sao paulo,SP
1548,3822,-23.500059,-46.49494,sao paulo,SP
1549,3823,-23.497842,-46.486834,sao paulo,SP
1550,3827,-23.484097,-46.480244,sao paulo,SP
1551,3828,-23.481397,-46.493001,sao paulo,SP
1552,3831,-23.587052,-46.580321,são paulo,SP
1553,3840,-23.601538,-46.461675,são paulo,SP
1554,3870,-23.507943,-46.488409,sao paulo,SP
1555,3871,-23.508227,-46.492486,sao paulo,SP
1556,3872,-23.51246,-46.500821,sao paulo,SP
1557,3873,-23.510575,-46.496282,sao paulo,SP
1558,3874,-23.512503,-46.495361,sao paulo,SP
1559,3875,-23.513485,-46.495991,sao paulo,SP
1560,3876,-23.511202,-46.494263,sao paulo,SP
1561,3877,-23.511426,-46.491444,sao paulo,SP
1562,3878,-23.510486,-46.493772,sao paulo,SP
1563,3880,-23.508339,-46.485388,sao paulo,SP
1564,3881,-23.509949,-46.488361,sao paulo,SP
1565,3882,-23.511456,-46.484904,sao paulo,SP
1566,3883,-23.508929,-46.482173,sao paulo,SP
1567,3884,-23.512308,-46.480788,sao paulo,SP
1568,3886,-23.509641,-46.480846,sao paulo,SP
1569,3887,-23.510919,-46.478528,sao paulo,SP
1570,3888,-23.508606,-46.479199,sao paulo,SP
1571,3889,-23.512543,-46.477004,sao paulo,SP
1572,3890,-23.515674,-46.488641,sao paulo,SP
1573,3891,-23.513066,-46.489304,sao paulo,SP
1574,3892,-23.513607,-46.48673,sao paulo,SP
1575,3893,-23.514659,-46.483997,sao paulo,SP
1576,3894,-23.515467,-46.481833,sao paulo,SP
1577,3895,-23.515583,-46.479311,sao paulo,SP
1578,3896,-23.513832,-46.480079,sao paulo,SP
1579,3901,-23.578467,-46.512428,sao paulo,SP
1580,3904,-23.578233,-46.518479,sao paulo,SP
1581,3905,-23.579993,-46.514878,sao paulo,SP
1582,3906,-23.581287,-46.511404,sao paulo,SP
1583,3907,-23.587217,-46.507818,sao paulo,SP
1584,3908,-23.582595,-46.506968,sao paulo,SP
1585,3909,-23.58464,-46.511388,sao paulo,SP
1586,3910,-23.584855,-46.515524,sao paulo,SP
1587,3911,-23.581983,-46.519255,sao paulo,SP
1588,3912,-23.582711,-46.522297,sao paulo,SP
1589,3916,-23.588533,-46.511321,sao paulo,SP
1590,3917,-23.586474,-46.521062,sao paulo,SP
1591,3918,-23.591062,-46.520318,sao paulo,SP
1592,3919,-23.593128,-46.523433,sao paulo,SP
1593,3920,-23.597744,-46.527163,sao paulo,SP
1594,3921,-23.589559,-46.516642,sao paulo,SP
1595,3922,-23.595061,-46.516266,sao paulo,SP
1596,3923,-23.592178,-46.511214,sao paulo,SP
1597,3924,-23.59043,-46.502135,sao paulo,SP
1598,3925,-23.606173,-46.536384,sao paulo,SP
1599,3926,-23.599212,-46.501722,sao paulo,SP
1600,3927,-23.60275,-46.498736,sao paulo,SP
1601,3928,-23.60578,-46.501896,sao paulo,SP
1602,3929,-23.605465,-46.490371,sao paulo,SP
1603,3930,-23.580527,-46.497894,sao paulo,SP
1604,3931,-23.581613,-46.494718,sao paulo,SP
1605,3932,-23.582628,-46.50094,sao paulo,SP
1606,3933,-23.585019,-46.498841,sao paulo,SP
1607,3934,-23.590082,-46.50211,sao paulo,SP
1608,3935,-23.587812,-46.50328,sao paulo,SP
1609,3936,-23.590473,-46.496527,sao paulo,SP
1610,3937,-23.586179,-46.499652,sao paulo,SP
1611,3938,-23.595218,-46.503973,sao paulo,SP
1612,3939,-23.593634,-46.503226,sao paulo,SP
1613,3940,-23.592856,-46.500335,sao paulo,SP
1614,3941,-23.595811,-46.498646,sao paulo,SP
1615,3942,-23.594392,-46.497112,sao paulo,SP
1616,3943,-23.597899,-46.494401,sao paulo,SP
1617,3944,-23.60215,-46.493681,sao paulo,SP
1618,3945,-23.597808,-46.490763,sao paulo,SP
1619,3946,-23.596596,-46.49018,sao paulo,SP
1620,3947,-23.59083,-46.493174,sao paulo,SP
1621,3948,-23.590987,-46.491808,sao paulo,SP
1622,3949,-23.600193,-46.483866,sao paulo,SP
1623,3950,-23.594168,-46.48034,sao paulo,SP
1624,3951,-23.587497,-46.488531,sao paulo,SP
1625,3952,-23.589533,-46.483199,sao paulo,SP
1626,3953,-23.593413,-46.482217,sao paulo,SP
1627,3958,-23.59641,-46.485462,sao paulo,SP
1628,3959,-23.596779,-46.483753,sao paulo,SP
1629,3960,-23.596721,-46.482331,sao paulo,SP
1630,3961,-23.601547,-46.48438,sao paulo,SP
1631,3962,-23.605762,-46.481389,sao paulo,SP
1632,3963,-23.609499,-46.479952,sao paulo,SP
1633,3964,-23.604237,-46.47557,sao paulo,SP
1634,3965,-23.601843,-46.476884,sao paulo,SP
1635,3966,-23.598,-46.477429,sao paulo,SP
1636,3967,-23.60267,-46.473884,sao paulo,SP
1637,3968,-23.602726,-46.472483,sao paulo,SP
1638,3969,-23.608201,-46.48974,sao paulo,SP
1639,3970,-23.614088,-46.479402,sao paulo,SP
1640,3971,-23.610143,-46.484779,sao paulo,SP
1641,3972,-23.616037,-46.481798,sao paulo,SP
1642,3973,-23.620093,-46.48114,sao paulo,SP
1643,3974,-23.616006,-46.484406,sao paulo,SP
1644,3975,-23.608628,-46.50083,sao paulo,SP
1645,3976,-23.611978,-46.497442,sao paulo,SP
1646,3977,-23.615849,-46.498987,sao paulo,SP
1647,3978,-23.620928,-46.504535,sao paulo,SP
1648,3979,-23.617323,-46.508686,sao paulo,SP
1649,3980,-23.616136,-46.512777,sao paulo,SP
1650,3981,-23.613419,-46.51677,sao paulo,SP
1651,3982,-23.611514,-46.512358,sao paulo,SP
1652,3983,-23.609845,-46.508178,sao paulo,SP
1653,3984,-23.606931,-46.512405,sao paulo,SP
1654,3985,-23.606403,-46.516766,sao paulo,SP
1655,3986,-23.608937,-46.5216,sao paulo,SP
1656,3987,-23.603271,-46.511034,sao paulo,SP
1657,3988,-23.602072,-46.514783,sao paulo,SP
1658,3989,-23.612306,-46.484737,sao paulo,SP
1659,4001,-23.573007,-46.650038,sao paulo,SP
1660,4002,-23.571181,-46.64685,sao paulo,SP
1661,4003,-23.573753,-46.646962,sao paulo,SP
1662,4004,-23.573844,-46.646357,sao paulo,SP
1663,4005,-23.576411,-46.648759,sao paulo,SP
1664,4006,-23.576862,-46.646841,sao paulo,SP
1665,4007,-23.580623,-46.655729,sao paulo,SP
1666,4008,-23.580769,-46.651863,sao paulo,SP
1667,4009,-23.588411,-46.636424,sao paulo,SP
1668,4010,-23.585034,-46.637445,sao paulo,SP
1669,4011,-23.579494,-46.644335,sao paulo,SP
1670,4012,-23.582961,-46.647028,sao paulo,SP
1671,4013,-23.578434,-46.642434,sao paulo,SP
1672,4014,-23.584514,-46.643565,sao paulo,SP
1673,4015,-23.586624,-46.643988,sao paulo,SP
1674,4016,-23.588436,-46.644096,sao paulo,SP
1675,4017,-23.588187,-46.637967,sao paulo,SP
1676,4018,-23.587097,-46.641672,sao paulo,SP
1677,4019,-23.590208,-46.645549,sao paulo,SP
1678,4020,-23.593146,-46.63914,sao paulo,SP
1679,4021,-23.593192,-46.643505,sao paulo,SP
1680,4022,-23.594046,-46.646296,sao paulo,SP
1681,4023,-23.592984,-46.642417,sao paulo,SP
1682,4024,-23.600352,-46.644619,sao paulo,SP
1683,4025,-23.597977,-46.646268,sao paulo,SP
1684,4026,-23.599861,-46.648114,sao paulo,SP
1685,4027,-23.600031,-46.652985,sao paulo,SP
1686,4028,-23.604861,-46.663328,sao paulo,SP
1687,4029,-23.602241,-46.660799,sao paulo,SP
1688,4030,-23.593086,-46.656055,sao paulo,SP
1689,4031,-23.594168,-46.658661,sao paulo,SP
1690,4032,-23.595489,-46.659362,sao paulo,SP
1691,4035,-23.595269,-46.636579,sao paulo,SP
1692,4036,-23.597195,-46.636666,sao paulo,SP
1693,4037,-23.595529,-46.644006,sao paulo,SP
1694,4038,-23.597068,-46.644009,sao paulo,SP
1695,4039,-23.59732,-46.643843,sao paulo,SP
1696,4040,-23.599585,-46.63735,sao paulo,SP
1697,4041,-23.601417,-46.644406,sao paulo,SP
1698,4042,-23.602764,-46.643435,sao paulo,SP
1699,4043,-23.60704,-46.642819,sao paulo,SP
1700,4044,-23.60067,-46.639874,sao paulo,SP
1701,4045,-23.61873,-46.639816,sao paulo,SP
1702,4046,-23.618377,-46.640153,sao paulo,SP
1703,4047,-23.609608,-46.64246,sao paulo,SP
1704,4048,-23.627093,-46.639888,sao paulo,SP
1705,4049,-23.606444,-46.639691,sao paulo,SP
1706,4050,-23.606489,-46.644744,sao paulo,SP
1707,4051,-23.608297,-46.643957,sao paulo,SP
1708,4052,-23.610886,-46.640389,sao paulo,SP
1709,4053,-23.614209,-46.642744,sao paulo,SP
1710,4054,-23.616596,-46.642582,sao paulo,SP
1711,4055,-23.619006,-46.641298,sao paulo,SP
1712,4057,-23.610047,-46.646527,sao paulo,SP
1713,4058,-23.610279,-46.648223,sao paulo,SP
1714,4059,-23.616445,-46.64507,sao paulo,SP
1715,4060,-23.612367,-46.648326,sao paulo,SP
1716,4061,-23.61474,-46.648542,sao paulo,SP
1717,4062,-23.61733,-46.648755,sao paulo,SP
1718,4063,-23.613811,-46.650218,sao paulo,SP
1719,4064,-23.618752,-46.649263,sao paulo,SP
1720,4065,-23.620987,-46.64927,sao paulo,SP
1721,4066,-23.614141,-46.651726,sao paulo,SP
1722,4067,-23.614813,-46.651836,sao paulo,SP
1723,4068,-23.621105,-46.647283,sao paulo,SP
1724,4069,-23.62352,-46.643163,sao paulo,SP
1725,4070,-23.627394,-46.646791,sao paulo,SP
1726,4071,-23.624648,-46.652075,sao paulo,SP
1727,4072,-23.62423,-46.652449,sao paulo,SP
1728,4074,-23.608297,-46.654509,sao paulo,SP
1729,4075,-23.602964,-46.65772,sao paulo,SP
1730,4076,-23.607005,-46.656702,sao paulo,SP
1731,4077,-23.607875,-46.657522,sao paulo,SP
1732,4078,-23.606797,-46.658415,sao paulo,SP
1733,4079,-23.608466,-46.658926,sao paulo,SP
1734,4080,-23.609156,-46.660543,sao paulo,SP
1735,4081,-23.610228,-46.661738,sao paulo,SP
1736,4082,-23.612603,-46.66062,sao paulo,SP
1737,4083,-23.613659,-46.661105,sao paulo,SP
1738,4084,-23.615025,-46.661093,sao paulo,SP
1739,4085,-23.614982,-46.66189,sao paulo,SP
1740,4086,-23.610828,-46.66071,sao paulo,SP
1741,4087,-23.609666,-46.660887,sao paulo,SP
1742,4088,-23.605786,-46.661149,sao paulo,SP
1743,4089,-23.607576,-46.661386,sao paulo,SP
1744,4090,-23.608701,-46.660897,sao paulo,SP
1745,4094,-23.584946,-46.655625,sao paulo,SP
1746,4097,-23.581229,-46.658398,sao paulo,SP
1747,4101,-23.582615,-46.63587,sao paulo,SP
1748,4102,-23.587718,-46.634297,sao paulo,SP
1749,4103,-23.575087,-46.636464,sao paulo,SP
1750,4104,-23.576173,-46.638517,sao paulo,SP
1751,4105,-23.577496,-46.636485,sao paulo,SP
1752,4106,-23.581469,-46.63503,sao paulo,SP
1753,4107,-23.579674,-46.63407,sao paulo,SP
1754,4108,-23.5784,-46.630396,sao paulo,SP
1755,4109,-23.576362,-46.631633,sao paulo,SP
1756,4110,-23.584576,-46.633448,sao paulo,SP
1757,4111,-23.586613,-46.632237,sao paulo,SP
1758,4112,-23.58486,-46.628951,sao paulo,SP
1759,4113,-23.584678,-46.625346,sao paulo,SP
1760,4114,-23.586231,-46.623839,sao paulo,SP
1761,4115,-23.589697,-46.624568,sao paulo,SP
1762,4116,-23.592471,-46.625596,sao paulo,SP
1763,4117,-23.589417,-46.630097,sao paulo,SP
1764,4118,-23.595208,-46.628359,sao paulo,SP
1765,4119,-23.595968,-46.634468,sao paulo,SP
1766,4120,-23.595827,-46.630882,sao paulo,SP
1767,4121,-23.598829,-46.625944,sao paulo,SP
1768,4122,-23.601965,-46.622572,sao paulo,SP
1769,4123,-23.612186,-46.626847,sao paulo,SP
1770,4124,-23.597812,-46.620073,sao paulo,SP
1771,4125,-23.600543,-46.619054,sao paulo,SP
1772,4126,-23.598611,-46.630414,sao paulo,SP
1773,4127,-23.601728,-46.629811,sao paulo,SP
1774,4128,-23.602123,-46.632901,sao paulo,SP
1775,4129,-23.602667,-46.623058,sao paulo,SP
1776,4130,-23.60499,-46.619727,sao paulo,SP
1777,4131,-23.607014,-46.618086,sao paulo,SP
1778,4132,-23.616965,-46.618493,sao paulo,SP
1779,4133,-23.619963,-46.618494,sao paulo,SP
1780,4134,-23.606683,-46.622807,sao paulo,SP
1781,4135,-23.60909,-46.628254,sao paulo,SP
1782,4136,-23.610485,-46.625473,sao paulo,SP
1783,4137,-23.606559,-46.613657,sao paulo,SP
1784,4138,-23.611285,-46.634349,sao paulo,SP
1785,4139,-23.60577,-46.633794,sao paulo,SP
1786,4140,-23.606048,-46.631157,sao paulo,SP
1787,4141,-23.609994,-46.633567,sao paulo,SP
1788,4142,-23.611938,-46.630563,sao paulo,SP
1789,4143,-23.614964,-46.634873,sao paulo,SP
1790,4144,-23.620048,-46.640326,sao paulo,SP
1791,4145,-23.616392,-46.632223,sao paulo,SP
1792,4146,-23.617366,-46.629667,sao paulo,SP
1793,4147,-23.620269,-46.630219,sao paulo,SP
1794,4148,-23.614566,-46.622619,sao paulo,SP
1795,4149,-23.616753,-46.622401,sao paulo,SP
1796,4150,-23.620413,-46.622354,sao paulo,SP
1797,4151,-23.621394,-46.62522,sao paulo,SP
1798,4152,-23.624507,-46.624462,sao paulo,SP
1799,4153,-23.627106,-46.624703,sao paulo,SP
1800,4154,-23.628568,-46.622144,sao paulo,SP
1801,4155,-23.632775,-46.626139,sao paulo,SP
1802,4156,-23.631075,-46.622399,sao paulo,SP
1803,4157,-23.631972,-46.618776,sao paulo,SP
1804,4158,-23.623737,-46.61823,sao paulo,SP
1805,4159,-23.623273,-46.611776,sao paulo,SP
1806,4160,-23.625475,-46.612,sao paulo,SP
1807,4161,-23.629891,-46.61551,sao paulo,SP
1808,4162,-23.626984,-46.608343,sao paulo,SP
1809,4163,-23.629788,-46.613288,sao paulo,SP
1810,4164,-23.627227,-46.608274,sao paulo,SP
1811,4165,-23.625851,-46.606416,sao paulo,SP
1812,4166,-23.641188,-46.606941,sao paulo,SP
1813,4167,-23.63328,-46.612884,sao paulo,SP
1814,4168,-23.634314,-46.612604,sao paulo,SP
1815,4169,-23.646546,-46.614367,sao paulo,SP
1816,4170,-23.635123,-46.613073,sao paulo,SP
1817,4171,-23.636897,-46.612968,sao paulo,SP
1818,4173,-23.639067,-46.6104,sao paulo,SP
1819,4174,-23.633949,-46.607355,sao paulo,SP
1820,4176,-23.635328,-46.603639,sao paulo,SP
1821,4177,-23.642014,-46.607855,sao paulo,SP
1822,4180,-23.634969,-46.599646,sao paulo,SP
1823,4181,-23.63835,-46.599603,sao paulo,SP
1824,4182,-23.642321,-46.599365,sao paulo,SP
1825,4183,-23.642992,-46.596566,sao paulo,SP
1826,4184,-23.648583,-46.599517,sao paulo,SP
1827,4185,-23.647024,-46.592201,sao paulo,SP
1828,4186,-23.6475,-46.594833,sao paulo,SP
1829,4187,-23.648539,-46.59475,sao paulo,SP
1830,4190,-23.651791,-46.602784,sao paulo,SP
1831,4191,-23.645816,-46.604085,sao paulo,SP
1832,4193,-23.648892,-46.608511,sao paulo,SP
1833,4194,-23.652236,-46.611572,sao paulo,SP
1834,4195,-23.657118,-46.61273,sao paulo,SP
1835,4201,-23.575095,-46.605842,sao paulo,SP
1836,4202,-23.57812,-46.605583,sao paulo,SP
1837,4203,-23.591747,-46.606345,sao paulo,SP
1838,4204,-23.586362,-46.607794,sao paulo,SP
1839,4205,-23.583156,-46.60564,sao paulo,SP
1840,4206,-23.58627,-46.60423,sao paulo,SP
1841,4207,-23.589128,-46.602877,sao paulo,SP
1842,4208,-23.591168,-46.601325,sao paulo,SP
1843,4209,-23.588361,-46.600562,sao paulo,SP
1844,4210,-23.585208,-46.603921,sao paulo,SP
1845,4211,-23.59121,-46.605768,sao paulo,SP
1846,4212,-23.590909,-46.60439,sao paulo,SP
1847,4213,-23.592373,-46.602007,sao paulo,SP
1848,4214,-23.594306,-46.598418,sao paulo,SP
1849,4215,-23.595505,-46.601754,sao paulo,SP
1850,4216,-23.596108,-46.601038,sao paulo,SP
1851,4217,-23.599327,-46.596464,sao paulo,SP
1852,4218,-23.60776,-46.603109,sao paulo,SP
1853,4220,-23.596332,-46.587694,sao paulo,SP
1854,4221,-23.593932,-46.594592,sao paulo,SP
1855,4222,-23.598007,-46.589574,sao paulo,SP
1856,4223,-23.599274,-46.590017,sao paulo,SP
1857,4224,-23.597313,-46.594104,sao paulo,SP
1858,4225,-23.602539,-46.589612,sao paulo,SP
1859,4229,-23.606297,-46.592983,sao paulo,SP
1860,4230,-23.605621,-46.591762,sao paulo,SP
1861,4231,-23.606066,-46.596381,sao paulo,SP
1862,4232,-23.614703,-46.594239,sao paulo,SP
1863,4233,-23.549844,-46.557911,sao paulo,SP
1864,4235,-23.614766,-46.591326,sao paulo,SP
1865,4236,-23.605967,-46.587397,sao paulo,SP
1866,4239,-23.623294,-46.583019,sao paulo,SP
1867,4240,-23.619678,-46.586196,sao paulo,SP
1868,4241,-23.623074,-46.588467,sao paulo,SP
1869,4242,-23.626317,-46.588633,sao paulo,SP
1870,4243,-23.627012,-46.586369,sao paulo,SP
1871,4244,-23.628904,-46.588094,sao paulo,SP
1872,4246,-23.623848,-46.598132,sao paulo,SP
1873,4247,-23.615633,-46.599766,sao paulo,SP
1874,4248,-23.612499,-46.59779,sao paulo,SP
1875,4249,-23.616634,-46.599405,sao paulo,SP
1876,4250,-23.620316,-46.598846,sao paulo,SP
1877,4251,-23.625473,-46.597277,sao paulo,SP
1878,4252,-23.613433,-46.598106,sao paulo,SP
1879,4253,-23.617242,-46.596436,sao paulo,SP
1880,4254,-23.618758,-46.594261,sao paulo,SP
1881,4255,-23.623817,-46.593645,sao paulo,SP
1882,4256,-23.629315,-46.591492,sao paulo,SP
1883,4257,-23.633462,-46.590211,sao paulo,SP
1884,4258,-23.634915,-46.58854,sao paulo,SP
1885,4260,-23.583503,-46.615151,sao paulo,SP
1886,4261,-23.582575,-46.612045,sao paulo,SP
1887,4262,-23.598247,-46.609717,sao paulo,SP
1888,4263,-23.585698,-46.610516,sao paulo,SP
1889,4264,-23.584903,-46.613973,sao paulo,SP
1890,4265,-23.587218,-46.615407,sao paulo,SP
1891,4266,-23.590094,-46.609902,sao paulo,SP
1892,4267,-23.599257,-46.609949,sao paulo,SP
1893,4268,-23.595024,-46.609172,sao paulo,SP
1894,4269,-23.597148,-46.612442,sao paulo,SP
1895,4270,-23.591857,-46.613742,sao paulo,SP
1896,4271,-23.589229,-46.616782,sao paulo,SP
1897,4272,-23.602059,-46.614939,sao paulo,SP
1898,4273,-23.604637,-46.613497,sao paulo,SP
1899,4274,-23.591325,-46.617231,sao paulo,SP
1900,4275,-23.593839,-46.616459,sao paulo,SP
1901,4276,-23.600323,-46.614159,sao paulo,SP
1902,4277,-23.600602,-46.612164,sao paulo,SP
1903,4278,-23.601783,-46.609535,sao paulo,SP
1904,4279,-23.600202,-46.605805,sao paulo,SP
1905,4280,-23.60523,-46.606744,sao paulo,SP
1906,4281,-23.605951,-46.609145,sao paulo,SP
1907,4282,-23.607822,-46.610618,sao paulo,SP
1908,4283,-23.608608,-46.604281,sao paulo,SP
1909,4284,-23.60804,-46.602293,sao paulo,SP
1910,4285,-23.613253,-46.603463,sao paulo,SP
1911,4286,-23.613436,-46.603301,sao paulo,SP
1912,4287,-23.607604,-46.60585,sao paulo,SP
1913,4288,-23.610873,-46.612079,sao paulo,SP
1914,4289,-23.608097,-46.615628,sao paulo,SP
1915,4290,-23.613239,-46.610285,sao paulo,SP
1916,4291,-23.616817,-46.613029,sao paulo,SP
1917,4292,-23.617303,-46.611813,sao paulo,SP
1918,4293,-23.621459,-46.615263,sao paulo,SP
1919,4294,-23.620116,-46.606522,sao paulo,SP
1920,4295,-23.622336,-46.60465,sao paulo,SP
1921,4296,-23.620105,-46.604844,sao paulo,SP
1922,4297,-23.627915,-46.602213,sao paulo,SP
1923,4298,-23.627118,-46.600237,sao paulo,SP
1924,4301,-23.623093,-46.634271,sao paulo,SP
1925,4302,-23.622107,-46.636267,sao paulo,SP
1926,4303,-23.623328,-46.63795,sao paulo,SP
1927,4304,-23.627063,-46.63615,sao paulo,SP
1928,4305,-23.628238,-46.63453,sao paulo,SP
1929,4306,-23.631299,-46.636049,sao paulo,SP
1930,4307,-23.62692,-46.639354,sao paulo,SP
1931,4308,-23.646278,-46.639297,sao paulo,SP
1932,4309,-23.643704,-46.640701,sao paulo,SP
1933,4310,-23.632263,-46.640255,sao paulo,SP
1934,4311,-23.632876,-46.637673,sao paulo,SP
1935,4312,-23.632401,-46.630921,sao paulo,SP
1936,4313,-23.637913,-46.63837,sao paulo,SP
1937,4314,-23.63585,-46.63532,sao paulo,SP
1938,4315,-23.635735,-46.628671,sao paulo,SP
1939,4316,-23.639239,-46.635281,sao paulo,SP
1940,4317,-23.642761,-46.633142,sao paulo,SP
1941,4318,-23.644898,-46.636525,sao paulo,SP
1942,4319,-23.647385,-46.636443,sao paulo,SP
1943,4320,-23.648699,-46.636451,sao paulo,SP
1944,4321,-23.646789,-46.64385,sao paulo,SP
1945,4323,-23.653466,-46.639197,sao paulo,SP
1946,4324,-23.654753,-46.63718,sao paulo,SP
1947,4325,-23.664228,-46.63635,sao paulo,SP
1948,4326,-23.658047,-46.635241,sao paulo,SP
1949,4327,-23.663019,-46.632991,sao paulo,SP
1950,4328,-23.664767,-46.635908,sao paulo,SP
1951,4330,-23.657107,-46.646619,sao paulo,SP
1952,4331,-23.657786,-46.649143,sao paulo,SP
1953,4332,-23.659478,-46.649323,sao paulo,SP
1954,4333,-23.660968,-46.644593,sao paulo,SP
1955,4334,-23.656043,-46.638942,sao paulo,SP
1956,4335,-23.663409,-46.639817,sao paulo,SP
1957,4336,-23.665248,-46.644419,sao paulo,SP
1958,4337,-23.664875,-46.647129,sao paulo,SP
1959,4338,-23.669742,-46.646178,sao paulo,SP
1960,4339,-23.667514,-46.641142,sao paulo,SP
1961,4340,-23.6678,-46.640497,sao paulo,SP
1962,4342,-23.635143,-46.650469,sao paulo,SP
1963,4343,-23.635436,-46.64639,sao paulo,SP
1964,4344,-23.637112,-46.647798,sao paulo,SP
1965,4345,-23.640484,-46.643551,sao paulo,SP
1966,4346,-23.640347,-46.654293,sao paulo,SP
1967,4347,-23.642575,-46.648024,sao paulo,SP
1968,4348,-23.644829,-46.65035,sao paulo,SP
1969,4349,-23.648559,-46.647643,sao paulo,SP
1970,4350,-23.644865,-46.653094,sao paulo,SP
1971,4351,-23.645669,-46.65418,sao paulo,SP
1972,4355,-23.633661,-46.657669,sao paulo,SP
1973,4356,-23.636736,-46.659388,sao paulo,SP
1974,4357,-23.6362,-46.654652,sao paulo,SP
1975,4358,-23.639791,-46.657004,sao paulo,SP
1976,4359,-23.639925,-46.654537,sao paulo,SP
1977,4360,-23.640038,-46.663598,sao paulo,SP
1978,4361,-23.643568,-46.66281,sao paulo,SP
1979,4362,-23.644998,-46.669164,sao paulo,SP
1980,4363,-23.646955,-46.666647,sao paulo,SP
1981,4364,-23.649796,-46.670711,sao paulo,SP
1982,4365,-23.673115,-46.646683,sao paulo,SP
1983,4366,-23.66993,-46.651059,sao paulo,SP
1984,4367,-23.651131,-46.666747,sao paulo,SP
1985,4368,-23.654632,-46.666315,sao paulo,SP
1986,4369,-23.655092,-46.662974,sao paulo,SP
1987,4370,-23.649209,-46.661777,sao paulo,SP
1988,4371,-23.648173,-46.658272,sao paulo,SP
1989,4372,-23.648638,-46.65713,sao paulo,SP
1990,4373,-23.653679,-46.658689,sao paulo,SP
1991,4374,-23.651779,-46.656182,sao paulo,SP
1992,4375,-23.654303,-46.656852,sao paulo,SP
1993,4376,-23.653231,-46.656122,sao paulo,SP
1994,4377,-23.654161,-46.652185,sao paulo,SP
1995,4378,-23.650259,-46.660098,sao paulo,SP
1996,4379,-23.65613,-46.657029,sao paulo,SP
1997,4381,-23.654437,-46.666955,sao paulo,SP
1998,4382,-23.658209,-46.663674,sao paulo,SP
1999,4383,-23.658741,-46.660526,sao paulo,SP
2000,4384,-23.660364,-46.659918,sao paulo,SP
2001,4385,-23.664788,-46.656962,sao paulo,SP
2002,4386,-23.663652,-46.654959,sao paulo,SP
2003,4387,-23.66296,-46.651176,sao paulo,SP
2004,4401,-23.66713,-46.664769,sao paulo,SP
2005,4402,-23.666773,-46.662591,sao paulo,SP
2006,4403,-23.671398,-46.661424,sao paulo,SP
2007,4404,-23.669064,-46.65824,sao paulo,SP
2008,4405,-23.673096,-46.656816,sao paulo,SP
2009,4406,-23.670705,-46.654118,sao paulo,SP
2010,4407,-23.671213,-46.651299,sao paulo,SP
2011,4408,-23.673643,-46.650573,sao paulo,SP
2012,4409,-23.676446,-46.651346,sao paulo,SP
2013,4410,-23.680044,-46.648747,sao paulo,SP
2014,4411,-23.677916,-46.644315,sao paulo,SP
2015,4412,-23.675053,-46.645563,sao paulo,SP
2016,4413,-23.670538,-46.637945,sao paulo,SP
2017,4414,-23.667308,-46.638199,sao paulo,SP
2018,4415,-23.673958,-46.636988,sao paulo,SP
2019,4416,-23.67704,-46.638478,sao paulo,SP
2020,4417,-23.679741,-46.634019,sao paulo,SP
2021,4419,-23.682485,-46.640959,sao paulo,SP
2022,4421,-23.689839,-46.639539,sao paulo,SP
2023,4423,-23.68584,-46.635315,sao paulo,SP
2024,4424,-23.687251,-46.640491,sao paulo,SP
2025,4425,-23.680733,-46.644029,sao paulo,SP
2026,4426,-23.683063,-46.645271,sao paulo,SP
2027,4427,-23.680883,-46.652388,sao paulo,SP
2028,4428,-23.68072,-46.654564,sao paulo,SP
2029,4429,-23.679108,-46.661411,sao paulo,SP
2030,4430,-23.684407,-46.64533,sao paulo,SP
2031,4431,-23.688098,-46.655106,sao paulo,SP
2032,4432,-23.682638,-46.660683,sao paulo,SP
2033,4433,-23.680735,-46.656553,sao paulo,SP
2034,4434,-23.683032,-46.666691,sao paulo,SP
2035,4436,-23.671007,-46.672578,sao paulo,SP
2036,4437,-23.671563,-46.675322,sao paulo,SP
2037,4438,-23.677164,-46.669777,sao paulo,SP
2038,4439,-23.6799,-46.668069,sao paulo,SP
2039,4444,-23.689427,-46.687479,sao paulo,SP
2040,4445,-23.682537,-46.685011,sao paulo,SP
2041,4446,-23.687148,-46.683513,sao paulo,SP
2042,4447,-23.685723,-46.68101,sao paulo,SP
2043,4448,-23.750898,-46.704576,sao paulo,SP
2044,4455,-23.680226,-46.67945,sao paulo,SP
2045,4456,-23.685786,-46.677986,sao paulo,SP
2046,4457,-23.689465,-46.675551,sao paulo,SP
2047,4458,-23.687911,-46.672447,sao paulo,SP
2048,4459,-23.693495,-46.672505,sao paulo,SP
2049,4460,-23.691768,-46.674193,sao paulo,SP
2050,4461,-23.691183,-46.679584,sao paulo,SP
2051,4462,-23.694558,-46.665564,sao paulo,SP
2052,4463,-23.694998,-46.661573,sao paulo,SP
2053,4464,-23.697327,-46.657883,sao paulo,SP
2054,4466,-23.683863,-46.645726,sao paulo,SP
2055,4467,-23.681995,-46.644091,sao paulo,SP
2056,4468,-23.691447,-46.664523,sao paulo,SP
2057,4469,-23.692613,-46.668185,sao paulo,SP
2058,4470,-23.712066,-46.654501,sao paulo,SP
2059,4472,-23.652529,-46.591643,sao paulo,SP
2060,4473,-23.70169,-46.651571,sao paulo,SP
2061,4474,-23.688181,-46.637545,sao paulo,SP
2062,4475,-23.700919,-46.635213,sao paulo,SP
2063,4476,-23.707104,-46.625087,sao paulo,SP
2064,4477,-23.716838,-46.638846,sao paulo,SP
2065,4479,-23.660234,-46.72039,sao paulo,SP
2066,4501,-23.589041,-46.663045,sao paulo,SP
2067,4502,-23.585341,-46.663219,sao paulo,SP
2068,4503,-23.583492,-46.666909,sao paulo,SP
2069,4504,-23.584853,-46.665594,sao paulo,SP
2070,4505,-23.593449,-46.672828,sao paulo,SP
2071,4506,-23.593452,-46.672724,sao paulo,SP
2072,4507,-23.587254,-46.667976,sao paulo,SP
2073,4508,-23.589205,-46.669258,sao paulo,SP
2074,4509,-23.591473,-46.670145,sao paulo,SP
2075,4510,-23.593581,-46.669908,sao paulo,SP
2076,4511,-23.595984,-46.668794,sao paulo,SP
2077,4512,-23.596553,-46.667939,sao paulo,SP
2078,4513,-23.59707,-46.67102,sao paulo,SP
2079,4514,-23.600935,-46.671406,sao paulo,SP
2080,4515,-23.601566,-46.666181,sao paulo,SP
2081,4516,-23.604142,-46.669905,sao paulo,SP
2082,4517,-23.606377,-46.673079,sao paulo,SP
2083,4518,-23.609084,-46.674199,sao paulo,SP
2084,4520,-23.601839,-46.668061,sao paulo,SP
2085,4521,-23.620665,-46.665398,sao paulo,SP
2086,4522,-23.598587,-46.662559,sao paulo,SP
2087,4523,-23.603587,-46.66672,sao paulo,SP
2088,4524,-23.60534,-46.666051,sao paulo,SP
2089,4530,-23.580917,-46.673315,sao paulo,SP
2090,4531,-23.581724,-46.677378,sao paulo,SP
2091,4532,-23.583908,-46.67479,sao paulo,SP
2092,4533,-23.584716,-46.679165,sao paulo,SP
2093,4534,-23.584468,-46.674959,sao paulo,SP
2094,4535,-23.589683,-46.675689,sao paulo,SP
2095,4536,-23.581994,-46.680765,sao paulo,SP
2096,4537,-23.592841,-46.67699,sao paulo,SP
2097,4538,-23.589343,-46.681452,sao paulo,SP
2098,4542,-23.587105,-46.678849,sao paulo,SP
2099,4543,-23.589436,-46.680065,sao paulo,SP
2100,4544,-23.591677,-46.677883,sao paulo,SP
2101,4545,-23.596162,-46.675389,sao paulo,SP
2102,4546,-23.59817,-46.679401,sao paulo,SP
2103,4547,-23.597964,-46.683622,sao paulo,SP
2104,4548,-23.599934,-46.682303,sao paulo,SP
2105,4549,-23.601839,-46.677394,sao paulo,SP
2106,4550,-23.602302,-46.67962,sao paulo,SP
2107,4551,-23.594695,-46.687416,sao paulo,SP
2108,4552,-23.593511,-46.685254,sao paulo,SP
2109,4553,-23.604348,-46.681052,sao paulo,SP
2110,4555,-23.615523,-46.679972,sao paulo,SP
2111,4556,-23.613489,-46.678863,sao paulo,SP
2112,4557,-23.603075,-46.683244,sao paulo,SP
2113,4558,-23.603255,-46.685035,sao paulo,SP
2114,4559,-23.614114,-46.681087,sao paulo,SP
2115,4560,-23.611326,-46.681476,sao paulo,SP
2116,4561,-23.608384,-46.685595,sao paulo,SP
2117,4562,-23.610576,-46.686623,sao paulo,SP
2118,4563,-23.610957,-46.686148,sao paulo,SP
2119,4564,-23.612304,-46.685689,sao paulo,SP
2120,4565,-23.611906,-46.688231,sao paulo,SP
2121,4566,-23.613095,-46.685891,sao paulo,SP
2122,4567,-23.612825,-46.690633,sao paulo,SP
2123,4568,-23.61172,-46.687638,sao paulo,SP
2124,4569,-23.607515,-46.688053,sao paulo,SP
2125,4570,-23.603109,-46.6901,sao paulo,SP
2126,4571,-23.604706,-46.693332,sao paulo,SP
2127,4575,-23.608546,-46.694199,sao paulo,SP
2128,4576,-23.615415,-46.68957,sao paulo,SP
2129,4578,-23.6077,-46.697255,sao paulo,SP
2130,4580,-23.619757,-46.685223,sao paulo,SP
2131,4581,-23.618968,-46.68133,sao paulo,SP
2132,4582,-23.619215,-46.690021,sao paulo,SP
2133,4583,-23.61792,-46.695924,sao paulo,SP
2134,4601,-23.618189,-46.681202,sao paulo,SP
2135,4602,-23.622213,-46.681332,sao paulo,SP
2136,4603,-23.622351,-46.680481,sao paulo,SP
2137,4604,-23.622931,-46.680298,sao paulo,SP
2138,4605,-23.619005,-46.67505,sao paulo,SP
2139,4606,-23.620491,-46.67477,sao paulo,SP
2140,4607,-23.620955,-46.673986,sao paulo,SP
2141,4608,-23.624092,-46.673754,sao paulo,SP
2142,4609,-23.622934,-46.673752,sao paulo,SP
2143,4610,-23.623934,-46.671576,sao paulo,SP
2144,4611,-23.623437,-46.670319,sao paulo,SP
2145,4612,-23.622537,-46.663494,sao paulo,SP
2146,4613,-23.61959,-46.667267,sao paulo,SP
2147,4614,-23.617903,-46.671271,sao paulo,SP
2148,4615,-23.622169,-46.66859,sao paulo,SP
2149,4616,-23.619949,-46.672904,sao paulo,SP
2150,4617,-23.622643,-46.670805,sao paulo,SP
2151,4618,-23.620972,-46.675999,sao paulo,SP
2152,4619,-23.624038,-46.675618,sao paulo,SP
2153,4620,-23.626779,-46.67447,sao paulo,SP
2154,4621,-23.628038,-46.679309,sao paulo,SP
2155,4622,-23.631125,-46.678326,sao paulo,SP
2156,4623,-23.636459,-46.675372,sao paulo,SP
2157,4624,-23.627893,-46.669249,sao paulo,SP
2158,4625,-23.628196,-46.666092,sao paulo,SP
2159,4626,-23.635092,-46.668994,sao paulo,SP
2160,4627,-23.635466,-46.672105,sao paulo,SP
2161,4630,-23.6329,-46.662763,sao paulo,SP
2162,4631,-23.631744,-46.664053,sao paulo,SP
2163,4632,-23.632627,-46.66561,sao paulo,SP
2164,4633,-23.633289,-46.664423,sao paulo,SP
2165,4634,-23.638682,-46.667551,sao paulo,SP
2166,4635,-23.640944,-46.670453,sao paulo,SP
2167,4636,-23.637557,-46.677575,sao paulo,SP
2168,4637,-23.631667,-46.681085,sao paulo,SP
2169,4638,-23.632055,-46.684865,sao paulo,SP
2170,4639,-23.635961,-46.685449,sao paulo,SP
2171,4640,-23.631016,-46.68163,sao paulo,SP
2172,4641,-23.635088,-46.684848,sao paulo,SP
2173,4642,-23.641364,-46.687652,sao paulo,SP
2174,4643,-23.645909,-46.683783,sao paulo,SP
2175,4644,-23.639147,-46.6722,sao paulo,SP
2176,4645,-23.646585,-46.679066,sao paulo,SP
2177,4646,-23.642557,-46.676043,sao paulo,SP
2178,4647,-23.647548,-46.677327,sao paulo,SP
2179,4648,-23.650822,-46.674427,sao paulo,SP
2180,4649,-23.648475,-46.665054,sao paulo,SP
2181,4650,-23.657564,-46.676434,sao paulo,SP
2182,4651,-23.658097,-46.670746,sao paulo,SP
2183,4652,-23.662699,-46.667882,sao paulo,SP
2184,4653,-23.663553,-46.674911,sao paulo,SP
2185,4654,-23.660403,-46.676481,sao paulo,SP
2186,4655,-23.662433,-46.671366,sao paulo,SP
2187,4657,-23.668142,-46.673278,sao paulo,SP
2188,4658,-23.667643,-46.666577,sao paulo,SP
2189,4660,-23.67018,-46.681156,sao paulo,SP
2190,4661,-23.671332,-46.681981,sao paulo,SP
2191,4662,-23.656495,-46.694377,sao paulo,SP
2192,4663,-23.653179,-46.683873,sao paulo,SP
2193,4664,-23.656049,-46.683728,sao paulo,SP
2194,4671,-23.658077,-46.691514,sao paulo,SP
2195,4672,-23.661024,-46.69927,sao paulo,SP
2196,4673,-23.663584,-46.694976,sao paulo,SP
2197,4674,-23.664087,-46.687259,sao paulo,SP
2198,4675,-23.665607,-46.691201,sao paulo,SP
2199,4676,-23.658412,-46.676522,sao paulo,SP
2200,4677,-23.668464,-46.682638,sao paulo,SP
2201,4678,-23.668438,-46.680585,sao paulo,SP
2202,4679,-23.674292,-46.681783,sao paulo,SP
2203,4685,-23.66714,-46.690598,sao paulo,SP
2204,4686,-23.667353,-46.690003,sao paulo,SP
2205,4688,-23.666314,-46.691653,sao paulo,SP
2206,4689,-23.670051,-46.691505,sao paulo,SP
2207,4690,-23.672614,-46.692808,sao paulo,SP
2208,4691,-23.674589,-46.690445,sao paulo,SP
2209,4692,-23.674558,-46.686782,sao paulo,SP
2210,4693,-23.678451,-46.690183,sao paulo,SP
2211,4696,-23.670354,-46.701615,sao paulo,SP
2212,4701,-23.637977,-46.696521,sao paulo,SP
2213,4702,-23.633371,-46.693097,sao paulo,SP
2214,4703,-23.620813,-46.691656,sao paulo,SP
2215,4704,-23.623792,-46.688669,sao paulo,SP
2216,4705,-23.621463,-46.69502,sao paulo,SP
2217,4707,-23.625702,-46.691837,sao paulo,SP
2218,4708,-23.629866,-46.692238,sao paulo,SP
2219,4709,-23.62964,-46.695685,sao paulo,SP
2220,4710,-23.627724,-46.696137,sao paulo,SP
2221,4711,-23.628653,-46.700576,sao paulo,SP
2222,4713,-23.630117,-46.700947,sao paulo,SP
2223,4714,-23.631963,-46.700461,sao paulo,SP
2224,4715,-23.632114,-46.701274,sao paulo,SP
2225,4716,-23.63301,-46.702856,sao paulo,SP
2226,4717,-23.632005,-46.704783,sao paulo,SP
2227,4718,-23.632134,-46.703198,sao paulo,SP
2228,4719,-23.632912,-46.706861,sao paulo,SP
2229,4720,-23.636057,-46.703501,sao paulo,SP
2230,4721,-23.640049,-46.700516,sao paulo,SP
2231,4722,-23.640802,-46.703837,sao paulo,SP
2232,4723,-23.645352,-46.712005,sao paulo,SP
2233,4724,-23.645234,-46.712023,sao paulo,SP
2234,4725,-23.643506,-46.705091,sao paulo,SP
2235,4726,-23.63661,-46.712465,sao paulo,SP
2236,4727,-23.64252,-46.713839,sao paulo,SP
2237,4728,-23.638782,-46.714168,sao paulo,SP
2238,4729,-23.637752,-46.716605,sao paulo,SP
2239,4730,-23.641865,-46.720648,sao paulo,SP
2240,4733,-23.637701,-46.695548,sao paulo,SP
2241,4734,-23.643793,-46.698049,sao paulo,SP
2242,4735,-23.642104,-46.696961,sao paulo,SP
2243,4736,-23.64291,-46.696506,sao paulo,SP
2244,4737,-23.643075,-46.694929,sao paulo,SP
2245,4738,-23.643103,-46.694623,sao paulo,SP
2246,4739,-23.645694,-46.696885,sao paulo,SP
2247,4740,-23.643364,-46.691418,sao paulo,SP
2248,4741,-23.650734,-46.698834,sao paulo,SP
2249,4742,-23.651347,-46.700685,sao paulo,SP
2250,4743,-23.653242,-46.703769,sao paulo,SP
2251,4744,-23.656612,-46.706728,sao paulo,SP
2252,4745,-23.656427,-46.705379,sao paulo,SP
2253,4746,-23.657965,-46.70827,sao paulo,SP
2254,4747,-23.655694,-46.696839,sao paulo,SP
2255,4748,-23.65111,-46.690064,sao paulo,SP
2256,4750,-23.647622,-46.705412,sao paulo,SP
2257,4751,-23.65085,-46.707732,sao paulo,SP
2258,4752,-23.653212,-46.71181,sao paulo,SP
2259,4753,-23.654006,-46.713375,sao paulo,SP
2260,4754,-23.651379,-46.711981,sao paulo,SP
2261,4755,-23.64742,-46.71403,sao paulo,SP
2262,4756,-23.646866,-46.718917,sao paulo,SP
2263,4757,-23.650809,-46.719599,sao paulo,SP
2264,4760,-23.663639,-46.71527,sao paulo,SP
2265,4761,-23.662905,-46.717785,sao paulo,SP
2266,4762,-23.66517,-46.720114,sao paulo,SP
2267,4763,-23.669378,-46.718707,sao paulo,SP
2268,4764,-23.671195,-46.713863,sao paulo,SP
2269,4765,-23.673255,-46.7114,sao paulo,SP
2270,4766,-23.671961,-46.709396,sao paulo,SP
2271,4767,-23.677651,-46.706403,sao paulo,SP
2272,4768,-23.672157,-46.711706,sao paulo,SP
2273,4770,-23.680703,-46.715506,sao paulo,SP
2274,4771,-23.681636,-46.712156,sao paulo,SP
2275,4772,-23.687844,-46.715016,sao paulo,SP
2276,4773,-23.682207,-46.709103,sao paulo,SP
2277,4774,-23.684465,-46.707162,sao paulo,SP
2278,4775,-23.685302,-46.700321,sao paulo,SP
2279,4776,-23.685303,-46.703512,sao paulo,SP
2280,4777,-23.696783,-46.698839,sao paulo,SP
2281,4778,-23.632234,-46.705647,sao paulo,SP
2282,4779,-23.660234,-46.72039,sao paulo,SP
2283,4781,-23.685762,-46.704374,sao paulo,SP
2284,4782,-23.690813,-46.703852,sao paulo,SP
2285,4783,-23.694539,-46.704753,sao paulo,SP
2286,4784,-23.686097,-46.709065,sao paulo,SP
2287,4785,-23.693456,-46.711156,sao paulo,SP
2288,4786,-23.702109,-46.704966,sao paulo,SP
2289,4787,-23.697602,-46.707576,sao paulo,SP
2290,4788,-23.703608,-46.710037,sao paulo,SP
2291,4789,-23.706373,-46.708598,sao paulo,SP
2292,4792,-23.701892,-46.703663,sao paulo,SP
2293,4794,-23.63034,-46.695595,sao paulo,SP
2294,4795,-23.666617,-46.707031,sao paulo,SP
2295,4801,-23.712553,-46.699458,sao paulo,SP
2296,4802,-23.709594,-46.70568,sao paulo,SP
2297,4803,-23.716341,-46.709095,sao paulo,SP
2298,4805,-23.715066,-46.703472,sao paulo,SP
2299,4806,-23.711722,-46.702658,sao paulo,SP
2300,4807,-23.71395,-46.698414,sao paulo,SP
2301,4808,-23.714104,-46.704604,são paulo,SP
2302,4809,-23.716898,-46.69466,sao paulo,SP
2303,4810,-23.711266,-46.697749,sao paulo,SP
2304,4811,-23.710554,-46.693089,sao paulo,SP
2305,4812,-23.713628,-46.68751,sao paulo,SP
2306,4813,-23.720256,-46.686928,sao paulo,SP
2307,4814,-23.725066,-46.678387,sao paulo,SP
2308,4815,-23.70431,-46.69186,sao paulo,SP
2309,4816,-23.705462,-46.685978,sao paulo,SP
2310,4820,-23.736484,-46.687041,sao paulo,SP
2311,4821,-23.725544,-46.687501,sao paulo,SP
2312,4822,-23.733176,-46.690491,sao paulo,SP
2313,4823,-23.724643,-46.695016,sao paulo,SP
2314,4824,-23.730022,-46.694453,sao paulo,SP
2315,4826,-23.72352,-46.710606,sao paulo,SP
2316,4827,-23.721494,-46.701864,sao paulo,SP
2317,4828,-23.725729,-46.704385,sao paulo,SP
2318,4829,-23.730238,-46.709196,sao paulo,SP
2319,4830,-23.731321,-46.701503,sao paulo,SP
2320,4831,-23.73471,-46.713591,sao paulo,SP
2321,4832,-23.734711,-46.715629,sao paulo,SP
2322,4833,-23.741076,-46.704336,sao paulo,SP
2323,4835,-23.737594,-46.704673,sao paulo,SP
2324,4836,-23.743984,-46.710384,sao paulo,SP
2325,4837,-23.742899,-46.704415,sao paulo,SP
2326,4840,-23.755458,-46.682949,sao paulo,SP
2327,4841,-23.738695,-46.689346,sao paulo,SP
2328,4842,-23.744911,-46.68527,sao paulo,SP
2329,4843,-23.743037,-46.694457,sao paulo,SP
2330,4844,-23.75187,-46.70282,sao paulo,SP
2331,4845,-23.7467,-46.691084,sao paulo,SP
2332,4846,-23.743581,-46.67852,sao paulo,SP
2333,4847,-23.754438,-46.696282,sao paulo,SP
2334,4848,-23.732425,-46.677241,sao paulo,SP
2335,4849,-23.724683,-46.662284,sao paulo,SP
2336,4850,-23.749481,-46.68055,sao paulo,SP
2337,4851,-23.730574,-46.664921,sao paulo,SP
2338,4852,-23.761074,-46.670583,sao paulo,SP
2339,4853,-23.766936,-46.67344,sao paulo,SP
2340,4854,-23.754906,-46.691573,sao paulo,SP
2341,4855,-23.759478,-46.680512,sao paulo,SP
2342,4856,-23.769294,-46.685211,sao paulo,SP
2343,4857,-23.763596,-46.688645,sao paulo,SP
2344,4858,-23.77198,-46.711951,sao paulo,SP
2345,4859,-23.766288,-46.70455,sao paulo,SP
2346,4860,-23.76203,-46.714611,sao paulo,SP
2347,4862,-23.761912,-46.699408,sao paulo,SP
2348,4863,-23.762258,-46.707219,sao paulo,SP
2349,4864,-23.768257,-46.721126,sao paulo,SP
2350,4865,-23.778179,-46.703373,sao paulo,SP
2351,4866,-23.784971,-46.716408,sao paulo,SP
2352,4867,-23.600988,-46.739176,sao paulo,SP
2353,4870,-23.757278,-46.756689,sao paulo,SP
2354,4872,-23.703037,-46.638913,sao paulo,SP
2355,4875,-23.820602,-46.68536,são paulo,SP
2356,4877,-23.859468,-46.644773,sao paulo,SP
2357,4880,-23.781059,-46.717071,sao paulo,SP
2358,4881,-23.794332,-46.730405,sao paulo,SP
2359,4882,-23.808892,-46.759699,sao paulo,SP
2360,4883,-23.813368,-46.734966,sao paulo,SP
2361,4884,-23.798821,-46.700145,sao paulo,SP
2362,4886,-23.834662,-46.757974,sao paulo,SP
2363,4888,-23.827015,-46.736765,sao paulo,SP
2364,4890,-23.829228,-46.722889,sao paulo,SP
2365,4891,-23.797764,-46.727184,sao paulo,SP
2366,4892,-23.847456,-46.714174,sao paulo,SP
2367,4893,-23.784023,-46.673465,sao paulo,SP
2368,4894,-23.843841,-46.752124,sao paulo,SP
2369,4895,-23.813308,-46.699119,sao paulo,SP
2370,4896,-23.839293,-46.707234,sao paulo,SP
2371,4897,-23.814201,-46.689069,sao paulo,SP
2372,4898,-23.73493,-46.635093,sao paulo,SP
2373,4902,-23.671384,-46.732612,sao paulo,SP
2374,4904,-23.673585,-46.738234,sao paulo,SP
2375,4905,-23.674568,-46.749506,sao paulo,SP
2376,4906,-23.67555,-46.755265,sao paulo,SP
2377,4909,-23.678856,-46.736301,sao paulo,SP
2378,4910,-23.684262,-46.737802,sao paulo,SP
2379,4911,-23.679599,-46.740149,sao paulo,SP
2380,4912,-23.682218,-46.744498,sao paulo,SP
2381,4913,-23.676989,-46.740615,sao paulo,SP
2382,4914,-23.676347,-46.745115,sao paulo,SP
2383,4915,-23.68116,-46.748216,sao paulo,SP
2384,4916,-23.685574,-46.750561,sao paulo,SP
2385,4917,-23.68652,-46.745963,sao paulo,SP
2386,4918,-23.690562,-46.744697,sao paulo,SP
2387,4919,-23.693391,-46.763188,sao paulo,SP
2388,4920,-23.691828,-46.757282,sao paulo,SP
2389,4921,-23.694672,-46.752004,sao paulo,SP
2390,4922,-23.690723,-46.739288,sao paulo,SP
2391,4923,-23.704401,-46.748119,sao paulo,SP
2392,4925,-23.706093,-46.745625,sao paulo,SP
2393,4926,-23.702747,-46.741252,sao paulo,SP
2394,4928,-23.707081,-46.732761,sao paulo,SP
2395,4929,-23.699862,-46.764992,sao paulo,SP
2396,4930,-23.680433,-46.752705,sao paulo,SP
2397,4931,-23.680208,-46.755434,sao paulo,SP
2398,4932,-23.679252,-46.755498,sao paulo,SP
2399,4933,-23.6823,-46.764527,sao paulo,SP
2400,4935,-23.684439,-46.767305,sao paulo,SP
2401,4937,-23.685998,-46.761257,sao paulo,SP
2402,4938,-23.690337,-46.761677,sao paulo,SP
2403,4939,-23.690223,-46.770362,sao paulo,SP
2404,4940,-23.688739,-46.766175,sao paulo,SP
2405,4941,-23.700654,-46.774363,sao paulo,SP
2406,4942,-23.697638,-46.77575,sao paulo,SP
2407,4943,-23.70546,-46.788469,sao paulo,SP
2408,4944,-23.711333,-46.776501,sao paulo,SP
2409,4945,-23.7133,-46.778171,sao paulo,SP
2410,4947,-23.719801,-46.759174,sao paulo,SP
2411,4948,-23.703865,-46.780555,sao paulo,SP
2412,4949,-23.719917,-46.769601,sao paulo,SP
2413,4950,-23.722544,-46.758976,sao paulo,SP
2414,4951,-23.727329,-46.758535,sao paulo,SP
2415,4952,-23.720757,-46.752797,sao paulo,SP
2416,4953,-23.72303,-46.755565,sao paulo,SP
2417,4955,-23.762183,-46.684313,sao paulo,SP
2418,4960,-23.723651,-46.782199,sao paulo,SP
2419,4961,-23.685505,-46.758442,sao paulo,SP
2420,4962,-23.73693,-46.782546,sao paulo,SP
2421,4963,-23.749358,-46.778893,sao paulo,SP
2422,4965,-23.738048,-46.778689,sao paulo,SP
2423,4966,-23.727433,-46.783019,sao paulo,SP
2424,5001,-23.529196,-46.66948,sao paulo,SP
2425,5002,-23.529406,-46.67348,sao paulo,SP
2426,5003,-23.527659,-46.675914,sao paulo,SP
2427,5004,-23.532788,-46.665271,sao paulo,SP
2428,5005,-23.532307,-46.671352,sao paulo,SP
2429,5006,-23.534984,-46.667872,sao paulo,SP
2430,5007,-23.534993,-46.671536,sao paulo,SP
2431,5008,-23.534232,-46.675664,sao paulo,SP
2432,5009,-23.534749,-46.677637,sao paulo,SP
2433,5010,-23.535155,-46.679893,sao paulo,SP
2434,5011,-23.536091,-46.681275,sao paulo,SP
2435,5012,-23.538597,-46.679989,sao paulo,SP
2436,5013,-23.537397,-46.667932,sao paulo,SP
2437,5014,-23.536355,-46.670587,sao paulo,SP
2438,5015,-23.535715,-46.670843,sao paulo,SP
2439,5016,-23.53784,-46.676706,sao paulo,SP
2440,5017,-23.53712,-46.679705,sao paulo,SP
2441,5018,-23.53504,-46.680635,sao paulo,SP
2442,5019,-23.534644,-46.68263,sao paulo,SP
2443,5020,-23.534839,-46.684282,sao paulo,SP
2444,5021,-23.532449,-46.685042,sao paulo,SP
2445,5022,-23.534629,-46.688418,sao paulo,SP
2446,5023,-23.533941,-46.687006,sao paulo,SP
2447,5024,-23.530399,-46.685403,sao paulo,SP
2448,5025,-23.534326,-46.688029,sao paulo,SP
2449,5026,-23.530207,-46.689188,sao paulo,SP
2450,5027,-23.53252,-46.692548,sao paulo,SP
2451,5028,-23.538191,-46.693757,sao paulo,SP
2452,5029,-23.541262,-46.694118,sao paulo,SP
2453,5030,-23.542145,-46.691801,sao paulo,SP
2454,5033,-23.523172,-46.687962,sao paulo,SP
2455,5034,-23.511391,-46.684225,sao paulo,SP
2456,5035,-23.509746,-46.719499,sao paulo,SP
2457,5036,-23.515693,-46.690031,sao paulo,SP
2458,5037,-23.513694,-46.68877,sao paulo,SP
2459,5038,-23.513064,-46.699985,sao paulo,SP
2460,5040,-23.513119,-46.707811,sao paulo,SP
2461,5041,-23.523877,-46.694566,sao paulo,SP
2462,5042,-23.524928,-46.691631,sao paulo,SP
2463,5043,-23.525433,-46.691193,sao paulo,SP
2464,5044,-23.528963,-46.694793,sao paulo,SP
2465,5045,-23.528573,-46.695971,sao paulo,SP
2466,5046,-23.533002,-46.697751,sao paulo,SP
2467,5047,-23.525712,-46.698278,sao paulo,SP
2468,5048,-23.531548,-46.697523,sao paulo,SP
2469,5049,-23.527975,-46.700469,sao paulo,SP
2470,5050,-23.5239,-46.702211,sao paulo,SP
2471,5051,-23.527421,-46.69684,sao paulo,SP
2472,5052,-23.533211,-46.70104,sao paulo,SP
2473,5053,-23.537391,-46.699579,sao paulo,SP
2474,5054,-23.542646,-46.697214,sao paulo,SP
2475,5055,-23.532782,-46.703122,sao paulo,SP
2476,5056,-23.532472,-46.705157,sao paulo,SP
2477,5057,-23.532283,-46.707187,sao paulo,SP
2478,5058,-23.531748,-46.708449,sao paulo,SP
2479,5059,-23.533493,-46.711301,sao paulo,SP
2480,5060,-23.528166,-46.708438,sao paulo,SP
2481,5061,-23.539411,-46.704688,sao paulo,SP
2482,5065,-23.51894,-46.696222,sao paulo,SP
2483,5068,-23.516409,-46.702056,sao paulo,SP
2484,5069,-23.515102,-46.705932,sao paulo,SP
2485,5072,-23.52156,-46.703611,sao paulo,SP
2486,5073,-23.523028,-46.706304,sao paulo,SP
2487,5074,-23.519808,-46.705542,sao paulo,SP
2488,5075,-23.522388,-46.708521,sao paulo,SP
2489,5076,-23.52233,-46.709488,sao paulo,SP
2490,5077,-23.52188,-46.715793,sao paulo,SP
2491,5078,-23.522723,-46.717338,sao paulo,SP
2492,5079,-23.52623,-46.711844,sao paulo,SP
2493,5080,-23.52735,-46.714757,sao paulo,SP
2494,5081,-23.528656,-46.715234,sao paulo,SP
2495,5082,-23.529303,-46.717636,sao paulo,SP
2496,5083,-23.532779,-46.71678,sao paulo,SP
2497,5084,-23.52963,-46.721645,sao paulo,SP
2498,5085,-23.526575,-46.727943,sao paulo,SP
2499,5086,-23.524327,-46.727944,sao paulo,SP
2500,5087,-23.524321,-46.724991,sao paulo,SP
2501,5088,-23.527339,-46.727629,sao paulo,SP
2502,5089,-23.520956,-46.728069,sao paulo,SP
2503,5092,-23.510566,-46.716686,sao paulo,SP
2504,5093,-23.515951,-46.720572,sao paulo,SP
2505,5094,-23.511394,-46.719181,sao paulo,SP
2506,5095,-23.512204,-46.718005,sao paulo,SP
2507,5101,-23.504291,-46.72766,sao paulo,SP
2508,5102,-23.518066,-46.75048,sao paulo,SP
2509,5103,-23.514038,-46.753052,sao paulo,SP
2510,5104,-23.51391,-46.756225,sao paulo,SP
2511,5105,-23.512058,-46.757159,sao paulo,SP
2512,5106,-23.511199,-46.736529,sao paulo,SP
2513,5107,-23.518921,-46.750954,sao paulo,SP
2514,5108,-23.509319,-46.758043,sao paulo,SP
2515,5109,-23.503808,-46.76054,sao paulo,SP
2516,5110,-23.492947,-46.749599,sao paulo,SP
2517,5112,-23.492319,-46.751139,sao paulo,SP
2518,5113,-23.48597,-46.755944,sao paulo,SP
2519,5114,-23.507955,-46.751742,sao paulo,SP
2520,5115,-23.51021,-46.750419,sao paulo,SP
2521,5116,-23.5129,-46.746367,sao paulo,SP
2522,5117,-23.513302,-46.743532,sao paulo,SP
2523,5118,-23.516191,-46.742336,sao paulo,SP
2524,5119,-23.496005,-46.735319,sao paulo,SP
2525,5120,-23.511929,-46.731384,são paulo,SP
2526,5121,-23.507505,-46.730031,sao paulo,SP
2527,5122,-23.504906,-46.734807,sao paulo,SP
2528,5123,-23.505669,-46.737859,sao paulo,SP
2529,5124,-23.503899,-46.736185,sao paulo,SP
2530,5125,-23.502849,-46.738923,sao paulo,SP
2531,5126,-23.502111,-46.741125,sao paulo,SP
2532,5127,-23.497519,-46.73891,sao paulo,SP
2533,5128,-23.49237,-46.74034,sao paulo,SP
2534,5131,-23.499347,-46.743907,sao paulo,SP
2535,5132,-23.504942,-46.744775,sao paulo,SP
2536,5133,-23.493832,-46.744207,sao paulo,SP
2537,5134,-23.487692,-46.74398,sao paulo,SP
2538,5135,-23.493446,-46.748237,sao paulo,SP
2539,5136,-23.501093,-46.74863,sao paulo,SP
2540,5138,-23.484965,-46.733913,sao paulo,SP
2541,5139,-23.489096,-46.73155,sao paulo,SP
2542,5140,-23.48998,-46.72712,sao paulo,SP
2543,5141,-23.491962,-46.72915,sao paulo,SP
2544,5142,-23.493951,-46.7271,sao paulo,SP
2545,5143,-23.495816,-46.723122,sao paulo,SP
2546,5144,-23.499797,-46.722266,sao paulo,SP
2547,5145,-23.498573,-46.725399,sao paulo,SP
2548,5154,-23.493389,-46.744917,sao paulo,SP
2549,5157,-23.485671,-46.763069,sao paulo,SP
2550,5158,-23.489766,-46.759041,sao paulo,SP
2551,5159,-23.487966,-46.7521,sao paulo,SP
2552,5160,-23.486393,-46.748395,sao paulo,SP
2553,5161,-23.486068,-46.756656,sao paulo,SP
2554,5162,-23.483371,-46.755435,sao paulo,SP
2555,5163,-23.481513,-46.764754,sao paulo,SP
2556,5164,-23.489037,-46.719396,sao paulo,SP
2557,5165,-23.482027,-46.752997,sao paulo,SP
2558,5170,-23.483575,-46.74809,sao paulo,SP
2559,5171,-23.477173,-46.749554,sao paulo,SP
2560,5172,-23.481213,-46.74374,sao paulo,SP
2561,5173,-23.479455,-46.741984,sao paulo,SP
2562,5174,-23.479869,-46.742536,sao paulo,SP
2563,5175,-23.475347,-46.738548,sao paulo,SP
2564,5176,-23.480933,-46.716213,sao paulo,SP
2565,5177,-23.485611,-46.744044,sao paulo,SP
2566,5180,-23.458963,-46.749483,sao paulo,SP
2567,5181,-23.45543,-46.744679,sao paulo,SP
2568,5182,-23.450429,-46.746178,sao paulo,SP
2569,5183,-23.452416,-46.752445,sao paulo,SP
2570,5184,-23.458108,-46.754647,sao paulo,SP
2571,5185,-23.441527,-46.747791,sao paulo,SP
2572,5186,-23.434509,-46.750925,sao paulo,SP
2573,5187,-23.44532,-46.7507,sao paulo,SP
2574,5201,-23.413225,-46.723266,sao paulo,SP
2575,5202,-23.402313,-46.747518,sao paulo,SP
2576,5203,-23.407661,-46.746277,sao paulo,SP
2577,5204,-23.407534,-46.755455,sao paulo,SP
2578,5205,-23.409573,-46.76428,sao paulo,SP
2579,5206,-23.404637,-46.763237,sao paulo,SP
2580,5207,-23.398817,-46.753243,sao paulo,SP
2581,5208,-23.413154,-46.754458,sao paulo,SP
2582,5209,-23.433969,-46.724207,sao paulo,SP
2583,5210,-23.421323,-46.75094,sao paulo,SP
2584,5211,-23.409117,-46.759208,sao paulo,SP
2585,5212,-23.415298,-46.747481,sao paulo,SP
2586,5215,-23.391798,-46.734887,sao paulo,SP
2587,5220,-23.404991,-46.726138,sao paulo,SP
2588,5223,-23.409588,-46.739792,sao paulo,SP
2589,5224,-23.41306,-46.743663,sao paulo,SP
2590,5240,-23.42948,-46.763791,sao paulo,SP
2591,5263,-23.532546,-46.556466,sao paulo,SP
2592,5264,-23.445622,-46.785223,sao paulo,SP
2593,5265,-23.451413,-46.790358,sao paulo,SP
2594,5266,-23.446224,-46.799821,sao paulo,SP
2595,5267,-23.440655,-46.792401,sao paulo,SP
2596,5268,-23.44144,-46.783256,sao paulo,SP
2597,5269,-23.433408,-46.789135,sao paulo,SP
2598,5270,-23.546113,-46.646848,sao paulo,SP
2599,5271,-23.429635,-46.794297,sao paulo,SP
2600,5272,-23.470359,-46.774101,sao paulo,SP
2601,5273,-23.437327,-46.789228,sao paulo,SP
2602,5274,-23.471994,-46.78767,sao paulo,SP
2603,5275,-23.425948,-46.8074,sao paulo,SP
2604,5276,-23.483628,-46.507174,sao paulo,SP
2605,5279,-23.542798,-46.577862,sao paulo,SP
2606,5280,-23.437697,-46.770333,sao paulo,SP
2607,5281,-23.493111,-46.745527,sao paulo,SP
2608,5282,-23.452349,-46.766075,sao paulo,SP
2609,5283,-23.441826,-46.775273,sao paulo,SP
2610,5301,-23.534021,-46.722387,sao paulo,SP
2611,5302,-23.530804,-46.726802,sao paulo,SP
2612,5303,-23.528812,-46.729811,sao paulo,SP
2613,5304,-23.524328,-46.735143,sao paulo,SP
2614,5305,-23.532101,-46.729327,sao paulo,SP
2615,5307,-23.522375,-46.742994,sao paulo,SP
2616,5308,-23.525904,-46.741934,sao paulo,SP
2617,5310,-23.543336,-46.734922,são paulo,SP
2618,5311,-23.529366,-46.740098,sao paulo,SP
2619,5312,-23.530423,-46.738057,sao paulo,SP
2620,5313,-23.530459,-46.736805,sao paulo,SP
2621,5314,-23.53101,-46.736147,sao paulo,SP
2622,5315,-23.533775,-46.731345,são paulo,SP
2623,5316,-23.534949,-46.733916,sao paulo,SP
2624,5317,-23.548354,-46.732686,sao paulo,SP
2625,5318,-23.53566,-46.729452,sao paulo,SP
2626,5319,-23.539284,-46.728209,sao paulo,SP
2627,5321,-23.552211,-46.735109,sao paulo,SP
2628,5322,-23.540378,-46.751763,sao paulo,SP
2629,5323,-23.544454,-46.752352,sao paulo,SP
2630,5324,-23.54075,-46.756597,sao paulo,SP
2631,5325,-23.538847,-46.758831,sao paulo,SP
2632,5326,-23.543338,-46.757776,sao paulo,SP
2633,5327,-23.545378,-46.757736,sao paulo,SP
2634,5328,-23.543375,-46.755758,sao paulo,SP
2635,5329,-23.576029,-46.737303,sao paulo,SP
2636,5330,-23.543075,-46.748456,sao paulo,SP
2637,5331,-23.544982,-46.748749,sao paulo,SP
2638,5332,-23.545752,-46.746946,sao paulo,SP
2639,5333,-23.541473,-46.744055,sao paulo,SP
2640,5334,-23.548083,-46.746354,sao paulo,SP
2641,5335,-23.547127,-46.752705,sao paulo,SP
2642,5336,-23.545048,-46.753194,sao paulo,SP
2643,5337,-23.552302,-46.749807,sao paulo,SP
2644,5338,-23.55281,-46.750787,sao paulo,SP
2645,5339,-23.55446,-46.755412,sao paulo,SP
2646,5340,-23.553368,-46.755107,sao paulo,SP
2647,5343,-23.554183,-46.750436,sao paulo,SP
2648,5344,-23.553542,-46.745489,sao paulo,SP
2649,5345,-23.551017,-46.744435,sao paulo,SP
2650,5346,-23.555561,-46.74429,sao paulo,SP
2651,5347,-23.55256,-46.738315,sao paulo,SP
2652,5348,-23.546242,-46.738124,sao paulo,SP
2653,5350,-23.569426,-46.758624,sao paulo,SP
2654,5351,-23.558931,-46.754425,sao paulo,SP
2655,5352,-23.555474,-46.758523,sao paulo,SP
2656,5353,-23.56006,-46.751212,sao paulo,SP
2657,5356,-23.562901,-46.752806,sao paulo,SP
2658,5358,-23.571795,-46.75013,sao paulo,SP
2659,5359,-23.570051,-46.743332,sao paulo,SP
2660,5360,-23.569788,-46.734634,sao paulo,SP
2661,5361,-23.566732,-46.748537,sao paulo,SP
2662,5362,-23.572573,-46.740961,sao paulo,SP
2663,5363,-23.572678,-46.74698,sao paulo,SP
2664,5364,-23.57128,-46.752138,sao paulo,SP
2665,5365,-23.576041,-46.747871,sao paulo,SP
2666,5366,-23.577029,-46.756558,sao paulo,SP
2667,5367,-23.572876,-46.755167,sao paulo,SP
2668,5368,-23.578687,-46.752239,sao paulo,SP
2669,5369,-23.570554,-46.744694,sao paulo,SP
2670,5371,-23.583384,-46.753962,sao paulo,SP
2671,5372,-23.576348,-46.749926,sao paulo,SP
2672,5373,-23.583574,-46.758481,sao paulo,SP
2673,5374,-23.578715,-46.760127,sao paulo,SP
2674,5376,-23.580726,-46.76676,sao paulo,SP
2675,5379,-23.566177,-46.753318,sao paulo,SP
2676,5381,-23.57254,-46.761489,sao paulo,SP
2677,5382,-23.574765,-46.76228,sao paulo,SP
2678,5386,-23.565377,-46.760017,sao paulo,SP
2679,5387,-23.56586,-46.764986,sao paulo,SP
2680,5388,-23.569127,-46.763167,sao paulo,SP
2681,5396,-23.573033,-46.770168,sao paulo,SP
2682,5397,-23.57939,-46.775757,sao paulo,SP
2683,5398,-23.574601,-46.777997,sao paulo,SP
2684,5399,-23.574548,-46.779264,sao paulo,SP
2685,5400,-23.556974,-46.676036,são paulo,SP
2686,5401,-23.562903,-46.676074,sao paulo,SP
2687,5402,-23.563982,-46.678098,sao paulo,SP
2688,5403,-23.557288,-46.669359,sao paulo,SP
2689,5404,-23.563118,-46.682529,sao paulo,SP
2690,5405,-23.559709,-46.681534,sao paulo,SP
2691,5406,-23.560585,-46.682739,sao paulo,SP
2692,5407,-23.560069,-46.685149,sao paulo,SP
2693,5408,-23.558871,-46.682446,sao paulo,SP
2694,5409,-23.556517,-46.675462,sao paulo,SP
2695,5410,-23.555583,-46.677145,sao paulo,SP
2696,5411,-23.55834,-46.677404,sao paulo,SP
2697,5412,-23.55753,-46.67978,sao paulo,SP
2698,5413,-23.559579,-46.680106,sao paulo,SP
2699,5414,-23.562132,-46.68129,sao paulo,SP
2700,5415,-23.563041,-46.683626,sao paulo,SP
2701,5416,-23.560796,-46.688883,sao paulo,SP
2702,5417,-23.560384,-46.690748,sao paulo,SP
2703,5418,-23.564103,-46.68949,sao paulo,SP
2704,5419,-23.56248,-46.694106,sao paulo,SP
2705,5420,-23.563989,-46.692714,sao paulo,SP
2706,5421,-23.56519,-46.69191,sao paulo,SP
2707,5422,-23.566443,-46.686044,sao paulo,SP
2708,5423,-23.569701,-46.695369,sao paulo,SP
2709,5424,-23.569145,-46.697768,sao paulo,SP
2710,5425,-23.5679,-46.700375,sao paulo,SP
2711,5426,-23.563896,-46.694616,sao paulo,SP
2712,5427,-23.563581,-46.696094,sao paulo,SP
2713,5428,-23.56307,-46.698183,sao paulo,SP
2714,5429,-23.561925,-46.699192,sao paulo,SP
2715,5432,-23.556915,-46.690119,sao paulo,SP
2716,5433,-23.552929,-46.690951,sao paulo,SP
2717,5434,-23.555562,-46.691087,sao paulo,SP
2718,5435,-23.55168,-46.690576,sao paulo,SP
2719,5436,-23.554573,-46.685403,sao paulo,SP
2720,5437,-23.54526,-46.691173,sao paulo,SP
2721,5438,-23.546821,-46.688942,sao paulo,SP
2722,5439,-23.549614,-46.689237,sao paulo,SP
2723,5440,-23.547565,-46.691079,sao paulo,SP
2724,5441,-23.545526,-46.695127,sao paulo,SP
2725,5442,-23.544695,-46.697236,sao paulo,SP
2726,5443,-23.553198,-46.695734,sao paulo,SP
2727,5444,-23.557451,-46.697283,sao paulo,SP
2728,5445,-23.552469,-46.697992,sao paulo,SP
2729,5446,-23.55222,-46.700844,sao paulo,SP
2730,5447,-23.54867,-46.700199,sao paulo,SP
2731,5448,-23.546464,-46.700505,sao paulo,SP
2732,5449,-23.545889,-46.705,sao paulo,SP
2733,5450,-23.547697,-46.706495,sao paulo,SP
2734,5451,-23.542792,-46.702431,sao paulo,SP
2735,5452,-23.544516,-46.708196,sao paulo,SP
2736,5453,-23.542521,-46.707774,sao paulo,SP
2737,5454,-23.541083,-46.710421,sao paulo,SP
2738,5455,-23.541383,-46.71185,sao paulo,SP
2739,5458,-23.542168,-46.715704,sao paulo,SP
2740,5459,-23.555526,-46.704834,sao paulo,SP
2741,5460,-23.550558,-46.711563,sao paulo,SP
2742,5461,-23.548167,-46.716003,sao paulo,SP
2743,5462,-23.558752,-46.704439,sao paulo,SP
2744,5463,-23.5596,-46.707414,sao paulo,SP
2745,5464,-23.55085,-46.714586,sao paulo,SP
2746,5465,-23.554275,-46.715546,sao paulo,SP
2747,5466,-23.550888,-46.718073,sao paulo,SP
2748,5467,-23.543479,-46.715371,sao paulo,SP
2749,5468,-23.539016,-46.715772,sao paulo,SP
2750,5469,-23.541274,-46.72034,sao paulo,SP
2751,5470,-23.54084,-46.723763,sao paulo,SP
2752,5471,-23.540063,-46.725748,sao paulo,SP
2753,5472,-23.549589,-46.718019,sao paulo,SP
2754,5477,-23.5518,-46.722615,sao paulo,SP
2755,5501,-23.570724,-46.705173,sao paulo,SP
2756,5502,-23.574305,-46.705016,sao paulo,SP
2757,5503,-23.570393,-46.710589,sao paulo,SP
2758,5505,-23.557032,-46.712955,sao paulo,SP
2759,5506,-23.562902,-46.708804,sao paulo,SP
2760,5507,-23.56683,-46.710103,sao paulo,SP
2761,5508,-23.560098,-46.728053,sao paulo,SP
2762,5509,-23.571002,-46.711139,sao paulo,SP
2763,5510,-23.572954,-46.70926,sao paulo,SP
2764,5511,-23.576644,-46.70858,sao paulo,SP
2765,5512,-23.582651,-46.715505,sao paulo,SP
2766,5513,-23.580704,-46.713848,sao paulo,SP
2767,5514,-23.585803,-46.679926,sao paulo,SP
2768,5515,-23.580157,-46.714306,sao paulo,SP
2769,5516,-23.581849,-46.717964,sao paulo,SP
2770,5517,-23.583958,-46.722159,sao paulo,SP
2771,5518,-23.586211,-46.727105,sao paulo,SP
2772,5519,-23.589094,-46.731122,sao paulo,SP
2773,5520,-23.597451,-46.740234,sao paulo,SP
2774,5521,-23.591264,-46.730302,sao paulo,SP
2775,5522,-23.592291,-46.736473,sao paulo,SP
2776,5523,-23.593715,-46.740181,sao paulo,SP
2777,5524,-23.596917,-46.742738,sao paulo,SP
2778,5525,-23.600239,-46.753423,sao paulo,SP
2779,5526,-23.601695,-46.746911,sao paulo,SP
2780,5527,-23.592468,-46.743144,sao paulo,SP
2781,5528,-23.594565,-46.757248,sao paulo,SP
2782,5529,-23.593019,-46.742359,sao paulo,SP
2783,5530,-23.576604,-46.717068,sao paulo,SP
2784,5531,-23.579523,-46.722777,sao paulo,SP
2785,5532,-23.578208,-46.723735,sao paulo,SP
2786,5533,-23.582446,-46.723776,sao paulo,SP
2787,5534,-23.601316,-46.748952,sao paulo,SP
2788,5535,-23.583277,-46.731457,sao paulo,SP
2789,5536,-23.588911,-46.738796,sao paulo,SP
2790,5537,-23.586567,-46.735057,sao paulo,SP
2791,5538,-23.588483,-46.737908,sao paulo,SP
2792,5539,-23.57573,-46.727095,sao paulo,SP
2793,5540,-23.576248,-46.724141,sao paulo,SP
2794,5541,-23.589455,-46.742572,sao paulo,SP
2795,5542,-23.588145,-46.749415,sao paulo,SP
2796,5543,-23.58897,-46.738283,sao paulo,SP
2797,5544,-23.593647,-46.765734,sao paulo,SP
2798,5545,-23.586545,-46.767312,sao paulo,SP
2799,5546,-23.587017,-46.770853,sao paulo,SP
2800,5547,-23.593166,-46.771508,sao paulo,SP
2801,5549,-23.597157,-46.766178,sao paulo,SP
2802,5550,-23.57757,-46.751881,sao paulo,SP
2803,5551,-23.589068,-46.761094,sao paulo,SP
2804,5560,-23.588087,-46.780208,sao paulo,SP
2805,5563,-23.601399,-46.7844,sao paulo,SP
2806,5564,-23.594084,-46.774949,sao paulo,SP
2807,5565,-23.595791,-46.789163,sao paulo,SP
2808,5566,-23.592863,-46.791455,sao paulo,SP
2809,5567,-23.593693,-46.786399,sao paulo,SP
2810,5568,-23.590086,-46.786073,sao paulo,SP
2811,5569,-23.600294,-46.79356,sao paulo,SP
2812,5570,-23.603322,-46.793559,sao paulo,SP
2813,5571,-23.594122,-46.785404,sao paulo,SP
2814,5572,-23.596737,-46.79542,sao paulo,SP
2815,5573,-23.585264,-46.740592,sao paulo,SP
2816,5574,-23.58755,-46.802505,sao paulo,SP
2817,5576,-23.587663,-46.782743,sao paulo,SP
2818,5577,-23.586182,-46.772243,sao paulo,SP
2819,5578,-23.575933,-46.71298,sao paulo,SP
2820,5579,-23.571733,-46.713192,sao paulo,SP
2821,5580,-23.572903,-46.717527,sao paulo,SP
2822,5581,-23.571976,-46.722889,sao paulo,SP
2823,5582,-23.573666,-46.728439,sao paulo,SP
2824,5583,-23.583544,-46.783002,sao paulo,SP
2825,5584,-23.580662,-46.791125,sao paulo,SP
2826,5585,-23.571196,-46.725506,sao paulo,SP
2827,5586,-23.570964,-46.728613,sao paulo,SP
2828,5587,-23.571862,-46.722727,sao paulo,SP
2829,5588,-23.576619,-46.742175,sao paulo,SP
2830,5589,-23.575921,-46.738131,sao paulo,SP
2831,5590,-23.575768,-46.733024,sao paulo,SP
2832,5591,-23.578755,-46.732521,sao paulo,SP
2833,5592,-23.579289,-46.736983,sao paulo,SP
2834,5593,-23.580932,-46.736778,sao paulo,SP
2835,5594,-23.582507,-46.739874,sao paulo,SP
2836,5595,-23.580992,-46.742671,sao paulo,SP
2837,5596,-23.581017,-46.746375,sao paulo,SP
2838,5601,-23.58217,-46.70039,sao paulo,SP
2839,5602,-23.577998,-46.70435,sao paulo,SP
2840,5603,-23.582617,-46.701851,sao paulo,SP
2841,5604,-23.587287,-46.700217,sao paulo,SP
2842,5605,-23.590519,-46.704078,sao paulo,SP
2843,5606,-23.580373,-46.705838,são paulo,SP
2844,5608,-23.58235,-46.707279,sao paulo,SP
2845,5609,-23.580738,-46.708893,sao paulo,SP
2846,5610,-23.585149,-46.709881,sao paulo,SP
2847,5611,-23.585496,-46.71238,sao paulo,SP
2848,5612,-23.591698,-46.709027,sao paulo,SP
2849,5613,-23.59009,-46.712805,sao paulo,SP
2850,5614,-23.59512,-46.711775,sao paulo,SP
2851,5615,-23.587748,-46.717148,sao paulo,SP
2852,5616,-23.588967,-46.719393,sao paulo,SP
2853,5617,-23.591175,-46.719635,sao paulo,SP
2854,5618,-23.590311,-46.723454,sao paulo,SP
2855,5619,-23.591283,-46.727065,sao paulo,SP
2856,5620,-23.593991,-46.72406,sao paulo,SP
2857,5621,-23.597467,-46.722873,sao paulo,SP
2858,5622,-23.598938,-46.724871,sao paulo,SP
2859,5623,-23.601452,-46.726137,sao paulo,SP
2860,5624,-23.596034,-46.728072,sao paulo,SP
2861,5625,-23.596721,-46.730654,sao paulo,SP
2862,5626,-23.59464,-46.733543,sao paulo,SP
2863,5627,-23.595411,-46.732293,sao paulo,SP
2864,5628,-23.599899,-46.730825,sao paulo,SP
2865,5629,-23.603818,-46.729158,sao paulo,SP
2866,5630,-23.611154,-46.736476,sao paulo,SP
2867,5632,-23.599918,-46.735087,sao paulo,SP
2868,5633,-23.600219,-46.739092,sao paulo,SP
2869,5634,-23.604587,-46.739216,sao paulo,SP
2870,5635,-23.60288,-46.735973,sao paulo,SP
2871,5638,-23.606587,-46.741747,sao paulo,SP
2872,5639,-23.608939,-46.741472,sao paulo,SP
2873,5640,-23.616399,-46.740209,sao paulo,SP
2874,5641,-23.618069,-46.73673,sao paulo,SP
2875,5642,-23.621484,-46.736058,sao paulo,SP
2876,5650,-23.596948,-46.701926,sao paulo,SP
2877,5651,-23.60295,-46.723959,sao paulo,SP
2878,5652,-23.597602,-46.716865,sao paulo,SP
2879,5653,-23.602465,-46.717087,sao paulo,SP
2880,5654,-23.606078,-46.716358,sao paulo,SP
2881,5655,-23.608945,-46.716236,sao paulo,SP
2882,5656,-23.612372,-46.720711,sao paulo,SP
2883,5657,-23.620141,-46.716949,sao paulo,SP
2884,5658,-23.603294,-46.722666,sao paulo,SP
2885,5659,-23.609647,-46.723963,sao paulo,SP
2886,5660,-23.612409,-46.727168,sao paulo,SP
2887,5661,-23.611266,-46.726408,sao paulo,SP
2888,5662,-23.612342,-46.724293,sao paulo,SP
2889,5663,-23.614324,-46.725666,sao paulo,SP
2890,5664,-23.617311,-46.724357,sao paulo,SP
2891,5665,-23.618156,-46.726405,sao paulo,SP
2892,5670,-23.585942,-46.696558,sao paulo,SP
2893,5671,-23.588203,-46.694649,sao paulo,SP
2894,5672,-23.590505,-46.69646,sao paulo,SP
2895,5673,-23.59093,-46.701294,sao paulo,SP
2896,5674,-23.591842,-46.699329,sao paulo,SP
2897,5675,-23.594654,-46.700581,sao paulo,SP
2898,5676,-23.592906,-46.699437,sao paulo,SP
2899,5678,-23.59769,-46.704999,sao paulo,SP
2900,5679,-23.602249,-46.702258,sao paulo,SP
2901,5683,-23.60442,-46.708122,sao paulo,SP
2902,5684,-23.607591,-46.705799,sao paulo,SP
2903,5685,-23.607115,-46.705216,sao paulo,SP
2904,5686,-23.611597,-46.702814,sao paulo,SP
2905,5687,-23.610546,-46.707452,sao paulo,SP
2906,5688,-23.611514,-46.707212,sao paulo,SP
2907,5690,-23.615544,-46.704739,sao paulo,SP
2908,5691,-23.615432,-46.709198,sao paulo,SP
2909,5692,-23.619219,-46.706051,sao paulo,SP
2910,5693,-23.620182,-46.702816,sao paulo,SP
2911,5704,-23.628982,-46.72047,sao paulo,SP
2912,5705,-23.625264,-46.721305,sao paulo,SP
2913,5706,-23.628534,-46.724932,sao paulo,SP
2914,5707,-23.64053,-46.729107,sao paulo,SP
2915,5709,-23.617823,-46.741739,sao paulo,SP
2916,5710,-23.60911,-46.745036,sao paulo,SP
2917,5711,-23.612928,-46.74458,sao paulo,SP
2918,5712,-23.621255,-46.72966,sao paulo,SP
2919,5713,-23.626275,-46.730568,sao paulo,SP
2920,5715,-23.62893,-46.732147,sao paulo,SP
2921,5716,-23.629899,-46.734097,sao paulo,SP
2922,5717,-23.634702,-46.732293,sao paulo,SP
2923,5718,-23.635456,-46.7385,sao paulo,SP
2924,5723,-23.641935,-46.732302,sao paulo,SP
2925,5724,-23.628098,-46.734769,sao paulo,SP
2926,5725,-23.624818,-46.736115,sao paulo,SP
2927,5726,-23.625148,-46.740944,sao paulo,SP
2928,5727,-23.626705,-46.739113,sao paulo,SP
2929,5728,-23.631485,-46.739437,sao paulo,SP
2930,5729,-23.633738,-46.731265,sao paulo,SP
2931,5730,-23.635618,-46.741969,sao paulo,SP
2932,5731,-23.64044,-46.742925,sao paulo,SP
2933,5734,-23.624118,-46.743189,sao paulo,SP
2934,5735,-23.627845,-46.74949,sao paulo,SP
2935,5736,-23.633398,-46.746493,sao paulo,SP
2936,5741,-23.610698,-46.747886,sao paulo,SP
2937,5742,-23.610275,-46.750023,sao paulo,SP
2938,5743,-23.612239,-46.753386,sao paulo,SP
2939,5745,-23.614533,-46.751972,sao paulo,SP
2940,5749,-23.619854,-46.746443,sao paulo,SP
2941,5750,-23.615807,-46.746612,sao paulo,SP
2942,5752,-23.619469,-46.75113,sao paulo,SP
2943,5754,-23.619853,-46.754255,sao paulo,SP
2944,5755,-23.620922,-46.756225,sao paulo,SP
2945,5756,-23.624274,-46.754792,sao paulo,SP
2946,5757,-23.625636,-46.759337,sao paulo,SP
2947,5758,-23.62862,-46.763826,sao paulo,SP
2948,5759,-23.630133,-46.766224,sao paulo,SP
2949,5760,-23.632399,-46.766712,sao paulo,SP
2950,5761,-23.635557,-46.766596,sao paulo,SP
2951,5762,-23.640892,-46.763323,sao paulo,SP
2952,5763,-23.643893,-46.759633,sao paulo,SP
2953,5765,-23.629308,-46.75679,sao paulo,SP
2954,5766,-23.630924,-46.754819,sao paulo,SP
2955,5767,-23.63326,-46.761028,sao paulo,SP
2956,5770,-23.648536,-46.75895,sao paulo,SP
2957,5772,-23.639532,-46.755638,sao paulo,SP
2958,5773,-23.635017,-46.755004,sao paulo,SP
2959,5774,-23.633686,-46.750073,sao paulo,SP
2960,5775,-23.635542,-46.753361,sao paulo,SP
2961,5776,-23.636843,-46.746743,sao paulo,SP
2962,5777,-23.644223,-46.749223,sao paulo,SP
2963,5778,-23.641699,-46.752318,sao paulo,SP
2964,5780,-23.647086,-46.752756,sao paulo,SP
2965,5781,-23.652043,-46.760399,sao paulo,SP
2966,5782,-23.650985,-46.766495,sao paulo,SP
2967,5783,-23.645707,-46.769494,sao paulo,SP
2968,5784,-23.62057,-46.761762,sao paulo,SP
2969,5785,-23.62505,-46.766627,sao paulo,SP
2970,5786,-23.634927,-46.772219,sao paulo,SP
2971,5787,-23.62153,-46.760705,sao paulo,SP
2972,5788,-23.631708,-46.773661,sao paulo,SP
2973,5789,-23.646724,-46.777947,sao paulo,SP
2974,5790,-23.641902,-46.785494,sao paulo,SP
2975,5791,-23.646405,-46.783191,sao paulo,SP
2976,5792,-23.636732,-46.771218,sao paulo,SP
2977,5793,-23.63925,-46.77527,sao paulo,SP
2978,5794,-23.641702,-46.771646,sao paulo,SP
2979,5795,-23.646566,-46.775901,sao paulo,SP
2980,5796,-23.650249,-46.774323,sao paulo,SP
2981,5797,-23.65504,-46.772548,sao paulo,SP
2982,5798,-23.657424,-46.768152,sao paulo,SP
2983,5801,-23.646716,-46.734161,sao paulo,SP
2984,5802,-23.658241,-46.725723,sao paulo,SP
2985,5804,-23.648317,-46.731746,sao paulo,SP
2986,5805,-23.653282,-46.734202,sao paulo,SP
2987,5812,-23.655821,-46.734084,sao paulo,SP
2988,5813,-23.654783,-46.731781,sao paulo,SP
2989,5814,-23.65957,-46.732405,sao paulo,SP
2990,5815,-23.662169,-46.735719,sao paulo,SP
2991,5816,-23.666887,-46.7391,sao paulo,SP
2992,5818,-23.664793,-46.732441,sao paulo,SP
2993,5819,-23.666319,-46.736675,sao paulo,SP
2994,5820,-23.664968,-46.739,sao paulo,SP
2995,5821,-23.667498,-46.751181,sao paulo,SP
2996,5822,-23.663149,-46.752636,sao paulo,SP
2997,5823,-23.663624,-46.750343,sao paulo,SP
2998,5828,-23.668498,-46.741657,sao paulo,SP
2999,5830,-23.669175,-46.745473,sao paulo,SP
3000,5831,-23.67223,-46.747731,sao paulo,SP
3001,5832,-23.672876,-46.75148,sao paulo,SP
3002,5833,-23.670929,-46.759133,sao paulo,SP
3003,5834,-23.669994,-46.755161,sao paulo,SP
3004,5835,-23.649979,-46.75276,sao paulo,SP
3005,5836,-23.646082,-46.737563,sao paulo,SP
3006,5840,-23.645476,-46.740775,sao paulo,SP
3007,5841,-23.645995,-46.742609,sao paulo,SP
3008,5842,-23.649676,-46.744016,sao paulo,SP
3009,5843,-23.651126,-46.73666,sao paulo,SP
3010,5844,-23.657073,-46.740693,sao paulo,SP
3011,5845,-23.653742,-46.742456,sao paulo,SP
3012,5846,-23.655272,-46.74142,sao paulo,SP
3013,5847,-23.654399,-46.748412,sao paulo,SP
3014,5848,-23.658081,-46.759809,sao paulo,SP
3015,5849,-23.652867,-46.756262,sao paulo,SP
3016,5850,-23.658651,-46.75389,sao paulo,SP
3017,5851,-23.66366,-46.756129,sao paulo,SP
3018,5852,-23.666117,-46.757351,sao paulo,SP
3019,5853,-23.659527,-46.751856,sao paulo,SP
3020,5854,-23.66125,-46.76199,sao paulo,SP
3021,5855,-23.662715,-46.763999,sao paulo,SP
3022,5856,-23.651552,-46.784246,sao paulo,SP
3023,5857,-23.656747,-46.780592,sao paulo,SP
3024,5858,-23.66943,-46.782821,sao paulo,SP
3025,5859,-23.667205,-46.769845,sao paulo,SP
3026,5860,-23.66485,-46.766215,sao paulo,SP
3027,5861,-23.67065,-46.766842,sao paulo,SP
3028,5862,-23.66779,-46.764325,sao paulo,SP
3029,5863,-23.676497,-46.765859,sao paulo,SP
3030,5864,-23.675681,-46.761361,sao paulo,SP
3031,5866,-23.677398,-46.769729,sao paulo,SP
3032,5867,-23.673012,-46.770095,sao paulo,SP
3033,5868,-23.666189,-46.779286,sao paulo,SP
3034,5869,-23.677378,-46.771263,sao paulo,SP
3035,5870,-23.680584,-46.772538,sao paulo,SP
3036,5871,-23.684867,-46.772808,sao paulo,SP
3037,5872,-23.685573,-46.77619,sao paulo,SP
3038,5873,-23.68981,-46.778533,sao paulo,SP
3039,5874,-23.680227,-46.773403,sao paulo,SP
3040,5875,-23.690244,-46.777103,sao paulo,SP
3041,5876,-23.69728,-46.79367,sao paulo,SP
3042,5877,-23.691913,-46.790784,sao paulo,SP
3043,5878,-23.689855,-46.784629,sao paulo,SP
3044,5879,-23.688603,-46.791328,sao paulo,SP
3045,5880,-23.686763,-46.788273,sao paulo,SP
3046,5881,-23.681295,-46.777842,sao paulo,SP
3047,5882,-23.680755,-46.784245,sao paulo,SP
3048,5883,-23.676597,-46.779238,sao paulo,SP
3049,5884,-23.671606,-46.776114,sao paulo,SP
3050,5885,-23.674798,-46.785133,sao paulo,SP
3051,5886,-23.682135,-46.793385,sao paulo,SP
3052,5887,-23.678399,-46.797577,sao paulo,SP
3053,5888,-23.673092,-46.792176,sao paulo,SP
3054,5889,-23.667311,-46.782595,sao paulo,SP
3055,5890,-23.66578,-46.788688,sao paulo,SP
3056,5891,-23.663059,-46.791723,sao paulo,SP
3057,5892,-23.661229,-46.786755,sao paulo,SP
3058,5893,-23.658038,-46.790401,sao paulo,SP
3059,5894,-23.65302,-46.788373,sao paulo,SP
3060,5895,-23.652265,-46.7858,sao paulo,SP
3061,6010,-23.534849,-46.774313,osasco,SP
3062,6013,-23.531697,-46.777165,osasco,SP
3063,6016,-23.532845,-46.77972,osasco,SP
3064,6018,-23.541433,-46.775669,osasco,SP
3065,6020,-23.544216,-46.761898,osasco,SP
3066,6023,-23.543392,-46.770817,osasco,SP
3067,6026,-23.55153,-46.76301,osasco,SP
3068,6028,-23.546818,-46.76752,osasco,SP
3069,6029,-23.548454,-46.769818,osasco,SP
3070,6030,-23.557956,-46.771284,osasco,SP
3071,6033,-23.560322,-46.77804,osasco,SP
3072,6036,-23.554926,-46.776475,osasco,SP
3073,6037,-23.555037,-46.773263,osasco,SP
3074,6038,-23.565591,-46.778325,osasco,SP
3075,6040,-23.570114,-46.783472,osasco,SP
3076,6045,-23.572961,-46.793075,osasco,SP
3077,6050,-23.559166,-46.78668,osasco,SP
3078,6053,-23.559044,-46.788516,osasco,SP
3079,6056,-23.566956,-46.788367,osasco,SP
3080,6060,-23.55305,-46.781855,osasco,SP
3081,6065,-23.555044,-46.790417,osasco,SP
3082,6070,-23.54829,-46.780665,osasco,SP
3083,6075,-23.549484,-46.787836,osasco,SP
3084,6080,-23.543708,-46.785291,osasco,SP
3085,6083,-23.542309,-46.778804,osasco,SP
3086,6086,-23.535251,-46.784651,osasco,SP
3087,6090,-23.533584,-46.782144,osasco,SP
3088,6093,-23.53046,-46.781794,osasco,SP
3089,6097,-23.528657,-46.780087,osasco,SP
3090,6102,-23.549468,-46.812978,osasco,SP
3091,6110,-23.531629,-46.79143,osasco,SP
3092,6112,-23.536415,-46.796011,osasco,SP
3093,6114,-23.533639,-46.797787,osasco,SP
3094,6120,-23.542024,-46.791699,osasco,SP
3095,6122,-23.542162,-46.798677,osasco,SP
3096,6124,-23.546454,-46.796853,osasco,SP
3097,6126,-23.552382,-46.794989,osasco,SP
3098,6130,-23.557628,-46.796709,osasco,SP
3099,6132,-23.556805,-46.798289,osasco,SP
3100,6140,-23.577767,-46.800681,osasco,SP
3101,6142,-23.569473,-46.797734,osasco,SP
3102,6144,-23.566868,-46.800839,osasco,SP
3103,6145,-23.567943,-46.802237,osasco,SP
3104,6147,-23.580865,-46.807364,osasco,SP
3105,6149,-23.581637,-46.813339,osasco,SP
3106,6150,-23.569758,-46.81129,osasco,SP
3107,6152,-23.563529,-46.803398,osasco,SP
3108,6154,-23.560126,-46.80449,osasco,SP
3109,6160,-23.555691,-46.812531,osasco,SP
3110,6162,-23.553569,-46.809178,osasco,SP
3111,6170,-23.545581,-46.804838,osasco,SP
3112,6172,-23.542712,-46.811923,osasco,SP
3113,6180,-23.536659,-46.803415,osasco,SP
3114,6182,-23.529132,-46.812567,osasco,SP
3115,6184,-23.537845,-46.807638,osasco,SP
3116,6186,-23.533929,-46.812902,osasco,SP
3117,6187,-23.545158,-46.813666,osasco,SP
3118,6190,-23.530121,-46.799158,osasco,SP
3119,6192,-23.527751,-46.802065,osasco,SP
3120,6194,-23.525586,-46.8014,osasco,SP
3121,6210,-23.527479,-46.766669,osasco,SP
3122,6213,-23.529512,-46.768224,osasco,SP
3123,6216,-23.525591,-46.771581,osasco,SP
3124,6220,-23.516353,-46.782263,osasco,SP
3125,6223,-23.515639,-46.777653,osasco,SP
3126,6226,-23.508307,-46.778325,osasco,SP
3127,6230,-23.517294,-46.796866,osasco,SP
3128,6233,-23.516711,-46.786929,osasco,SP
3129,6236,-23.510542,-46.788395,osasco,SP
3130,6240,-23.503978,-46.805531,osasco,SP
3131,6243,-23.503638,-46.798147,osasco,SP
3132,6246,-23.498812,-46.807021,osasco,SP
3133,6250,-23.500601,-46.795878,osasco,SP
3134,6253,-23.496907,-46.797741,osasco,SP
3135,6260,-23.499399,-46.791061,osasco,SP
3136,6263,-23.493795,-46.796541,osasco,SP
3137,6266,-23.493373,-46.787837,osasco,SP
3138,6268,-23.50052,-46.778039,osasco,SP
3139,6270,-23.496196,-46.771418,osasco,SP
3140,6273,-23.499149,-46.767812,osasco,SP
3141,6276,-23.486829,-46.776248,osasco,SP
3142,6278,-23.47845,-46.781492,osasco,SP
3143,6280,-23.509643,-46.76697,osasco,SP
3144,6283,-23.514222,-46.767727,osasco,SP
3145,6286,-23.506521,-46.771908,osasco,SP
3146,6288,-23.502432,-46.765506,osasco,SP
3147,6290,-23.520909,-46.771679,osasco,SP
3148,6293,-23.516223,-46.762852,osasco,SP
3149,6296,-23.518175,-46.757169,osasco,SP
3150,6298,-23.521208,-46.754403,osasco,SP
3151,6310,-23.515538,-46.83833,carapicuiba,SP
3152,6311,-23.521128,-46.843816,carapicuiba,SP
3153,6315,-23.524496,-46.84132,carapicuiba,SP
3154,6317,-23.526051,-46.845946,carapicuiba,SP
3155,6320,-23.524723,-46.836198,carapicuiba,SP
3156,6321,-23.539066,-46.82997,carapicuiba,SP
3157,6322,-23.52997,-46.833349,carapicuiba,SP
3158,6325,-23.531332,-46.829192,carapicuiba,SP
3159,6326,-23.529682,-46.828692,carapicuiba,SP
3160,6327,-23.533099,-46.824039,carapicuiba,SP
3161,6328,-23.528189,-46.825056,carapicuiba,SP
3162,6329,-23.539298,-46.821916,carapicuiba,SP
3163,6330,-23.553376,-46.827064,carapicuiba,SP
3164,6331,-23.54366,-46.828769,carapicuiba,SP
3165,6332,-23.548875,-46.830341,carapicuiba,SP
3166,6333,-23.559624,-46.831576,carapicuiba,SP
3167,6334,-23.544465,-46.831398,carapicuiba,SP
3168,6335,-23.555051,-46.833758,carapicuiba,SP
3169,6340,-23.567498,-46.824264,carapicuiba,SP
3170,6341,-23.572542,-46.819378,carapicuiba,SP
3171,6342,-23.57902,-46.825409,carapicuiba,SP
3172,6343,-23.568179,-46.83312,carapicuiba,SP
3173,6345,-23.573733,-46.842119,carapicuiba,SP
3174,6350,-23.574775,-46.855846,carapicuiba,SP
3175,6351,-23.569377,-46.863516,carapicuiba,SP
3176,6352,-23.564032,-46.869976,carapicuiba,SP
3177,6355,-23.560012,-46.859466,carapicuiba,SP
3178,6360,-23.558927,-46.839047,carapicuiba,SP
3179,6361,-23.557604,-46.845609,carapicuiba,SP
3180,6362,-23.554347,-46.841612,carapicuiba,SP
3181,6363,-23.567952,-46.838709,carapicuiba,SP
3182,6364,-23.565515,-46.842423,carapicuiba,SP
3183,6365,-23.552936,-46.850865,carapicuiba,SP
3184,6379,-23.534842,-46.859723,carapicuíba,SP
3185,6380,-23.541157,-46.837359,carapicuiba,SP
3186,6381,-23.545842,-46.838687,carapicuiba,SP
3187,6382,-23.549646,-46.839318,carapicuiba,SP
3188,6384,-23.542561,-46.846173,carapicuiba,SP
3189,6385,-23.54222,-46.843055,carapicuiba,SP
3190,6386,-23.532402,-46.842296,carapicuiba,SP
3191,6387,-23.55135,-46.835142,carapicuiba,SP
3192,6390,-23.54022,-46.853262,carapicuiba,SP
3193,6394,-23.525076,-46.85686,carapicuiba,SP
3194,6395,-23.532723,-46.850077,carapicuiba,SP
3195,6396,-23.529345,-46.853966,carapicuiba,SP
3196,6397,-23.530773,-46.858223,carapicuiba,SP
3197,6401,-23.509953,-46.877043,barueri,SP
3198,6402,-23.508516,-46.879243,barueri,SP
3199,6404,-23.507191,-46.871449,barueri,SP
3200,6405,-23.494344,-46.876508,barueri,SP
3201,6406,-23.501799,-46.88702,barueri,SP
3202,6407,-23.500128,-46.890511,barueri,SP
3203,6408,-23.495195,-46.88521,barueri,SP
3204,6409,-23.494289,-46.896166,barueri,SP
3205,6410,-23.501579,-46.867032,barueri,SP
3206,6411,-23.50155,-46.874138,barueri,SP
3207,6412,-23.497908,-46.880467,barueri,SP
3208,6413,-23.487265,-46.878729,barueri,SP
3209,6414,-23.493036,-46.869838,barueri,SP
3210,6415,-23.4904,-46.889221,barueri,SP
3211,6416,-23.486986,-46.893018,barueri,SP
3212,6417,-23.486327,-46.884053,barueri,SP
3213,6418,-23.482668,-46.885677,barueri,SP
3214,6419,-23.476811,-46.885161,barueri,SP
3215,6420,-23.511117,-46.894798,barueri,SP
3216,6421,-23.508748,-46.901208,barueri,SP
3217,6422,-23.515786,-46.901995,barueri,SP
3218,6423,-23.50006,-46.912512,barueri,SP
3219,6424,-23.495901,-46.874687,barueri,SP
3220,6428,-23.496543,-46.957637,barueri,SP
3221,6429,-23.489859,-46.953182,barueri,SP
3222,6433,-23.526196,-46.88802,barueri,SP
3223,6434,-23.529791,-46.889451,barueri,SP
3224,6435,-23.531737,-46.884209,barueri,SP
3225,6436,-23.537663,-46.888915,barueri,SP
3226,6437,-23.544509,-46.888694,barueri,SP
3227,6440,-23.511264,-46.859352,barueri,SP
3228,6442,-23.515252,-46.876025,barueri,SP
3229,6443,-23.538183,-46.864229,barueri,SP
3230,6444,-23.544183,-46.884442,barueri,SP
3231,6445,-23.529335,-46.864523,barueri,SP
3232,6447,-23.540731,-46.875673,barueri,SP
3233,6448,-23.547886,-46.875732,barueri,SP
3234,6449,-23.542019,-46.868686,barueri,SP
3235,6453,-23.497085,-46.851044,barueri,SP
3236,6454,-23.495139,-46.84764,barueri,SP
3237,6455,-23.500662,-46.851974,barueri,SP
3238,6458,-23.491505,-46.825976,barueri,SP
3239,6460,-23.498805,-46.831443,barueri,SP
3240,6462,-23.485459,-46.809774,barueri,SP
3241,6463,-23.502323,-46.813834,barueri,SP
3242,6465,-23.503981,-46.840984,barueri,SP
3243,6470,-23.494821,-46.858944,barueri,SP
3244,6471,-23.486459,-46.853449,barueri,SP
3245,6472,-23.485626,-46.852939,barueri,SP
3246,6473,-23.482956,-46.865278,barueri,SP
3247,6474,-23.487567,-46.846058,barueri,SP
3248,6475,-23.4876,-46.83702,barueri,SP
3249,6480,-23.488018,-46.855511,barueri,SP
3250,6485,-23.483224,-46.847878,barueri,SP
3251,6501,-23.444205,-46.915183,santana de parnaiba,SP
3252,6502,-23.445079,-46.92482,santana de parnaiba,SP
3253,6503,-23.456257,-46.937905,santana de parnaiba,SP
3254,6504,-23.439651,-46.938526,santana de parnaiba,SP
3255,6505,-23.412593,-46.940966,santana de parnaiba,SP
3256,6506,-23.418614,-46.958876,santana de parnaiba,SP
3257,6509,-23.451452,-46.953623,santana de parnaiba,SP
3258,6513,-23.462374,-46.914306,santana de parnaiba,SP
3259,6514,-23.473247,-46.912215,santana de parnaiba,SP
3260,6515,-23.47368,-46.896467,santana de parnaiba,SP
3261,6516,-23.481039,-46.893916,santana de parnaiba,SP
3262,6517,-23.47611,-46.933974,santana de parnaiba,SP
3263,6519,-23.491235,-46.963554,santana de parnaiba,SP
3264,6520,-23.477562,-46.975204,santana de parnaiba,SP
3265,6523,-23.493862,-47.001293,santana de parnaiba,SP
3266,6524,-23.474621,-47.006333,santana de parnaiba,SP
3267,6525,-23.416327,-46.893743,santana de parnaiba,SP
3268,6526,-23.428905,-46.925863,santana de parnaiba,SP
3269,6528,-23.408634,-46.896807,santana de parnaiba,SP
3270,6529,-23.404007,-46.883674,santana de parnaiba,SP
3271,6530,-23.410923,-46.884751,santana de parnaiba,SP
3272,6531,-23.421499,-46.873794,santana de parnaiba,SP
3273,6532,-23.44206,-46.888826,santana de parnaiba,SP
3274,6533,-23.422259,-46.873382,santana de parnaiba,SP
3275,6534,-23.414662,-46.868844,santana de parnaiba,SP
3276,6535,-23.425343,-46.855843,santana de parnaiba,SP
3277,6537,-23.429223,-46.82689,santana de parnaiba,SP
3278,6539,-23.465762,-46.885228,santana de parnaiba,SP
3279,6540,-23.454112,-46.882201,santana de parnaiba,SP
3280,6541,-23.462224,-46.872716,santana de parnaiba,SP
3281,6542,-23.473707,-46.866049,santana de parnaiba,SP
3282,6543,-23.470063,-46.854185,santana de parnaiba,SP
3283,6544,-23.464124,-46.848929,santana de parnaiba,SP
3284,6550,-23.404054,-46.995196,pirapora do bom jesus,SP
3285,6600,-23.532731,-46.901808,jandira,SP
3286,6602,-23.534415,-46.897746,jandira,SP
3287,6604,-23.539172,-46.904107,jandira,SP
3288,6606,-23.532929,-46.907552,jandira,SP
3289,6608,-23.533698,-46.914961,jandira,SP
3290,6609,-23.535136,-46.910811,jandira,SP
3291,6610,-23.524186,-46.920881,jandira,SP
3292,6612,-23.520971,-46.922414,jandira,SP
3293,6616,-23.526834,-46.909916,jandira,SP
3294,6618,-23.525211,-46.899635,jandira,SP
3295,6620,-23.5462,-46.892747,jandira,SP
3296,6622,-23.546894,-46.899884,jandira,SP
3297,6624,-23.548048,-46.910299,jandira,SP
3298,6626,-23.541482,-46.911531,jandira,SP
3299,6630,-23.555693,-46.890151,jandira,SP
3300,6631,-23.544998,-46.904303,jandira,SP
3301,6633,-23.530553,-46.88624,jandira,SP
3302,6634,-23.558779,-46.904649,jandira,SP
3303,6636,-23.556562,-46.899179,jandira,SP
3304,6642,-23.557258,-46.876999,jandira,SP
3305,6648,-23.548522,-46.867087,jandira,SP
3306,6650,-23.544589,-46.935159,itapevi,SP
3307,6652,-23.549631,-46.926474,itapevi,SP
3308,6653,-23.546921,-46.929724,itapevi,SP
3309,6654,-23.539199,-46.923474,itapevi,SP
3310,6655,-23.567435,-46.986285,itapevi,SP
3311,6656,-23.554363,-46.924438,itapevi,SP
3312,6657,-23.557596,-46.929005,itapevi,SP
3313,6660,-23.54857,-46.955636,itapevi,SP
3314,6663,-23.558146,-46.939398,itapevi,SP
3315,6665,-23.568984,-46.986759,itapevi,SP
3316,6670,-23.586162,-46.965233,itapevi,SP
3317,6673,-23.554944,-46.911947,itapevi,SP
3318,6675,-23.550232,-46.971866,itapevi,SP
3319,6680,-23.535229,-46.976578,itapevi,SP
3320,6683,-23.539826,-46.970779,itapevi,SP
3321,6684,-23.538937,-46.942247,itapevi,SP
3322,6685,-23.541959,-46.998407,itapevi,SP
3323,6690,-23.527593,-46.948929,itapevi,SP
3324,6693,-23.539122,-46.951136,itapevi,SP
3325,6694,-23.543128,-46.938004,itapevi,SP
3326,6695,-23.538322,-46.953629,itapevi,SP
3327,6696,-23.523297,-46.941653,itapevi,SP
3328,6700,-23.609193,-46.934942,cotia,SP
3329,6701,-23.610265,-46.972542,cotia,SP
3330,6702,-23.585632,-46.928907,cotia,SP
3331,6703,-23.596649,-46.911766,cotia,SP
3332,6704,-23.578464,-46.916546,cotia,SP
3333,6705,-23.591714,-46.893938,cotia,SP
3334,6706,-23.578765,-46.874458,cotia,SP
3335,6707,-23.589818,-46.870238,cotia,SP
3336,6708,-23.592557,-46.847078,cotia,SP
3337,6709,-23.59015,-46.833573,cotia,SP
3338,6710,-23.598801,-46.827366,cotia,SP
3339,6711,-23.605668,-46.83971,cotia,SP
3340,6712,-23.608955,-46.847885,cotia,SP
3341,6713,-23.626962,-46.86796,cotia,SP
3342,6714,-23.599497,-46.872114,cotia,SP
3343,6715,-23.60938,-46.876299,cotia,SP
3344,6716,-23.608066,-46.900512,cotia,SP
3345,6717,-23.60928,-46.91781,cotia,SP
3346,6719,-23.623046,-46.937627,cotia,SP
3347,6720,-23.620208,-46.962153,cotia,SP
3348,6721,-23.641452,-46.975874,cotia,SP
3349,6722,-23.638866,-46.951562,cotia,SP
3350,6723,-23.663327,-46.980722,cotia,SP
3351,6724,-23.685486,-46.90983,cotia,SP
3352,6725,-23.687153,-47.028249,cotia,SP
3353,6726,-23.659204,-47.054471,cotia,SP
3354,6727,-23.672556,-47.023756,cotia,SP
3355,6728,-23.6724,-46.988723,cotia,SP
3356,6729,-23.716223,-47.025487,cotia,SP
3357,6730,-23.622338,-47.012656,vargem grande paulista,SP
3358,6738,-23.646152,-47.002796,vargem grande paulista,SP
3359,6753,-23.602091,-46.756631,taboao da serra,SP
3360,6754,-23.60608,-46.757319,taboao da serra,SP
3361,6755,-23.600728,-46.765149,taboao da serra,SP
3362,6756,-23.606351,-46.773694,taboao da serra,SP
3363,6757,-23.608397,-46.778845,taboao da serra,SP
3364,6760,-23.613266,-46.772877,taboao da serra,SP
3365,6763,-23.612064,-46.761164,taboao da serra,SP
3366,6764,-23.616789,-46.767716,taboao da serra,SP
3367,6765,-23.621817,-46.773476,taboao da serra,SP
3368,6766,-23.627621,-46.77844,taboao da serra,SP
3369,6767,-23.623214,-46.785127,taboao da serra,SP
3370,6768,-23.607633,-46.755642,taboão da serra,SP
3371,6770,-23.636889,-46.78496,taboao da serra,SP
3372,6773,-23.642208,-46.791951,taboao da serra,SP
3373,6774,-23.642126,-46.800365,taboao da serra,SP
3374,6775,-23.636791,-46.794865,taboao da serra,SP
3375,6780,-23.623517,-46.791219,taboao da serra,SP
3376,6783,-23.630686,-46.789483,taboao da serra,SP
3377,6784,-23.632478,-46.790191,taboao da serra,SP
3378,6785,-23.636311,-46.806,taboao da serra,SP
3379,6786,-23.625997,-46.80788,taboao da serra,SP
3380,6787,-23.623575,-46.800392,taboao da serra,SP
3381,6790,-23.611174,-46.78696,taboao da serra,SP
3382,6793,-23.613683,-46.781409,taboao da serra,SP
3383,6794,-23.616038,-46.807403,taboao da serra,SP
3384,6795,-23.613042,-46.797615,taboao da serra,SP
3385,6803,-23.648942,-46.849014,embu das artes,SP
3386,6804,-23.644251,-46.850875,embu das artes,SP
3387,6805,-23.633646,-46.850191,embu das artes,SP
3388,6806,-23.63594,-46.838568,embu das artes,SP
3389,6807,-23.627221,-46.823481,embu das artes,SP
3390,6810,-23.647131,-46.801221,embu das artes,SP
3391,6813,-23.65142,-46.805319,embu das artes,SP
3392,6814,-23.659935,-46.81459,embu das artes,SP
3393,6815,-23.653189,-46.814741,embu das artes,SP
3394,6816,-23.644821,-46.819815,embu das artes,SP
3395,6817,-23.634052,-46.819956,embu das artes,SP
3396,6818,-23.642048,-46.837526,embu das artes,SP
3397,6820,-23.659286,-46.796673,embu das artes,SP
3398,6823,-23.669799,-46.801935,embu das artes,SP
3399,6824,-23.676483,-46.804745,embu das artes,SP
3400,6825,-23.666703,-46.810377,embu das artes,SP
3401,6826,-23.659535,-46.801826,embu das artes,SP
3402,6830,-23.646785,-46.842171,embu das artes,SP
3403,6833,-23.656429,-46.844334,embu das artes,SP
3404,6835,-23.676672,-46.851099,embu das artes,SP
3405,6840,-23.649417,-46.861913,embu das artes,SP
3406,6843,-23.666581,-46.862288,embu das artes,SP
3407,6844,-23.662059,-46.882445,embu das artes,SP
3408,6845,-23.641672,-46.89389,embu das artes,SP
3409,6846,-23.635694,-46.87247,embu das artes,SP
3410,6850,-23.709579,-46.851466,itapecerica da serra,SP
3411,6851,-23.718119,-46.859256,itapecerica da serra,SP
3412,6852,-23.706617,-46.858629,itapecerica da serra,SP
3413,6853,-23.690781,-46.855554,itapecerica da serra,SP
3414,6854,-23.701621,-46.848813,itapecerica da serra,SP
3415,6855,-23.695499,-46.827952,itapecerica da serra,SP
3416,6856,-23.693469,-46.806449,itapecerica da serra,SP
3417,6857,-23.704814,-46.799543,itapecerica da serra,SP
3418,6858,-23.708935,-46.8256,itapecerica da serra,SP
3419,6859,-23.70938,-46.833299,itapecerica da serra,SP
3420,6860,-23.724195,-46.839974,itapecerica da serra,SP
3421,6861,-23.731031,-46.810308,itapecerica da serra,SP
3422,6863,-23.729006,-46.83048,itapecerica da serra,SP
3423,6864,-23.74397,-46.801208,itapecerica da serra,SP
3424,6865,-23.746382,-46.794305,itapecerica da serra,SP
3425,6866,-23.754769,-46.801555,itapecerica da serra,SP
3426,6867,-23.757006,-46.809924,itapecerica da serra,SP
3427,6868,-23.759728,-46.825183,itapecerica da serra,SP
3428,6869,-23.744507,-46.846742,itapecerica da serra,SP
3429,6870,-23.730772,-46.877757,itapecerica da serra,SP
3430,6871,-23.724273,-46.857095,itapecerica da serra,SP
3431,6872,-23.735282,-46.851584,itapecerica da serra,SP
3432,6873,-23.754661,-46.85681,itapecerica da serra,SP
3433,6874,-23.762878,-46.84422,itapecerica da serra,SP
3434,6876,-23.759456,-46.879094,itapecerica da serra,SP
3435,6877,-23.777047,-46.911748,itapecerica da serra,SP
3436,6880,-23.778166,-46.918729,itapecerica da serra,SP
3437,6881,-23.744311,-46.918099,itapecerica da serra,SP
3438,6882,-23.740324,-46.897875,itapecerica da serra,SP
3439,6885,-23.70896,-46.87717,itapecerica da serra,SP
3440,6886,-23.715528,-46.888484,itapecerica da serra,SP
3441,6887,-23.69033,-46.885397,itapecerica da serra,SP
3442,6888,-23.686937,-46.864772,itapecerica da serra,SP
3443,6890,-23.85464,-46.948274,sao lourenco da serra,SP
3444,6900,-23.835045,-46.814124,embu-guacu,SP
3445,6950,-23.941357,-47.071427,juquitiba,SP
3446,7010,-23.46772,-46.529363,guarulhos,SP
3447,7011,-23.468146,-46.530761,guarulhos,SP
3448,7012,-23.471611,-46.528985,guarulhos,SP
3449,7013,-23.472695,-46.526144,guarulhos,SP
3450,7020,-23.469431,-46.537548,guarulhos,SP
3451,7021,-23.473525,-46.538892,guarulhos,SP
3452,7022,-23.472894,-46.532783,guarulhos,SP
3453,7023,-23.477739,-46.541863,guarulhos,SP
3454,7024,-23.478593,-46.537453,guarulhos,SP
3455,7025,-23.482718,-46.542963,guarulhos,SP
3456,7030,-23.49635,-46.550112,guarulhos,SP
3457,7031,-23.497575,-46.547838,guarulhos,SP
3458,7032,-23.50475,-46.553896,guarulhos,SP
3459,7033,-23.499063,-46.554809,guarulhos,SP
3460,7034,-23.47716,-46.522334,guarulhos,SP
3461,7040,-23.474505,-46.544417,guarulhos,SP
3462,7041,-23.481565,-46.548653,guarulhos,SP
3463,7042,-23.480918,-46.549596,guarulhos,SP
3464,7043,-23.483969,-46.551206,guarulhos,SP
3465,7044,-23.481399,-46.553763,guarulhos,SP
3466,7050,-23.462659,-46.552284,guarulhos,SP
3467,7051,-23.468252,-46.551221,guarulhos,SP
3468,7052,-23.47244,-46.554128,guarulhos,SP
3469,7053,-23.475839,-46.556959,guarulhos,SP
3470,7054,-23.466593,-46.557597,guarulhos,SP
3471,7055,-23.467446,-46.561117,guarulhos,SP
3472,7056,-23.460143,-46.565738,guarulhos,SP
3473,7060,-23.455513,-46.546861,guarulhos,SP
3474,7061,-23.454664,-46.553954,guarulhos,SP
3475,7062,-23.459826,-46.552774,guarulhos,SP
3476,7063,-23.457068,-46.557715,guarulhos,SP
3477,7064,-23.452187,-46.556528,guarulhos,SP
3478,7070,-23.452256,-46.557356,guarulhos,SP
3479,7071,-23.453379,-46.562181,guarulhos,SP
3480,7072,-23.445486,-46.552916,guarulhos,SP
3481,7073,-23.445915,-46.5628,guarulhos,SP
3482,7074,-23.449128,-46.561931,guarulhos,SP
3483,7075,-23.425723,-46.550117,guarulhos,SP
3484,7076,-23.431777,-46.563071,guarulhos,SP
3485,7077,-23.436099,-46.552057,guarulhos,SP
3486,7080,-23.443608,-46.546543,guarulhos,SP
3487,7081,-23.442759,-46.553607,guarulhos,SP
3488,7082,-23.436732,-46.543659,guarulhos,SP
3489,7083,-23.437606,-46.550385,guarulhos,SP
3490,7084,-23.429453,-46.54951,guarulhos,SP
3491,7085,-23.428561,-46.547102,guarulhos,SP
3492,7087,-23.418933,-46.523388,guarulhos,SP
3493,7090,-23.46772,-46.534835,guarulhos,SP
3494,7091,-23.464355,-46.53785,guarulhos,SP
3495,7092,-23.463256,-46.54458,guarulhos,SP
3496,7093,-23.456752,-46.541954,guarulhos,SP
3497,7094,-23.454069,-46.538351,guarulhos,SP
3498,7095,-23.459334,-46.53429,guarulhos,SP
3499,7096,-23.45108,-46.538805,guarulhos,SP
3500,7097,-23.446751,-46.541473,guarulhos,SP
3501,7110,-23.467449,-46.526218,guarulhos,SP
3502,7111,-23.46463,-46.522569,guarulhos,SP
3503,7112,-23.469087,-46.515649,guarulhos,SP
3504,7113,-23.463235,-46.518458,guarulhos,SP
3505,7114,-23.455699,-46.52822,guarulhos,SP
3506,7115,-23.453556,-46.532658,guarulhos,SP
3507,7120,-23.45491,-46.525742,guarulhos,SP
3508,7121,-23.451635,-46.522566,guarulhos,SP
3509,7122,-23.448912,-46.5182,guarulhos,SP
3510,7123,-23.4448,-46.52534,guarulhos,SP
3511,7124,-23.433757,-46.531396,guarulhos,SP
3512,7130,-23.442683,-46.519515,guarulhos,SP
3513,7131,-23.43471,-46.525799,guarulhos,SP
3514,7132,-23.434509,-46.516787,guarulhos,SP
3515,7133,-23.436614,-46.511318,guarulhos,SP
3516,7134,-23.42885,-46.512761,guarulhos,SP
3517,7135,-23.424361,-46.525062,guarulhos,SP
3518,7140,-23.429851,-46.497935,guarulhos,SP
3519,7141,-23.427771,-46.507522,guarulhos,SP
3520,7142,-23.41456,-46.49053,guarulhos,SP
3521,7143,-23.422535,-46.500936,guarulhos,SP
3522,7144,-23.407834,-46.515873,guarulhos,SP
3523,7145,-23.416346,-46.49559,guarulhos,SP
3524,7150,-23.417832,-46.463155,guarulhos,SP
3525,7151,-23.40952,-46.455455,guarulhos,SP
3526,7152,-23.405228,-46.47081,guarulhos,SP
3527,7153,-23.37814,-46.448407,guarulhos,SP
3528,7154,-23.374335,-46.44879,guarulhos,SP
3529,7155,-23.416466,-46.467956,guarulhos,SP
3530,7156,-23.394531,-46.45129,guarulhos,SP
3531,7159,-23.382245,-46.403087,guarulhos,SP
3532,7160,-23.41168,-46.446657,guarulhos,SP
3533,7161,-23.398337,-46.438427,guarulhos,SP
3534,7162,-23.405717,-46.445584,guarulhos,SP
3535,7170,-23.432885,-46.438445,guarulhos,SP
3536,7171,-23.421782,-46.43682,guarulhos,SP
3537,7172,-23.421259,-46.43093,guarulhos,SP
3538,7173,-23.43065,-46.429585,guarulhos,SP
3539,7174,-23.424811,-46.419981,guarulhos,SP
3540,7175,-23.409427,-46.402454,guarulhos,SP
3541,7176,-23.409887,-46.38635,guarulhos,SP
3542,7177,-23.419041,-46.39764,guarulhos,SP
3543,7178,-23.401126,-46.399007,guarulhos,SP
3544,7179,-23.403903,-46.418971,guarulhos,SP
3545,7180,-23.452298,-46.476826,guarulhos,SP
3546,7181,-23.443913,-46.46748,guarulhos,SP
3547,7182,-23.442513,-46.463897,guarulhos,SP
3548,7183,-23.440947,-46.461183,guarulhos,SP
3549,7184,-23.417696,-46.393666,guarulhos,SP
3550,7190,-23.458049,-46.499033,guarulhos,SP
3551,7191,-23.457058,-46.507522,guarulhos,SP
3552,7192,-23.452238,-46.506353,guarulhos,SP
3553,7193,-23.44727,-46.502524,guarulhos,SP
3554,7194,-23.442999,-46.506324,guarulhos,SP
3555,7195,-23.447805,-46.511075,guarulhos,SP
3556,7196,-23.452297,-46.50959,guarulhos,SP
3557,7197,-23.459384,-46.515792,guarulhos,SP
3558,7210,-23.457496,-46.438241,guarulhos,SP
3559,7215,-23.464675,-46.440514,guarulhos,SP
3560,7220,-23.469365,-46.466611,guarulhos,SP
3561,7221,-23.47101,-46.473962,guarulhos,SP
3562,7222,-23.464771,-46.471919,guarulhos,SP
3563,7223,-23.463359,-46.478467,guarulhos,SP
3564,7224,-23.465323,-46.483415,guarulhos,SP
3565,7230,-23.454557,-46.455996,guarulhos,SP
3566,7231,-23.455788,-46.464242,guarulhos,SP
3567,7232,-23.465911,-46.463659,guarulhos,SP
3568,7240,-23.447989,-46.438803,guarulhos,SP
3569,7241,-23.445949,-46.426841,guarulhos,SP
3570,7242,-23.439512,-46.422062,guarulhos,SP
3571,7243,-23.438677,-46.412735,guarulhos,SP
3572,7244,-23.447083,-46.413772,guarulhos,SP
3573,7250,-23.42038,-46.375232,guarulhos,SP
3574,7251,-23.433449,-46.405209,guarulhos,SP
3575,7252,-23.443868,-46.407673,guarulhos,SP
3576,7260,-23.454891,-46.416147,guarulhos,SP
3577,7261,-23.44746,-46.408429,guarulhos,SP
3578,7262,-23.475576,-46.393266,guarulhos,SP
3579,7263,-23.459509,-46.410676,guarulhos,SP
3580,7270,-23.462097,-46.428961,guarulhos,SP
3581,7271,-23.411975,-46.459606,guarulhos,SP
3582,7272,-23.465825,-46.42461,guarulhos,SP
3583,7273,-23.457572,-46.420957,guarulhos,SP
3584,7283,-23.439316,-46.4609,guarulhos,SP
3585,7400,-23.395849,-46.324026,aruja,SP
3586,7401,-23.389,-46.320741,aruja,SP
3587,7402,-23.396649,-46.314329,aruja,SP
3588,7403,-23.392171,-46.310987,aruja,SP
3589,7404,-23.389542,-46.29953,aruja,SP
3590,7405,-23.388765,-46.301464,aruja,SP
3591,7407,-23.379,-46.309698,aruja,SP
3592,7411,-23.404742,-46.342815,aruja,SP
3593,7413,-23.407787,-46.361293,aruja,SP
3594,7414,-23.406307,-46.364838,aruja,SP
3595,7417,-23.386617,-46.325499,aruja,SP
3596,7422,-23.388624,-46.354677,arujá,SP
3597,7424,-23.330517,-46.308325,aruja,SP
3598,7428,-23.407268,-46.323738,aruja,SP
3599,7429,-23.413892,-46.3296,aruja,SP
3600,7431,-23.419419,-46.35509,aruja,SP
3601,7432,-23.420111,-46.363837,aruja,SP
3602,7434,-23.41594,-46.321099,aruja,SP
3603,7435,-23.416003,-46.317204,aruja,SP
3604,7436,-23.414693,-46.301823,aruja,SP
3605,7437,-23.425244,-46.294228,aruja,SP
3606,7438,-23.406424,-46.292728,aruja,SP
3607,7439,-23.398591,-46.278721,aruja,SP
3608,7440,-23.415946,-46.283254,aruja,SP
3609,7443,-23.41841,-46.305088,aruja,SP
3610,7500,-23.318176,-46.226288,santa isabel,SP
3611,7600,-23.331436,-46.597022,mairipora,SP
3612,7700,-23.362997,-46.741005,caieiras,SP
3613,7703,-23.371966,-46.753054,caieiras,SP
3614,7704,-23.376434,-46.750456,caieiras,SP
3615,7705,-23.659614,-46.475785,mauá,SP
3616,7712,-23.355537,-46.745747,caieiras,SP
3617,7713,-23.352353,-46.748398,caieiras,SP
3618,7714,-23.348068,-46.758382,caieiras,SP
3619,7715,-23.346062,-46.752073,caieiras,SP
3620,7716,-23.342971,-46.746407,caieiras,SP
3621,7717,-23.334806,-46.752357,caieiras,SP
3622,7718,-23.337246,-46.75624,caieiras,SP
3623,7724,-23.357735,-46.733059,caieiras,SP
3624,7726,-23.373377,-46.705716,caieiras,SP
3625,7727,-23.37384,-46.677536,caieiras,SP
3626,7733,-23.410996,-46.674882,caieiras,SP
3627,7734,-23.403374,-46.691258,caieiras,SP
3628,7739,-23.392621,-46.713481,caieiras,SP
3629,7740,-23.39131,-46.712699,caieiras,SP
3630,7741,-23.393092,-46.708951,caieiras,SP
3631,7743,-23.379838,-46.707366,caieiras,SP
3632,7744,-23.39099,-46.716051,caieiras,SP
3633,7745,-23.381208,-46.719138,caieiras,SP
3634,7747,-23.390897,-46.719855,caieiras,SP
3635,7748,-23.391524,-46.730761,caieiras,SP
3636,7749,-23.385323,-46.738658,caieiras,SP
3637,7750,-23.379034,-46.858435,cajamar,SP
3638,7752,-23.363578,-46.85912,cajamar,SP
3639,7753,-23.329891,-46.920572,cajamar,SP
3640,7756,-23.38964,-46.862964,cajamar,SP
3641,7760,-23.363576,-46.797548,jordanesia,SP
3642,7764,-23.376681,-46.926805,cajamar,SP
3643,7767,-23.335586,-46.926222,cajamar,SP
3644,7768,-23.335312,-46.914586,cajamar,SP
3645,7770,-23.412196,-46.843424,polvilho,SP
3646,7776,-23.340647,-46.845548,cajamar,SP
3647,7778,-23.361581,-46.872339,cajamar,SP
3648,7781,-23.286386,-46.873533,cajamar,SP
3649,7785,-23.332061,-46.828582,cajamar,SP
3650,7786,-23.335162,-46.831204,cajamar,SP
3651,7787,-23.340262,-46.831085,cajamar,SP
3652,7788,-23.351852,-46.826589,cajamar,SP
3653,7789,-23.360908,-46.847868,cajamar,SP
3654,7790,-23.40437,-46.837987,cajamar,SP
3655,7791,-23.406049,-46.859697,cajamar,SP
3656,7792,-23.411281,-46.844827,cajamar,SP
3657,7793,-23.413873,-46.831133,cajamar,SP
3658,7794,-23.417188,-46.825249,cajamar,SP
3659,7801,-23.322117,-46.725722,franco da rocha,SP
3660,7802,-23.326613,-46.728704,franco da rocha,SP
3661,7803,-23.330907,-46.732039,franco da rocha,SP
3662,7804,-23.325371,-46.734328,franco da rocha,SP
3663,7807,-23.320893,-46.733071,franco da rocha,SP
3664,7808,-23.320264,-46.738899,franco da rocha,SP
3665,7809,-23.32438,-46.747015,franco da rocha,SP
3666,7810,-23.322799,-46.763641,franco da rocha,SP
3667,7811,-23.315386,-46.778289,franco da rocha,SP
3668,7812,-22.906828,-47.012232,franco da rocha,SP
3669,7813,-23.319159,-46.72429,franco da rocha,SP
3670,7830,-23.303574,-46.756697,franco da rocha,SP
3671,7832,-22.754587,-46.897701,franco da rocha,SP
3672,7835,-23.308586,-46.743513,franco da rocha,SP
3673,7836,-23.303889,-46.741106,franco da rocha,SP
3674,7840,-23.315499,-46.731779,franco da rocha,SP
3675,7841,-23.315918,-46.737048,franco da rocha,SP
3676,7842,-23.319992,-46.719471,franco da rocha,SP
3677,7844,-23.305143,-46.734098,franco da rocha,SP
3678,7845,-23.307976,-46.730242,franco da rocha,SP
3679,7846,-23.310561,-46.728495,franco da rocha,SP
3680,7847,-23.313344,-46.724836,franco da rocha,SP
3681,7849,-23.317982,-46.726395,franco da rocha,SP
3682,7850,-23.331921,-46.724613,franco da rocha,SP
3683,7851,-23.328435,-46.722338,franco da rocha,SP
3684,7852,-23.324961,-46.719914,franco da rocha,SP
3685,7853,-23.323105,-46.713688,franco da rocha,SP
3686,7854,-23.323739,-46.707699,franco da rocha,SP
3687,7855,-23.325214,-46.704071,franco da rocha,SP
3688,7856,-23.323291,-46.700947,franco da rocha,SP
3689,7857,-23.33082,-46.710566,franco da rocha,SP
3690,7858,-23.328301,-46.710616,franco da rocha,SP
3691,7859,-23.329402,-46.71616,franco da rocha,SP
3692,7860,-23.319622,-46.71855,franco da rocha,SP
3693,7861,-23.316055,-46.714594,franco da rocha,SP
3694,7862,-23.319275,-46.710632,franco da rocha,SP
3695,7863,-23.312394,-46.694302,franco da rocha,SP
3696,7865,-23.305721,-46.72243,franco da rocha,SP
3697,7866,-23.299895,-46.709874,franco da rocha,SP
3698,7867,-23.314739,-46.776559,franco da rocha,SP
3699,7868,-23.303133,-46.743399,franco da rocha,SP
3700,7901,-23.282749,-46.746168,francisco morato,SP
3701,7902,-23.290787,-46.742719,francisco morato,SP
3702,7903,-23.295933,-46.740046,francisco morato,SP
3703,7904,-23.2976,-46.736681,francisco morato,SP
3704,7905,-23.289555,-46.762894,francisco morato,SP
3705,7906,-23.298207,-46.744964,francisco morato,SP
3706,7907,-23.296381,-46.748781,francisco morato,SP
3707,7908,-23.29049,-46.749995,francisco morato,SP
3708,7909,-23.289688,-46.744442,francisco morato,SP
3709,7910,-23.279046,-46.745572,francisco morato,SP
3710,7911,-23.284286,-46.751488,francisco morato,SP
3711,7912,-23.290199,-46.755699,francisco morato,SP
3712,7913,-23.288554,-46.761858,francisco morato,SP
3713,7914,-23.281211,-46.755523,francisco morato,SP
3714,7915,-23.27687,-46.730024,francisco morato,SP
3715,7916,-23.277232,-46.758007,francisco morato,SP
3716,7917,-23.276326,-46.750871,francisco morato,SP
3717,7919,-23.264344,-46.733146,francisco morato,SP
3718,7920,-23.271552,-46.748314,francisco morato,SP
3719,7921,-23.272574,-46.760773,francisco morato,SP
3720,7929,-23.263116,-46.755013,francisco morato,SP
3721,7930,-23.259126,-46.750256,francisco morato,SP
3722,7934,-23.284446,-46.750725,francisco morato,SP
3723,7935,-23.259574,-46.740831,francisco morato,SP
3724,7936,-23.26173,-46.743095,francisco morato,SP
3725,7940,-23.269966,-46.747616,francisco morato,SP
3726,7941,-23.268566,-46.744502,francisco morato,SP
3727,7942,-23.275151,-46.739679,francisco morato,SP
3728,7943,-23.266253,-46.739691,francisco morato,SP
3729,7944,-23.265565,-46.731746,francisco morato,SP
3730,7945,-23.265186,-46.731056,francisco morato,SP
3731,7946,-23.277589,-46.737882,francisco morato,SP
3732,7950,-23.273255,-46.744571,francisco morato,SP
3733,7951,-23.272844,-46.732275,francisco morato,SP
3734,7952,-23.273027,-46.733613,francisco morato,SP
3735,7953,-23.265194,-46.726009,francisco morato,SP
3736,7955,-23.269732,-46.724752,francisco morato,SP
3737,7956,-23.278067,-46.730887,francisco morato,SP
3738,7957,-23.27277,-46.729978,francisco morato,SP
3739,7980,-23.2771,-46.746447,francisco morato,SP
3740,7985,-23.284853,-46.704532,francisco morato,SP
3741,7986,-23.289276,-46.700079,francisco morato,SP
3742,7987,-23.288672,-46.707177,francisco morato,SP
3743,7988,-23.279315,-46.741858,francisco morato,SP
3744,7989,-23.297532,-46.714723,francisco morato,SP
3745,7990,-23.278975,-46.740083,francisco morato,SP
3746,7991,-23.283283,-46.739881,francisco morato,SP
3747,7992,-23.286688,-46.734478,francisco morato,SP
3748,7995,-23.295334,-46.729462,francisco morato,SP
3749,7996,-23.2991,-46.725443,francisco morato,SP
3750,7997,-23.277776,-46.732663,francisco morato,SP
3751,7998,-23.292662,-46.733883,francisco morato,SP
3752,8010,-23.49425,-46.437907,sao paulo,SP
3753,8011,-23.495475,-46.446848,sao paulo,SP
3754,8020,-23.504458,-46.441605,sao paulo,SP
3755,8021,-23.5001,-46.434483,sao paulo,SP
3756,8022,-23.493756,-46.425126,sao paulo,SP
3757,8030,-23.503152,-46.42194,sao paulo,SP
3758,8031,-23.512101,-46.423525,sao paulo,SP
3759,8032,-23.51786,-46.426504,sao paulo,SP
3760,8040,-23.50765,-46.450332,sao paulo,SP
3761,8041,-23.515467,-46.440862,sao paulo,SP
3762,8042,-23.508088,-46.433996,sao paulo,SP
3763,8050,-23.510774,-46.457998,sao paulo,SP
3764,8051,-23.512733,-46.467897,sao paulo,SP
3765,8060,-23.502288,-46.452323,sao paulo,SP
3766,8061,-23.502427,-46.464416,sao paulo,SP
3767,8062,-23.510564,-46.473383,sao paulo,SP
3768,8070,-23.495801,-46.461324,sao paulo,SP
3769,8071,-23.490687,-46.449401,sao paulo,SP
3770,8072,-23.508539,-46.482811,sao paulo,SP
3771,8080,-23.487322,-46.430393,sao paulo,SP
3772,8081,-23.485691,-46.419258,sao paulo,SP
3773,8090,-23.47993,-46.434645,sao paulo,SP
3774,8110,-23.498035,-46.399315,sao paulo,SP
3775,8111,-23.491653,-46.379729,sao paulo,SP
3776,8115,-23.490681,-46.389474,sao paulo,SP
3777,8120,-23.503289,-46.396985,sao paulo,SP
3778,8121,-23.502184,-46.384064,sao paulo,SP
3779,8122,-23.496138,-46.379554,sao paulo,SP
3780,8130,-23.507018,-46.374406,sao paulo,SP
3781,8131,-23.502986,-46.376049,sao paulo,SP
3782,8132,-23.509724,-46.376018,sao paulo,SP
3783,8140,-23.511088,-46.399196,sao paulo,SP
3784,8141,-23.514134,-46.392136,sao paulo,SP
3785,8142,-23.520017,-46.393699,sao paulo,SP
3786,8143,-23.516037,-46.461204,sao paulo,SP
3787,8150,-23.51861,-46.414155,sao paulo,SP
3788,8151,-23.51811,-46.403863,sao paulo,SP
3789,8152,-23.512936,-46.406597,sao paulo,SP
3790,8160,-23.504076,-46.410401,sao paulo,SP
3791,8161,-23.503224,-46.413797,sao paulo,SP
3792,8180,-23.49337,-46.421884,sao paulo,SP
3793,8190,-23.487759,-46.394108,sao paulo,SP
3794,8191,-23.481156,-46.383882,sao paulo,SP
3795,8210,-23.536819,-46.449585,sao paulo,SP
3796,8215,-23.540122,-46.444585,sao paulo,SP
3797,8220,-23.537456,-46.46658,sao paulo,SP
3798,8223,-23.526859,-46.471343,sao paulo,SP
3799,8225,-23.529881,-46.461586,sao paulo,SP
3800,8226,-23.552735,-46.543235,sao paulo,SP
3801,8230,-23.522068,-46.45265,sao paulo,SP
3802,8233,-23.525816,-46.472723,sao paulo,SP
3803,8235,-23.520541,-46.464602,sao paulo,SP
3804,8240,-23.523565,-46.443037,sao paulo,SP
3805,8241,-23.51928,-46.436539,sao paulo,SP
3806,8245,-23.519655,-46.44235,sao paulo,SP
3807,8246,-23.531033,-46.437659,sao paulo,SP
3808,8247,-23.534893,-46.433907,sao paulo,SP
3809,8248,-23.529471,-46.433622,sao paulo,SP
3810,8250,-23.540034,-46.440756,sao paulo,SP
3811,8253,-23.549245,-46.439198,sao paulo,SP
3812,8255,-23.550447,-46.435393,sao paulo,SP
3813,8257,-23.553262,-46.428825,sao paulo,SP
3814,8260,-23.568832,-46.436349,sao paulo,SP
3815,8265,-23.579995,-46.45296,sao paulo,SP
3816,8270,-23.56123,-46.461372,sao paulo,SP
3817,8275,-23.571834,-46.479559,sao paulo,SP
3818,8280,-23.560578,-46.473646,sao paulo,SP
3819,8285,-23.55325,-46.472543,sao paulo,SP
3820,8290,-23.553949,-46.453257,sao paulo,SP
3821,8295,-23.54766,-46.456562,sao paulo,SP
3822,8310,-23.629442,-46.467493,sao paulo,SP
3823,8311,-23.631215,-46.465817,sao paulo,SP
3824,8320,-23.626112,-46.473488,sao paulo,SP
3825,8321,-23.604138,-46.490605,sao paulo,SP
3826,8330,-23.61372,-46.467503,sao paulo,SP
3827,8331,-23.609713,-46.469048,sao paulo,SP
3828,8340,-23.611003,-46.459892,sao paulo,SP
3829,8341,-23.60129,-46.453504,sao paulo,SP
3830,8343,-23.606136,-46.446736,sao paulo,SP
3831,8344,-23.609818,-46.449188,sao paulo,SP
3832,8345,-23.610024,-46.444148,sao paulo,SP
3833,8346,-23.554317,-46.686057,sao paulo,SP
3834,8347,-23.514371,-46.562551,sao paulo,SP
3835,8370,-23.609548,-46.464817,sao paulo,SP
3836,8371,-23.596557,-46.43538,sao paulo,SP
3837,8372,-23.602184,-46.436847,sao paulo,SP
3838,8373,-23.482444,-46.646851,sao paulo,SP
3839,8375,-23.599733,-46.459417,sao paulo,SP
3840,8380,-23.598869,-46.440345,sao paulo,SP
3841,8381,-23.607624,-46.431527,sao paulo,SP
3842,8382,-23.612913,-46.441199,sao paulo,SP
3843,8383,-23.561148,-46.514805,sao paulo,SP
3844,8390,-23.626155,-46.471605,sao paulo,SP
3845,8391,-23.590881,-46.561992,sao paulo,SP
3846,8395,-23.622473,-46.456099,sao paulo,SP
3847,8404,-23.529677,-46.40946,sao paulo,SP
3848,8410,-23.548984,-46.424068,sao paulo,SP
3849,8411,-23.55425,-46.412473,sao paulo,SP
3850,8412,-23.55213,-46.408054,sao paulo,SP
3851,8420,-23.544538,-46.429486,sao paulo,SP
3852,8421,-23.558728,-46.430358,sao paulo,SP
3853,8430,-23.526939,-46.423993,sao paulo,SP
3854,8431,-23.533649,-46.417613,sao paulo,SP
3855,8440,-23.533566,-46.411862,sao paulo,SP
3856,8441,-23.534906,-46.412638,sao paulo,SP
3857,8450,-23.544137,-46.399779,sao paulo,SP
3858,8451,-23.539405,-46.400946,sao paulo,SP
3859,8452,-23.532482,-46.397652,sao paulo,SP
3860,8460,-23.552677,-46.40243,sao paulo,SP
3861,8461,-23.560169,-46.403985,sao paulo,SP
3862,8465,-23.566008,-46.398251,sao paulo,SP
3863,8466,-23.546529,-46.508251,sao paulo,SP
3864,8470,-23.59093,-46.407165,sao paulo,SP
3865,8471,-23.603643,-46.399744,sao paulo,SP
3866,8472,-23.570984,-46.403341,sao paulo,SP
3867,8473,-23.584754,-46.42189,sao paulo,SP
3868,8474,-23.596419,-46.414757,sao paulo,SP
3869,8475,-23.588747,-46.399211,sao paulo,SP
3870,8485,-23.590141,-46.412614,sao paulo,SP
3871,8490,-23.569992,-46.418547,sao paulo,SP
3872,8500,-23.544891,-46.366195,ferraz de vasconcelos,SP
3873,8501,-23.54163,-46.361086,ferraz de vasconcelos,SP
3874,8502,-23.539589,-46.358602,ferraz de vasconcelos,SP
3875,8503,-23.548637,-46.360573,ferraz de vasconcelos,SP
3876,8504,-23.555186,-46.360325,ferraz de vasconcelos,SP
3877,8505,-23.552472,-46.366794,ferraz de vasconcelos,SP
3878,8506,-23.558991,-46.370349,ferraz de vasconcelos,SP
3879,8507,-23.561245,-46.367608,ferraz de vasconcelos,SP
3880,8508,-23.563615,-46.368476,ferraz de vasconcelos,SP
3881,8509,-23.568012,-46.359758,ferraz de vasconcelos,SP
3882,8510,-23.560029,-46.359833,ferraz de vasconcelos,SP
3883,8513,-23.57658,-46.365277,ferraz de vasconcelos,SP
3884,8514,-23.56808,-46.367229,ferraz de vasconcelos,SP
3885,8515,-23.577299,-46.37411,ferraz de vasconcelos,SP
3886,8517,-23.568926,-46.372428,ferraz de vasconcelos,SP
3887,8525,-23.557892,-46.389141,ferraz de vasconcelos,SP
3888,8526,-23.557217,-46.383142,ferraz de vasconcelos,SP
3889,8527,-23.552967,-46.379102,ferraz de vasconcelos,SP
3890,8528,-23.554717,-46.374074,ferraz de vasconcelos,SP
3891,8529,-23.547344,-46.372587,ferraz de vasconcelos,SP
3892,8530,-23.536805,-46.369056,ferraz de vasconcelos,SP
3893,8531,-23.540183,-46.372022,ferraz de vasconcelos,SP
3894,8532,-23.539155,-46.377962,ferraz de vasconcelos,SP
3895,8533,-23.545841,-46.379674,ferraz de vasconcelos,SP
3896,8534,-23.550266,-46.385991,ferraz de vasconcelos,SP
3897,8535,-23.552891,-46.389733,ferraz de vasconcelos,SP
3898,8536,-23.540778,-46.386071,ferraz de vasconcelos,SP
3899,8537,-23.532788,-46.392131,ferraz de vasconcelos,SP
3900,8538,-23.530685,-46.387292,ferraz de vasconcelos,SP
3901,8539,-23.537513,-46.375256,ferraz de vasconcelos,SP
3902,8540,-23.520141,-46.380449,ferraz de vasconcelos,SP
3903,8541,-23.520463,-46.374055,ferraz de vasconcelos,SP
3904,8542,-23.516155,-46.370707,ferraz de vasconcelos,SP
3905,8543,-23.524523,-46.374293,ferraz de vasconcelos,SP
3906,8544,-23.53183,-46.363015,ferraz de vasconcelos,SP
3907,8545,-23.532351,-46.370209,ferraz de vasconcelos,SP
3908,8550,-23.521983,-46.341078,poa,SP
3909,8551,-23.522505,-46.348582,poa,SP
3910,8552,-23.528323,-46.354019,poa,SP
3911,8553,-23.522526,-46.363733,poa,SP
3912,8554,-23.51479,-46.360969,poa,SP
3913,8555,-23.510496,-46.353875,poa,SP
3914,8556,-23.514669,-46.348251,poa,SP
3915,8557,-23.513148,-46.341365,poa,SP
3916,8558,-23.508833,-46.335323,poa,SP
3917,8559,-23.517511,-46.335692,poa,SP
3918,8560,-23.531194,-46.335587,poa,SP
3919,8561,-23.52816,-46.340379,poa,SP
3920,8562,-23.532075,-46.344752,poa,SP
3921,8563,-23.533437,-46.350386,poa,SP
3922,8564,-23.538616,-46.352209,poa,SP
3923,8565,-23.540576,-46.342337,poa,SP
3924,8566,-23.545044,-46.346613,poa,SP
3925,8567,-23.549359,-46.352294,poa,SP
3926,8568,-23.555128,-46.346779,poa,SP
3927,8570,-23.476376,-46.355755,itaquaquecetuba,SP
3928,8571,-23.48553,-46.338885,itaquaquecetuba,SP
3929,8572,-23.496492,-46.341598,itaquaquecetuba,SP
3930,8573,-23.491881,-46.350309,itaquaquecetuba,SP
3931,8574,-23.501086,-46.351367,itaquaquecetuba,SP
3932,8575,-23.498943,-46.358523,itaquaquecetuba,SP
3933,8576,-23.488623,-46.357308,itaquaquecetuba,SP
3934,8577,-23.486138,-46.367107,itaquaquecetuba,SP
3935,8578,-23.469205,-46.382545,itaquaquecetuba,SP
3936,8579,-23.461621,-46.37559,itaquaquecetuba,SP
3937,8580,-23.451419,-46.343477,itaquaquecetuba,SP
3938,8581,-23.45728,-46.354227,itaquaquecetuba,SP
3939,8582,-23.449831,-46.359272,itaquaquecetuba,SP
3940,8583,-23.444619,-46.37379,itaquaquecetuba,SP
3941,8584,-23.4278,-46.346994,itaquaquecetuba,SP
3942,8585,-23.488858,-46.354514,itaquaquecetuba,SP
3943,8586,-23.440752,-46.334779,itaquaquecetuba,SP
3944,8587,-23.431563,-46.316317,itaquaquecetuba,SP
3945,8588,-23.438902,-46.319357,itaquaquecetuba,SP
3946,8589,-23.439281,-46.30317,itaquaquecetuba,SP
3947,8590,-23.439104,-46.27675,itaquaquecetuba,SP
3948,8591,-23.452885,-46.305284,itaquaquecetuba,SP
3949,8592,-23.468874,-46.291482,itaquaquecetuba,SP
3950,8593,-23.471925,-46.311042,itaquaquecetuba,SP
3951,8594,-23.487007,-46.301473,itaquaquecetuba,SP
3952,8595,-23.467504,-46.30315,itaquaquecetuba,SP
3953,8596,-23.479325,-46.316306,itaquaquecetuba,SP
3954,8597,-23.46128,-46.320213,itaquaquecetuba,SP
3955,8598,-23.466571,-46.325146,itaquaquecetuba,SP
3956,8599,-23.465441,-46.340097,itaquaquecetuba,SP
3957,8610,-23.541253,-46.300093,suzano,SP
3958,8613,-23.54055,-46.28667,suzano,SP
3959,8615,-23.548162,-46.296215,suzano,SP
3960,8616,-23.556582,-46.2927,suzano,SP
3961,8620,-23.633063,-46.297635,suzano,SP
3962,8621,-23.53339,-46.298193,suzano,SP
3963,8625,-23.643527,-46.312487,suzano,SP
3964,8630,-23.643495,-46.326337,suzano,SP
3965,8633,-23.638971,-46.311271,suzano,SP
3966,8635,-23.669362,-46.332989,suzano,SP
3967,8640,-23.62468,-46.326116,suzano,SP
3968,8650,-23.574006,-46.328666,suzano,SP
3969,8653,-23.615175,-46.318694,suzano,SP
3970,8655,-23.592582,-46.30493,suzano,SP
3971,8656,-23.593313,-46.305443,suzano,SP
3972,8660,-23.559219,-46.336321,suzano,SP
3973,8663,-23.568295,-46.333439,suzano,SP
3974,8664,-23.560504,-46.32526,suzano,SP
3975,8665,-23.559172,-46.313497,suzano,SP
3976,8666,-23.574816,-46.307772,suzano,SP
3977,8670,-23.538384,-46.33045,suzano,SP
3978,8671,-23.544403,-46.327155,suzano,SP
3979,8673,-23.538312,-46.318033,suzano,SP
3980,8674,-23.541776,-46.312248,suzano,SP
3981,8675,-23.55342,-46.312838,suzano,SP
3982,8676,-23.552534,-46.306793,suzano,SP
3983,8680,-23.52803,-46.321245,suzano,SP
3984,8683,-23.528161,-46.310806,suzano,SP
3985,8685,-23.523744,-46.305056,suzano,SP
3986,8686,-23.534593,-46.286765,suzano,SP
3987,8689,-23.528868,-46.314579,suzano,SP
3988,8690,-23.498102,-46.31584,suzano,SP
3989,8692,-23.50098,-46.321664,suzano,SP
3990,8693,-23.502344,-46.30532,suzano,SP
3991,8694,-23.511391,-46.296519,suzano,SP
3992,8695,-23.495345,-46.280353,suzano,SP
3993,8696,-23.510689,-46.290677,suzano,SP
3994,8710,-23.522632,-46.195905,mogi das cruzes,SP
3995,8715,-23.525688,-46.188471,mogi das cruzes,SP
3996,8717,-23.53829,-46.190797,mogi das cruzes,SP
3997,8720,-23.540564,-46.179456,mogi das cruzes,SP
3998,8725,-23.553822,-46.184419,mogi das cruzes,SP
3999,8726,-23.558834,-46.18085,mogi das cruzes,SP
4000,8727,-23.566519,-46.186783,mogi das cruzes,SP
4001,8730,-23.535179,-46.201543,mogi das cruzes,SP
4002,8735,-23.534626,-46.212075,mogi das cruzes,SP
4003,8737,-23.541301,-46.205396,mogi das cruzes,SP
4004,8738,-23.552196,-46.20102,mogi das cruzes,SP
4005,8740,-23.542842,-46.215411,mogi das cruzes,SP
4006,8742,-23.549569,-46.213828,mogi das cruzes,SP
4007,8743,-23.555788,-46.216871,mogi das cruzes,SP
4008,8744,-23.547706,-46.226962,mogi das cruzes,SP
4009,8745,-23.546652,-46.233262,mogi das cruzes,SP
4010,8746,-23.552071,-46.201516,mogi das cruzes,SP
4011,8747,-23.558236,-46.20984,mogi das cruzes,SP
4012,8750,-23.548687,-46.250194,mogi das cruzes,SP
4013,8751,-23.684361,-46.237747,mogi das cruzes,SP
4014,8752,-23.541525,-46.262148,mogi das cruzes,SP
4015,8753,-23.598672,-46.243411,mogi das cruzes,SP
4016,8755,-23.557582,-46.175052,mogi das cruzes,SP
4017,8760,-23.562058,-46.221494,mogi das cruzes,SP
4018,8761,-23.560948,-46.218829,mogi das cruzes,SP
4019,8762,-23.572908,-46.221573,mogi das cruzes,SP
4020,8763,-23.57436,-46.222385,mogi das cruzes,SP
4021,8765,-23.673077,-46.182497,mogi das cruzes,SP
4022,8766,-23.518304,-46.206289,mogi das cruzes,SP
4023,8767,-23.638203,-46.121717,mogi das cruzes,SP
4024,8770,-23.516809,-46.206359,mogi das cruzes,SP
4025,8771,-23.476719,-46.244889,mogi das cruzes,SP
4026,8772,-23.478489,-46.279866,mogi das cruzes,SP
4027,8773,-23.514442,-46.192351,mogi das cruzes,SP
4028,8774,-23.472779,-46.275877,mogi das cruzes,SP
4029,8775,-23.50067,-46.186348,mogi das cruzes,SP
4030,8779,-23.358797,-46.158379,mogi das cruzes,SP
4031,8780,-23.520595,-46.178266,mogi das cruzes,SP
4032,8790,-23.526175,-46.173141,mogi das cruzes,SP
4033,8793,-23.540806,-46.164357,mogi das cruzes,SP
4034,8795,-23.531791,-46.180065,mogi das cruzes,SP
4035,8810,-23.500037,-46.151809,mogi das cruzes,SP
4036,8820,-23.508307,-46.148616,mogi das cruzes,SP
4037,8830,-23.515821,-46.141259,mogi das cruzes,SP
4038,8831,-23.557715,-46.17963,mogi das cruzes,SP
4039,8832,-23.516914,-46.104172,mogi das cruzes,SP
4040,8833,-23.521906,-46.161678,mogi das cruzes,SP
4041,8840,-23.48211,-46.138858,mogi das cruzes,SP
4042,8850,-23.484291,-46.089497,mogi das cruzes,SP
4043,8880,-23.519976,-46.187566,mogi das cruzes,SP
4044,8900,-23.403273,-46.045051,guararema,SP
4045,8940,-23.574641,-46.039949,biritiba-mirim,SP
4046,8970,-23.531758,-45.848516,salesopolis,SP
4047,9010,-23.659639,-46.524997,santo andre,SP
4048,9015,-23.659354,-46.523359,santo andre,SP
4049,9020,-23.661857,-46.526593,santo andre,SP
4050,9030,-23.669146,-46.526385,santo andre,SP
4051,9040,-23.663579,-46.533235,santo andre,SP
4052,9041,-23.663681,-46.538817,santo andre,SP
4053,9050,-23.674506,-46.545391,santo andre,SP
4054,9051,-23.678275,-46.551243,santo andre,SP
4055,9060,-23.664711,-46.549636,santo andre,SP
4056,9061,-23.650473,-46.559018,santo andre,SP
4057,9070,-23.643781,-46.546602,santo andre,SP
4058,9071,-23.651977,-46.548799,santo andre,SP
4059,9080,-23.640202,-46.542079,santo andre,SP
4060,9090,-23.652557,-46.538832,santo andre,SP
4061,9091,-23.658122,-46.545847,santo andre,SP
4062,9110,-23.671057,-46.505559,santo andre,SP
4063,9111,-23.672941,-46.489629,santo andre,SP
4064,9112,-23.668525,-46.490855,santo andre,SP
4065,9120,-23.678648,-46.496086,santo andre,SP
4066,9121,-23.681497,-46.501472,santo andre,SP
4067,9124,-23.736834,-46.479118,santo andre,SP
4068,9130,-23.688263,-46.505334,santo andre,SP
4069,9131,-23.694995,-46.497159,santo andre,SP
4070,9132,-23.702226,-46.502507,santo andre,SP
4071,9133,-23.740048,-46.49103,santo andre,SP
4072,9134,-23.731369,-46.478818,santo andre,SP
4073,9139,-23.702515,-46.521858,santo andre,SP
4074,9150,-23.777933,-46.303072,santo andre,SP
4075,9160,-23.763143,-46.46337,santo andre,SP
4076,9161,-23.766566,-46.459375,santo andré,SP
4077,9163,-23.762946,-46.473361,santo andre,SP
4078,9169,-23.711902,-46.515226,santo andre,SP
4079,9170,-23.708152,-46.508902,santo andre,SP
4080,9171,-23.699674,-46.513181,santo andre,SP
4081,9172,-23.692882,-46.512872,santo andre,SP
4082,9175,-23.687032,-46.516973,santo andre,SP
4083,9176,-23.679334,-46.518349,santo andre,SP
4084,9180,-23.691831,-46.523391,santo andre,SP
4085,9181,-23.683668,-46.525288,santo andre,SP
4086,9182,-23.697298,-46.530336,santo andre,SP
4087,9185,-23.683693,-46.53526,santo andre,SP
4088,9190,-23.675023,-46.538764,santo andre,SP
4089,9195,-23.676257,-46.51458,santo andre,SP
4090,9210,-23.637074,-46.528023,santo andre,SP
4091,9220,-23.623775,-46.536234,santo andre,SP
4092,9230,-23.621229,-46.527267,santo andre,SP
4093,9238,-23.664003,-46.523094,santo andre,SP
4094,9240,-23.629253,-46.524097,santo andre,SP
4095,9241,-23.63271,-46.518878,santo andre,SP
4096,9250,-23.624474,-46.514779,santo andre,SP
4097,9251,-23.630398,-46.507467,santo andre,SP
4098,9260,-23.631129,-46.496632,santo andre,SP
4099,9270,-23.640602,-46.494183,santo andre,SP
4100,9271,-23.643136,-46.499674,santo andre,SP
4101,9272,-23.655289,-46.509845,santo andre,SP
4102,9273,-23.655259,-46.502677,santo andre,SP
4103,9274,-23.656604,-46.497594,santo andré,SP
4104,9280,-23.640788,-46.516006,santo andre,SP
4105,9290,-23.651109,-46.508609,santo andre,SP
4106,9291,-23.645302,-46.519378,santo andre,SP
4107,9310,-23.670627,-46.450779,maua,SP
4108,9311,-23.67803,-46.450187,maua,SP
4109,9312,-23.670019,-46.445075,maua,SP
4110,9320,-23.659734,-46.441473,maua,SP
4111,9321,-23.648815,-46.43618,maua,SP
4112,9330,-23.662719,-46.421803,maua,SP
4113,9331,-23.673089,-46.419973,maua,SP
4114,9332,-23.656076,-46.417856,maua,SP
4115,9333,-23.648704,-46.418004,maua,SP
4116,9334,-23.667937,-46.407475,maua,SP
4117,9335,-23.664784,-46.416716,maua,SP
4118,9336,-23.663213,-46.415287,maua,SP
4119,9340,-23.671262,-46.430753,maua,SP
4120,9341,-23.673276,-46.420397,maua,SP
4121,9350,-23.680862,-46.444311,maua,SP
4122,9351,-23.684019,-46.438635,maua,SP
4123,9360,-23.685099,-46.456924,maua,SP
4124,9361,-23.696411,-46.455745,maua,SP
4125,9370,-23.67997,-46.465217,maua,SP
4126,9371,-23.66915,-46.476761,maua,SP
4127,9372,-23.695451,-46.4656,maua,SP
4128,9380,-23.641017,-46.478144,maua,SP
4129,9381,-23.658891,-46.465458,maua,SP
4130,9389,-23.630322,-46.479231,maua,SP
4131,9390,-23.654146,-46.45348,maua,SP
4132,9391,-23.650947,-46.447026,maua,SP
4133,9400,-23.711852,-46.412306,ribeirao pires,SP
4134,9401,-23.704729,-46.410164,ribeirao pires,SP
4135,9402,-23.703702,-46.41608,ribeirao pires,SP
4136,9403,-23.693295,-46.436856,ribeirao pires,SP
4137,9404,-23.684539,-46.415459,ribeirao pires,SP
4138,9405,-23.700778,-46.403789,ribeirao pires,SP
4139,9406,-23.710866,-46.400479,ribeirao pires,SP
4140,9407,-23.703342,-46.388415,ribeirao pires,SP
4141,9410,-23.710829,-46.390519,ribeirao pires,SP
4142,9411,-23.718721,-46.394902,ribeirao pires,SP
4143,9412,-23.732783,-46.417622,ribeirao pires,SP
4144,9413,-23.739523,-46.431776,ribeirao pires,SP
4145,9414,-23.747397,-46.436789,ribeirao pires,SP
4146,9415,-23.755098,-46.441897,ribeirao pires,SP
4147,9416,-23.738586,-46.446927,ribeirao pires,SP
4148,9420,-23.719575,-46.413389,ribeirao pires,SP
4149,9421,-23.721847,-46.419889,ribeirao pires,SP
4150,9422,-23.718633,-46.421507,ribeirao pires,SP
4151,9423,-23.720009,-46.425668,ribeirao pires,SP
4152,9424,-23.714671,-46.418899,ribeirao pires,SP
4153,9425,-23.709356,-46.427684,ribeirao pires,SP
4154,9426,-23.697662,-46.427466,ribeirao pires,SP
4155,9430,-23.698461,-46.394888,ribeirao pires,SP
4156,9431,-23.691582,-46.382202,ribeirao pires,SP
4157,9432,-23.68732,-46.393286,ribeirao pires,SP
4158,9433,-23.667817,-46.3852,ribeirao pires,SP
4159,9434,-23.660131,-46.372877,ribeirao pires,SP
4160,9435,-23.653751,-46.364534,ribeirao pires,SP
4161,9436,-23.651385,-46.366908,ribeirao pires,SP
4162,9440,-23.689817,-46.371246,ribeirao pires,SP
4163,9441,-23.683439,-46.37545,ribeirao pires,SP
4164,9442,-23.678432,-46.356358,ribeirao pires,SP
4165,9443,-23.680645,-46.349515,ribeirao pires,SP
4166,9444,-23.694444,-46.343266,ribeirao pires,SP
4167,9445,-23.700586,-46.362264,ribeirao pires,SP
4168,9450,-23.746018,-46.394548,rio grande da serra,SP
4169,9510,-23.615813,-46.571739,sao caetano do sul,SP
4170,9520,-23.608558,-46.571222,sao caetano do sul,SP
4171,9521,-23.613072,-46.572906,sao caetano do sul,SP
4172,9530,-23.621421,-46.574712,sao caetano do sul,SP
4173,9531,-23.621267,-46.571469,sao caetano do sul,SP
4174,9540,-23.625733,-46.566645,sao caetano do sul,SP
4175,9541,-23.620238,-46.564074,sao caetano do sul,SP
4176,9550,-23.616588,-46.551744,sao caetano do sul,SP
4177,9551,-23.623902,-46.552741,sao caetano do sul,SP
4178,9560,-23.632687,-46.554341,sao caetano do sul,SP
4179,9561,-23.638801,-46.556909,sao caetano do sul,SP
4180,9570,-23.632628,-46.564717,sao caetano do sul,SP
4181,9571,-23.634335,-46.565412,sao caetano do sul,SP
4182,9572,-23.641986,-46.562686,sao caetano do sul,SP
4183,9580,-23.643023,-46.570881,sao caetano do sul,SP
4184,9581,-23.635285,-46.578416,sao caetano do sul,SP
4185,9600,-23.672225,-46.555776,sao bernardo do campo,SP
4186,9601,-23.669994,-46.560282,sao bernardo do campo,SP
4187,9602,-23.661977,-46.564593,sao bernardo do campo,SP
4188,9603,-23.661858,-46.564757,sao bernardo do campo,SP
4189,9604,-23.657341,-46.568539,sao bernardo do campo,SP
4190,9605,-23.658966,-46.567355,são bernardo do campo,SP
4191,9606,-23.675812,-46.56193,sao bernardo do campo,SP
4192,9607,-23.673649,-46.56121,sao bernardo do campo,SP
4193,9608,-23.674855,-46.565747,sao bernardo do campo,SP
4194,9609,-23.667232,-46.569017,sao bernardo do campo,SP
4195,9610,-23.667576,-46.568212,sao bernardo do campo,SP
4196,9611,-23.662096,-46.570299,sao bernardo do campo,SP
4197,9612,-23.658048,-46.571354,sao bernardo do campo,SP
4198,9613,-23.670901,-46.565009,sao bernardo do campo,SP
4199,9614,-23.669697,-46.556905,sao bernardo do campo,SP
4200,9615,-23.681359,-46.558644,sao bernardo do campo,SP
4201,9616,-23.662419,-46.559391,sao bernardo do campo,SP
4202,9617,-23.666932,-46.559293,sao bernardo do campo,SP
4203,9618,-23.668014,-46.564012,sao bernardo do campo,SP
4204,9619,-23.66564,-46.564639,sao bernardo do campo,SP
4205,9620,-23.667243,-46.570456,sao bernardo do campo,SP
4206,9621,-23.664583,-46.571717,sao bernardo do campo,SP
4207,9623,-23.660678,-46.572531,sao bernardo do campo,SP
4208,9624,-23.656226,-46.57373,sao bernardo do campo,SP
4209,9625,-23.661066,-46.566813,sao bernardo do campo,SP
4210,9626,-23.658255,-46.569998,sao bernardo do campo,SP
4211,9627,-23.658734,-46.565983,sao bernardo do campo,SP
4212,9628,-23.661268,-46.564323,sao bernardo do campo,SP
4213,9629,-23.656452,-46.567372,sao bernardo do campo,SP
4214,9631,-23.658879,-46.562024,sao bernardo do campo,SP
4215,9632,-23.654156,-46.56561,sao bernardo do campo,SP
4216,9633,-23.654337,-46.567209,sao bernardo do campo,SP
4217,9634,-23.652591,-46.569011,sao bernardo do campo,SP
4218,9635,-23.654581,-46.569596,sao bernardo do campo,SP
4219,9636,-23.652621,-46.573894,sao bernardo do campo,SP
4220,9637,-23.652162,-46.5746,sao bernardo do campo,SP
4221,9639,-23.646889,-46.580207,sao bernardo do campo,SP
4222,9640,-23.656709,-46.574904,sao bernardo do campo,SP
4223,9641,-23.661593,-46.576815,sao bernardo do campo,SP
4224,9642,-23.649049,-46.576606,sao bernardo do campo,SP
4225,9651,-23.65835,-46.580231,sao bernardo do campo,SP
4226,9655,-23.655158,-46.594363,sao bernardo do campo,SP
4227,9656,-23.660896,-46.605044,sao bernardo do campo,SP
4228,9657,-23.666751,-46.609231,sao bernardo do campo,SP
4229,9660,-23.659321,-46.592388,sao bernardo do campo,SP
4230,9661,-23.661118,-46.596414,sao bernardo do campo,SP
4231,9662,-23.66092,-46.599454,sao bernardo do campo,SP
4232,9663,-23.65571,-46.598942,sao bernardo do campo,SP
4233,9664,-23.659426,-46.607443,sao bernardo do campo,SP
4234,9665,-23.658354,-46.607595,sao bernardo do campo,SP
4235,9666,-23.658857,-46.606777,sao bernardo do campo,SP
4236,9667,-23.660893,-46.608645,sao bernardo do campo,SP
4237,9668,-23.66327,-46.611371,sao bernardo do campo,SP
4238,9669,-23.662813,-46.608068,sao bernardo do campo,SP
4239,9670,-23.661715,-46.604287,sao bernardo do campo,SP
4240,9671,-23.664498,-46.606114,sao bernardo do campo,SP
4241,9672,-23.660943,-46.602426,sao bernardo do campo,SP
4242,9680,-23.664602,-46.581595,são bernardo do campo,SP
4243,9682,-23.667126,-46.597162,sao bernardo do campo,SP
4244,9683,-23.667878,-46.596342,sao bernardo do campo,SP
4245,9684,-23.667168,-46.594476,sao bernardo do campo,SP
4246,9685,-23.665199,-46.592319,sao bernardo do campo,SP
4247,9686,-23.668696,-46.593061,sao bernardo do campo,SP
4248,9687,-23.673472,-46.595065,sao bernardo do campo,SP
4249,9688,-23.672776,-46.592356,sao bernardo do campo,SP
4250,9689,-23.668152,-46.591414,sao bernardo do campo,SP
4251,9690,-23.671601,-46.589909,sao bernardo do campo,SP
4252,9691,-23.669508,-46.590785,sao bernardo do campo,SP
4253,9692,-23.668604,-46.587282,sao bernardo do campo,SP
4254,9693,-23.665241,-46.588436,sao bernardo do campo,SP
4255,9694,-23.670731,-46.580972,sao bernardo do campo,SP
4256,9695,-23.672946,-46.572146,sao bernardo do campo,SP
4257,9696,-23.67487,-46.55762,sao bernardo do campo,SP
4258,9710,-23.710481,-46.549547,sao bernardo do campo,SP
4259,9715,-23.715437,-46.545876,sao bernardo do campo,SP
4260,9720,-23.714909,-46.554261,sao bernardo do campo,SP
4261,9721,-23.719531,-46.547523,sao bernardo do campo,SP
4262,9725,-23.705043,-46.556829,sao bernardo do campo,SP
4263,9726,-23.687601,-46.561586,sao bernardo do campo,SP
4264,9732,-23.682263,-46.561169,sao bernardo do campo,SP
4265,9750,-23.68837,-46.555268,sao bernardo do campo,SP
4266,9751,-23.691186,-46.543834,sao bernardo do campo,SP
4267,9760,-23.699677,-46.540372,sao bernardo do campo,SP
4268,9761,-23.708704,-46.528362,sao bernardo do campo,SP
4269,9762,-23.706143,-46.520303,sao bernardo do campo,SP
4270,9765,-23.706625,-46.536137,sao bernardo do campo,SP
4271,9770,-23.708984,-46.542887,sao bernardo do campo,SP
4272,9771,-23.704293,-46.542013,sao bernardo do campo,SP
4273,9772,-23.712984,-46.539618,sao bernardo do campo,SP
4274,9780,-23.715038,-46.536707,sao bernardo do campo,SP
4275,9781,-23.724682,-46.536776,sao bernardo do campo,SP
4276,9782,-23.727585,-46.541566,sao bernardo do campo,SP
4277,9783,-23.723041,-46.529164,sao bernardo do campo,SP
4278,9784,-23.717208,-46.525555,sao bernardo do campo,SP
4279,9785,-23.706195,-46.541991,sao bernardo do campo,SP
4280,9790,-23.728396,-46.54225,sao bernardo do campo,SP
4281,9791,-23.740951,-46.532437,sao bernardo do campo,SP
4282,9792,-23.743248,-46.541892,sao bernardo do campo,SP
4283,9810,-23.719504,-46.565284,sao bernardo do campo,SP
4284,9811,-23.726132,-46.560583,sao bernardo do campo,SP
4285,9812,-23.725326,-46.569862,sao bernardo do campo,SP
4286,9820,-23.741832,-46.554495,sao bernardo do campo,SP
4287,9821,-23.75056,-46.559846,sao bernardo do campo,SP
4288,9822,-23.758789,-46.544307,sao bernardo do campo,SP
4289,9830,-23.790697,-46.538408,sao bernardo do campo,SP
4290,9831,-23.792246,-46.54026,sao bernardo do campo,SP
4291,9832,-23.7773,-46.513701,sao bernardo do campo,SP
4292,9834,-23.805185,-46.442695,sao bernardo do campo,SP
4293,9835,-23.824092,-46.58234,sao bernardo do campo,SP
4294,9836,-23.806881,-46.617537,sao bernardo do campo,SP
4295,9837,-23.8209,-46.566479,sao bernardo do campo,SP
4296,9838,-23.843276,-46.564235,sao bernardo do campo,SP
4297,9840,-23.737963,-46.574604,sao bernardo do campo,SP
4298,9841,-23.740051,-46.576876,sao bernardo do campo,SP
4299,9842,-23.756013,-46.593586,sao bernardo do campo,SP
4300,9843,-23.771513,-46.595852,sao bernardo do campo,SP
4301,9844,-23.759096,-46.576806,sao bernardo do campo,SP
4302,9845,-23.741042,-46.57092,sao bernardo do campo,SP
4303,9846,-23.732972,-46.572735,sao bernardo do campo,SP
4304,9847,-23.755492,-46.584226,sao bernardo do campo,SP
4305,9850,-23.725519,-46.581504,sao bernardo do campo,SP
4306,9851,-23.715585,-46.590169,sao bernardo do campo,SP
4307,9852,-23.729674,-46.594868,sao bernardo do campo,SP
4308,9853,-23.736631,-46.592655,sao bernardo do campo,SP
4309,9854,-23.747315,-46.593956,sao bernardo do campo,SP
4310,9855,-23.732273,-46.589421,sao bernardo do campo,SP
4311,9856,-23.730326,-46.601308,sao bernardo do campo,SP
4312,9857,-23.746107,-46.614454,sao bernardo do campo,SP
4313,9860,-23.705868,-46.577157,sao bernardo do campo,SP
4314,9861,-23.71075,-46.581404,sao bernardo do campo,SP
4315,9862,-23.700977,-46.583192,sao bernardo do campo,SP
4316,9869,-23.722645,-46.573863,são bernardo do campo,SP
4317,9890,-23.694878,-46.567733,sao bernardo do campo,SP
4318,9891,-23.685346,-46.570555,sao bernardo do campo,SP
4319,9892,-23.683213,-46.575603,sao bernardo do campo,SP
4320,9894,-23.677448,-46.576149,sao bernardo do campo,SP
4321,9895,-23.702691,-46.570393,sao bernardo do campo,SP
4322,9896,-23.703167,-46.563662,sao bernardo do campo,SP
4323,9910,-23.691273,-46.62893,diadema,SP
4324,9911,-23.689637,-46.618766,diadema,SP
4325,9912,-23.68921,-46.613951,diadema,SP
4326,9913,-23.680586,-46.630033,diadema,SP
4327,9914,-23.69071,-46.631571,diadema,SP
4328,9920,-23.68144,-46.622682,diadema,SP
4329,9921,-23.679462,-46.61268,diadema,SP
4330,9930,-23.670925,-46.617915,diadema,SP
4331,9931,-23.666335,-46.623207,diadema,SP
4332,9932,-23.665255,-46.616358,diadema,SP
4333,9940,-23.668835,-46.603575,diadema,SP
4334,9941,-23.676508,-46.605155,diadema,SP
4335,9942,-23.682789,-46.598691,diadema,SP
4336,9943,-23.671924,-46.600588,diadema,SP
4337,9950,-23.682343,-46.587257,diadema,SP
4338,9951,-23.688783,-46.590612,diadema,SP
4339,9952,-23.692278,-46.598712,diadema,SP
4340,9960,-23.695076,-46.59735,diadema,SP
4341,9961,-23.702611,-46.596395,diadema,SP
4342,9962,-23.701049,-46.598022,diadema,SP
4343,9963,-23.704896,-46.596432,diadema,SP
4344,9970,-23.718836,-46.611585,diadema,SP
4345,9971,-23.725902,-46.621392,diadema,SP
4346,9972,-23.721649,-46.619028,diadema,SP
4347,9973,-23.717944,-46.616991,diadema,SP
4348,9974,-23.718924,-46.612106,diadema,SP
4349,9980,-23.705836,-46.611411,diadema,SP
4350,9981,-23.706699,-46.608508,diadema,SP
4351,9990,-23.696405,-46.617367,diadema,SP
4352,9991,-23.695662,-46.612944,diadema,SP
4353,9992,-23.699616,-46.623422,diadema,SP
4354,9993,-23.702762,-46.6213,diadema,SP
4355,11010,-23.933825,-46.32933,santos,SP
4356,11013,-23.938839,-46.326237,santos,SP
4357,11015,-23.953172,-46.318865,santos,SP
4358,11020,-23.968637,-46.305116,santos,SP
4359,11025,-23.97017,-46.30834,santos,SP
4360,11030,-23.984936,-46.302902,santos,SP
4361,11031,-23.933047,-46.325557,santos,SP
4362,11035,-23.980134,-46.304597,santos,SP
4363,11040,-23.972012,-46.314327,santos,SP
4364,11045,-23.969385,-46.322354,santos,SP
4365,11050,-23.957449,-46.326788,santos,SP
4366,11055,-23.965762,-46.32862,santos,SP
4367,11060,-23.961662,-46.333699,santos,SP
4368,11065,-23.964672,-46.342458,santos,SP
4369,11070,-23.956117,-46.344279,santos,SP
4370,11075,-23.954263,-46.337663,santos,SP
4371,11080,-23.943701,-46.351305,santos,SP
4372,11081,-23.93465,-46.34342,santos,SP
4373,11082,-23.938955,-46.339623,santos,SP
4374,11085,-23.939738,-46.359325,santos,SP
4375,11086,-23.944419,-46.374291,santos,SP
4376,11087,-23.945896,-46.378932,santos,SP
4377,11088,-23.940779,-46.384453,santos,SP
4378,11089,-23.940125,-46.369539,santos,SP
4379,11090,-23.936863,-46.375984,santos,SP
4380,11095,-23.927376,-46.380063,santos,SP
4381,11200,-18.432896,-43.577306,caruara,SP
4382,11250,-23.817657,-46.078709,bertioga,SP
4383,11310,-23.967062,-46.387334,sao vicente,SP
4384,11320,-23.96985,-46.373033,sao vicente,SP
4385,11325,-23.986627,-46.391485,sao vicente,SP
4386,11330,-23.968002,-46.402574,sao vicente,SP
4387,11335,-23.965345,-46.41244,sao vicente,SP
4388,11340,-23.957664,-46.407257,sao vicente,SP
4389,11345,-23.987303,-46.477862,sao vicente,SP
4390,11346,-23.983341,-46.488007,sao vicente,SP
4391,11347,-23.981712,-46.465307,sao vicente,SP
4392,11348,-23.955387,-46.45575,sao vicente,SP
4393,11349,-23.950578,-46.457474,sao vicente,SP
4394,11350,-23.94466,-46.414899,sao vicente,SP
4395,11355,-23.951865,-46.406478,sao vicente,SP
4396,11360,-23.947097,-46.397694,sao vicente,SP
4397,11365,-23.953731,-46.395165,sao vicente,SP
4398,11370,-23.955967,-46.381617,sao vicente,SP
4399,11374,-23.990167,-46.471937,sao vicente,SP
4400,11380,-23.96001,-46.372893,sao vicente,SP
4401,11390,-23.961968,-46.381356,sao vicente,SP
4402,11410,-23.995301,-46.259498,guaruja,SP
4403,11420,-24.007975,-46.271897,guaruja,SP
4404,11421,-24.014072,-46.283134,guaruja,SP
4405,11425,-23.997559,-46.303245,guaruja,SP
4406,11430,-23.994039,-46.28503,guaruja,SP
4407,11431,-23.99567,-46.278792,guaruja,SP
4408,11432,-23.987412,-46.270171,guaruja,SP
4409,11435,-23.976306,-46.259561,guaruja,SP
4410,11436,-23.970832,-46.25212,guaruja,SP
4411,11438,-23.964105,-46.247062,guaruja,SP
4412,11440,-23.983541,-46.24042,guaruja,SP
4413,11441,-23.97956,-46.228332,guaruja,SP
4414,11442,-23.975962,-46.219163,guaruja,SP
4415,11443,-23.979039,-46.205881,guaruja,SP
4416,11444,-23.970912,-46.189851,guaruja,SP
4417,11445,-23.956137,-46.194999,guaruja,SP
4418,11446,-23.944006,-46.198837,guaruja,SP
4419,11449,-23.97198,-46.212003,guaruja,SP
4420,11450,-23.941965,-46.302529,guaruja,SP
4421,11451,-23.945356,-46.290137,guaruja,SP
4422,11453,-23.936793,-46.287219,guaruja,SP
4423,11454,-23.946515,-46.281418,guaruja,SP
4424,11460,-23.954098,-46.286739,guaruja,SP
4425,11461,-23.955299,-46.275086,guaruja,SP
4426,11462,-23.954553,-46.284455,guaruja,SP
4427,11463,-23.952595,-46.290113,guaruja,SP
4428,11470,-23.960512,-46.277955,guaruja,SP
4429,11471,-23.964469,-46.278676,guaruja,SP
4430,11472,-23.972685,-46.276416,guaruja,SP
4431,11473,-23.95312,-46.291039,guaruja,SP
4432,11495,-23.96332,-46.252628,guaruja,SP
4433,11497,-23.963519,-46.244825,guaruja,SP
4434,11500,-23.88006,-46.417109,cubatao,SP
4435,11505,-23.875381,-46.421392,cubatao,SP
4436,11510,-23.886161,-46.424261,cubatao,SP
4437,11515,-23.890006,-46.4292,cubatao,SP
4438,11520,-23.895278,-46.423893,cubatao,SP
4439,11523,-23.90267,-46.424883,cubatao,SP
4440,11525,-23.894437,-46.427621,cubatao,SP
4441,11530,-23.930991,-46.400318,cubatao,SP
4442,11531,-23.915147,-46.412674,cubatao,SP
4443,11533,-23.927662,-46.409736,cubatao,SP
4444,11534,-23.920156,-46.426696,cubatao,SP
4445,11535,-23.933636,-46.430143,cubatao,SP
4446,11538,-23.899177,-46.433405,cubatao,SP
4447,11540,-23.874425,-46.446703,cubatao,SP
4448,11542,-23.91255,-46.463924,cubatao,SP
4449,11543,-23.886379,-46.450331,cubatao,SP
4450,11548,-23.893386,-46.417588,cubatao,SP
4451,11550,-23.878245,-46.426564,cubatao,SP
4452,11555,-23.880914,-46.45025,cubatão,SP
4453,11570,-23.835697,-46.378452,cubatao,SP
4454,11573,-23.883457,-46.42816,cubatao,SP
4455,11600,-23.771394,-45.525034,sao sebastiao,SP
4456,11601,-23.717126,-45.431414,sao sebastiao,SP
4457,11602,-23.726917,-45.42373,sao sebastiao,SP
4458,11603,-23.732094,-45.40325,sao sebastiao,SP
4459,11604,-23.766913,-45.41258,sao sebastiao,SP
4460,11605,-23.773619,-45.406291,sao sebastiao,SP
4461,11606,-23.781375,-45.402298,sao sebastiao,SP
4462,11608,-23.797773,-45.403791,sao sebastiao,SP
4463,11609,-23.801652,-45.405294,sao sebastiao,SP
4464,11610,-23.8053,-45.413276,sao sebastiao,SP
4465,11611,-23.814323,-45.41632,sao sebastiao,SP
4466,11612,-23.821487,-45.432848,sao sebastiao,SP
4467,11614,-23.822308,-45.470285,sao sebastiao,SP
4468,11615,-23.806875,-45.498001,sao sebastiao,SP
4469,11617,-23.793532,-45.579472,sao sebastiao,SP
4470,11618,-23.781199,-45.619627,sao sebastiao,SP
4471,11619,-23.774794,-45.634373,sao sebastiao,SP
4472,11620,-23.792987,-45.555633,maresias,SP
4473,11621,-23.774314,-45.674053,sao sebastiao,SP
4474,11622,-23.770144,-45.680079,sao sebastiao,SP
4475,11623,-23.764447,-45.719381,sao sebastiao,SP
4476,11624,-23.759415,-45.764613,sao sebastiao,SP
4477,11625,-23.764109,-45.788413,sao sebastiao,SP
4478,11626,-23.754154,-45.819448,sao sebastiao,SP
4479,11628,-23.787377,-45.56238,sao sebastiao,SP
4480,11629,-23.75855,-45.413899,sao sebastiao,SP
4481,11630,-23.815301,-45.368912,ilhabela,SP
4482,11660,-23.622643,-45.414774,caraguatatuba,SP
4483,11661,-23.621033,-45.399142,caraguatatuba,SP
4484,11662,-23.623133,-45.384923,caraguatatuba,SP
4485,11663,-23.620808,-45.388111,caraguatatuba,SP
4486,11664,-23.612883,-45.392522,caraguatatuba,SP
4487,11665,-23.63519,-45.425152,caraguatatuba,SP
4488,11666,-23.664939,-45.435777,caraguatatuba,SP
4489,11667,-23.686626,-45.436889,caraguatatuba,SP
4490,11668,-23.709727,-45.44134,caraguatatuba,SP
4491,11669,-23.697282,-45.443891,caraguatatuba,SP
4492,11670,-23.683983,-45.442645,caraguatatuba,SP
4493,11671,-23.673592,-45.442841,caraguatatuba,SP
4494,11672,-23.657975,-45.438744,caraguatatuba,SP
4495,11673,-23.637844,-45.436831,caraguatatuba,SP
4496,11674,-23.628925,-45.433782,caraguatatuba,SP
4497,11675,-23.614071,-45.427456,caraguatatuba,SP
4498,11676,-23.604386,-45.357764,caraguatatuba,SP
4499,11677,-23.581223,-45.334821,caraguatatuba,SP
4500,11678,-23.662997,-45.447232,caraguatatuba,SP
4501,11679,-23.584489,-45.314819,caraguatatuba,SP
4502,11680,-23.453498,-45.093704,ubatuba,SP
4503,11700,-24.009818,-46.407195,praia grande,SP
4504,11701,-24.008185,-46.419212,praia grande,SP
4505,11702,-24.014083,-46.437837,praia grande,SP
4506,11703,-24.020439,-46.460394,praia grande,SP
4507,11704,-24.026311,-46.478705,praia grande,SP
4508,11705,-24.036783,-46.505113,praia grande,SP
4509,11706,-24.047157,-46.525463,praia grande,SP
4510,11707,-24.054664,-46.542741,praia grande,SP
4511,11708,-24.067988,-46.56779,praia grande,SP
4512,11709,-24.079084,-46.590232,praia grande,SP
4513,11710,-24.076442,-46.593627,praia grande,SP
4514,11711,-24.050712,-46.543772,praia grande,SP
4515,11712,-24.035781,-46.530235,praia grande,SP
4516,11713,-24.030911,-46.52259,praia grande,SP
4517,11714,-24.025329,-46.511589,praia grande,SP
4518,11717,-24.022632,-46.497067,praia grande,SP
4519,11718,-24.016312,-46.482097,praia grande,SP
4520,11719,-24.015158,-46.466428,praia grande,SP
4521,11720,-24.008512,-46.46034,praia grande,SP
4522,11721,-24.010736,-46.451489,praia grande,SP
4523,11722,-24.001334,-46.450022,praia grande,SP
4524,11723,-24.005083,-46.44924,praia grande,SP
4525,11724,-24.004817,-46.438149,praia grande,SP
4526,11725,-23.997429,-46.422895,praia grande,SP
4527,11726,-23.995346,-46.407957,praia grande,SP
4528,11730,-24.11222,-46.666371,mongagua,SP
4529,11740,-24.182428,-46.802172,itanhaem,SP
4530,11750,-24.303188,-46.987371,peruibe,SP
4531,11760,-24.291404,-47.161953,itariri,SP
4532,11770,-24.303711,-47.066069,ana dias,SP
4533,11790,-24.27952,-47.235708,pedro de toledo,SP
4534,11800,-24.316561,-47.63478,juquia,SP
4535,11850,-24.278208,-47.448889,miracatu,SP
4536,11900,-24.498655,-47.845644,registro,SP
4537,11910,-24.385499,-47.928158,sete barras,SP
4538,11920,-24.704662,-47.554796,iguape,SP
4539,11925,-24.745565,-47.553796,ilha comprida,SP
4540,11930,-24.715568,-47.881399,pariquera-acu,SP
4541,11940,-24.70166,-48.004886,jacupiranga,SP
4542,11950,-24.728333,-48.113329,cajati,SP
4543,11955,-24.770712,-48.501311,barra do turvo,SP
4544,11960,-24.522732,-48.108625,eldorado,SP
4545,11990,-25.009307,-47.931945,cananeia,SP
4546,12010,-23.032453,-45.559218,taubate,SP
4547,12020,-23.024103,-45.559422,taubate,SP
4548,12030,-23.033009,-45.569883,taubate,SP
4549,12031,-23.039227,-45.581136,taubate,SP
4550,12032,-23.039263,-45.589069,taubate,SP
4551,12040,-23.030446,-45.593565,taubate,SP
4552,12041,-23.027599,-45.578663,taubate,SP
4553,12042,-23.040079,-45.610688,taubate,SP
4554,12043,-23.028781,-45.622336,taubate,SP
4555,12045,-23.049388,-45.629565,taubate,SP
4556,12050,-23.019375,-45.571768,taubate,SP
4557,12051,-23.01215,-45.585598,taubate,SP
4558,12052,-23.009257,-45.568077,taubate,SP
4559,12053,-23.003742,-45.575428,taubate,SP
4560,12054,-23.023045,-45.579466,taubate,SP
4561,12060,-23.014655,-45.559018,taubate,SP
4562,12061,-23.003485,-45.559319,taubate,SP
4563,12062,-23.00378,-45.548141,taubate,SP
4564,12070,-23.017772,-45.541241,taubate,SP
4565,12071,-23.004225,-45.532396,taubate,SP
4566,12072,-23.007758,-45.520576,taubate,SP
4567,12080,-23.022605,-45.550141,taubate,SP
4568,12081,-23.027726,-45.53351,taubate,SP
4569,12082,-23.035327,-45.544573,taubate,SP
4570,12085,-23.017667,-45.518346,taubate,SP
4571,12086,-23.048484,-45.522283,taubate,SP
4572,12090,-23.044073,-45.553744,taubate,SP
4573,12091,-23.046157,-45.568378,taubate,SP
4574,12092,-23.060797,-45.586141,taubate,SP
4575,12093,-23.068787,-45.568747,taubate,SP
4576,12095,-23.075592,-45.538315,taubate,SP
4577,12120,-22.97359,-45.548345,tremembe,SP
4578,12130,-23.088729,-45.190653,lagoinha,SP
4579,12140,-23.22454,-45.355114,sao luis do paraitinga,SP
4580,12150,-23.24634,-45.203726,catucaba,SP
4581,12170,-23.278159,-45.531201,redencao da serra,SP
4582,12180,-23.377754,-45.443822,natividade da serra,SP
4583,12209,-23.177943,-45.882139,sao jose dos campos,SP
4584,12210,-23.183683,-45.884331,sao jose dos campos,SP
4585,12211,-23.1635,-45.893232,sao jose dos campos,SP
4586,12212,-23.156733,-45.901148,sao jose dos campos,SP
4587,12213,-23.152252,-45.909074,sao jose dos campos,SP
4588,12214,-23.160407,-45.91737,sao jose dos campos,SP
4589,12215,-23.186241,-45.8718,sao jose dos campos,SP
4590,12216,-23.195168,-45.879441,sao jose dos campos,SP
4591,12220,-23.179038,-45.854703,sao jose dos campos,SP
4592,12221,-23.171024,-45.84093,sao jose dos campos,SP
4593,12223,-23.181544,-45.828891,sao jose dos campos,SP
4594,12224,-23.178591,-45.823753,sao jose dos campos,SP
4595,12225,-23.190179,-45.795302,sao jose dos campos,SP
4596,12226,-23.13069,-45.918157,sao jose dos campos,SP
4597,12227,-23.208278,-45.854717,sao jose dos campos,SP
4598,12228,-23.248535,-45.83727,sao jose dos campos,SP
4599,12229,-23.269599,-45.864318,sao jose dos campos,SP
4600,12230,-23.22588,-45.887548,sao jose dos campos,SP
4601,12231,-23.223566,-45.882205,sao jose dos campos,SP
4602,12232,-23.25729,-45.8876,sao jose dos campos,SP
4603,12233,-23.2471,-45.887542,sao jose dos campos,SP
4604,12234,-23.283388,-45.895578,sao jose dos campos,SP
4605,12235,-23.234264,-45.903093,sao jose dos campos,SP
4606,12236,-23.251103,-45.89933,sao jose dos campos,SP
4607,12237,-23.244771,-45.914255,sao jose dos campos,SP
4608,12238,-23.256798,-45.919868,sao jose dos campos,SP
4609,12239,-23.266997,-45.901509,sao jose dos campos,SP
4610,12240,-23.224627,-45.915935,sao jose dos campos,SP
4611,12241,-23.231802,-45.926797,sao jose dos campos,SP
4612,12242,-23.201401,-45.906371,sao jose dos campos,SP
4613,12243,-23.201636,-45.897259,sao jose dos campos,SP
4614,12244,-23.199192,-45.941431,sao jose dos campos,SP
4615,12245,-23.197598,-45.889114,sao jose dos campos,SP
4616,12246,-23.216957,-45.907677,sao jose dos campos,SP
4617,12247,-23.147138,-45.78591,sao jose dos campos,SP
4618,12248,-23.170672,-45.796697,sao jose dos campos,SP
4619,12249,-22.913098,-45.962226,sao francisco xavier,SP
4620,12250,-22.953715,-45.83955,monteiro lobato,SP
4621,12260,-23.393437,-45.660502,paraibuna,SP
4622,12270,-23.25927,-45.697154,jambeiro,SP
4623,12280,-23.093763,-45.702008,cacapava,SP
4624,12281,-23.104944,-45.706083,cacapava,SP
4625,12282,-23.103207,-45.700266,cacapava,SP
4626,12283,-23.104115,-45.67752,cacapava,SP
4627,12284,-23.114728,-45.7019,cacapava,SP
4628,12285,-23.12589,-45.714702,cacapava,SP
4629,12286,-23.11035,-45.721255,cacapava,SP
4630,12287,-23.107011,-45.713494,cacapava,SP
4631,12288,-23.093177,-45.711054,cacapava,SP
4632,12289,-23.071131,-45.717926,cacapava,SP
4633,12290,-23.057155,-45.712736,cacapava,SP
4634,12294,-23.141197,-45.71619,cacapava,SP
4635,12295,-23.188411,-45.734693,caçapava,SP
4636,12297,-23.087649,-45.690093,cacapava,SP
4637,12301,-23.267588,-45.939766,jacarei,SP
4638,12302,-23.273288,-45.935575,jacarei,SP
4639,12305,-23.275878,-45.947767,jacarei,SP
4640,12306,-23.288907,-45.947551,jacarei,SP
4641,12307,-23.296863,-45.956365,jacarei,SP
4642,12308,-23.304114,-45.96283,jacarei,SP
4643,12309,-23.309064,-45.957238,jacarei,SP
4644,12310,-23.298729,-45.94669,jacarei,SP
4645,12311,-23.281423,-45.940013,jacarei,SP
4646,12312,-23.301808,-45.932945,jacarei,SP
4647,12315,-23.317781,-45.926448,jacarei,SP
4648,12316,-23.316881,-45.94039,jacarei,SP
4649,12318,-23.311952,-45.95507,jacarei,SP
4650,12319,-23.32381,-45.969808,jacarei,SP
4651,12320,-23.314197,-45.976109,jacarei,SP
4652,12321,-23.298575,-45.984269,jacarei,SP
4653,12322,-23.31089,-45.984504,jacarei,SP
4654,12323,-23.324823,-45.991037,jacarei,SP
4655,12324,-23.313305,-46.004095,jacarei,SP
4656,12325,-23.305857,-46.015836,jacarei,SP
4657,12326,-23.32424,-46.045648,jacarei,SP
4658,12327,-23.302362,-45.9719,jacarei,SP
4659,12328,-23.287991,-45.962299,jacarei,SP
4660,12329,-23.287787,-45.953632,jacarei,SP
4661,12330,-23.296501,-46.020475,jacarei,SP
4662,12331,-23.271938,-46.065499,jacarei,SP
4663,12333,-23.226369,-46.069733,jacarei,SP
4664,12334,-23.268491,-46.004602,jacarei,SP
4665,12335,-23.264239,-45.964451,jacarei,SP
4666,12340,-23.366577,-46.027142,jacarei,SP
4667,12341,-23.293576,-45.985105,jacarei,SP
4668,12350,-23.204595,-46.153998,igarata,SP
4669,12380,-23.399446,-45.885416,santa branca,SP
4670,12400,-22.926564,-45.463108,pindamonhangaba,SP
4671,12401,-22.919802,-45.464571,pindamonhangaba,SP
4672,12402,-22.917041,-45.447312,pindamonhangaba,SP
4673,12403,-22.921533,-45.443417,pindamonhangaba,SP
4674,12404,-22.906721,-45.470784,pindamonhangaba,SP
4675,12405,-22.924024,-45.436949,pindamonhangaba,SP
4676,12410,-22.934773,-45.456443,pindamonhangaba,SP
4677,12411,-22.931247,-45.435739,pindamonhangaba,SP
4678,12412,-22.951985,-45.459026,pindamonhangaba,SP
4679,12413,-22.946965,-45.419592,pindamonhangaba,SP
4680,12414,-22.945453,-45.407976,pindamonhangaba,SP
4681,12415,-22.960329,-45.408469,pindamonhangaba,SP
4682,12420,-22.943048,-45.465851,pindamonhangaba,SP
4683,12421,-22.950868,-45.477458,pindamonhangaba,SP
4684,12422,-22.937121,-45.472843,pindamonhangaba,SP
4685,12423,-22.946284,-45.503283,pindamonhangaba,SP
4686,12424,-22.957273,-45.488378,pindamonhangaba,SP
4687,12425,-22.931194,-45.476625,pindamonhangaba,SP
4688,12426,-22.950478,-45.498405,pindamonhangaba,SP
4689,12440,-22.913259,-45.368715,pindamonhangaba,SP
4690,12441,-22.925427,-45.372404,pindamonhangaba,SP
4691,12442,-22.938527,-45.38231,pindamonhangaba,SP
4692,12443,-22.89632,-45.371488,pindamonhangaba,SP
4693,12444,-22.896177,-45.379535,pindamonhangaba,SP
4694,12445,-22.888174,-45.376277,pindamonhangaba,SP
4695,12446,-22.886229,-45.367605,pindamonhangaba,SP
4696,12450,-22.808467,-45.690921,santo antonio do pinhal,SP
4697,12460,-22.736169,-45.585997,campos do jordao,SP
4698,12490,-22.689938,-45.723373,sao bento do sapucai,SP
4699,12500,-22.813597,-45.192279,guaratingueta,SP
4700,12501,-22.818446,-45.19462,guaratingueta,SP
4701,12502,-22.81572,-45.183428,guaratingueta,SP
4702,12503,-22.82545,-45.190315,guaratingueta,SP
4703,12504,-22.824359,-45.205055,guaratingueta,SP
4704,12505,-22.814415,-45.199346,guaratingueta,SP
4705,12506,-22.803306,-45.210767,guaratingueta,SP
4706,12507,-22.806714,-45.239376,guaratingueta,SP
4707,12508,-22.793411,-45.269963,guaratingueta,SP
4708,12509,-22.796684,-45.22524,guaratingueta,SP
4709,12510,-22.786905,-45.22763,guaratingueta,SP
4710,12511,-22.799761,-45.207189,guaratingueta,SP
4711,12512,-22.778351,-45.20789,guaratingueta,SP
4712,12513,-22.778786,-45.198694,guaratingueta,SP
4713,12514,-22.796808,-45.197722,guaratingueta,SP
4714,12515,-22.805421,-45.193047,guaratingueta,SP
4715,12516,-22.801063,-45.187799,guaratingueta,SP
4716,12517,-22.795956,-45.183226,guaratingueta,SP
4717,12518,-22.786401,-45.182901,guaratingueta,SP
4718,12519,-22.777251,-45.184657,guaratingueta,SP
4719,12520,-22.804705,-45.177999,guaratingueta,SP
4720,12521,-22.7815,-45.16571,guaratingueta,SP
4721,12522,-22.783939,-45.1564,guaratingueta,SP
4722,12523,-22.787269,-45.149618,guaratingueta,SP
4723,12524,-22.812805,-45.174794,guaratingueta,SP
4724,12525,-22.837152,-45.257976,potim,SP
4725,12530,-23.070013,-44.954715,cunha,SP
4726,12540,-22.960898,-44.855017,campos de cunha,SP
4727,12570,-22.853026,-45.250211,aparecida,SP
4728,12580,-22.898907,-45.303995,roseira,SP
4729,12600,-22.730782,-45.123308,lorena,SP
4730,12601,-22.73706,-45.13084,lorena,SP
4731,12602,-22.723014,-45.120911,lorena,SP
4732,12603,-22.724873,-45.110627,lorena,SP
4733,12604,-22.731391,-45.10903,lorena,SP
4734,12605,-22.738627,-45.096458,lorena,SP
4735,12606,-22.741249,-45.109314,lorena,SP
4736,12607,-22.742429,-45.115616,lorena,SP
4737,12608,-22.741539,-45.126501,lorena,SP
4738,12609,-22.750137,-45.121871,lorena,SP
4739,12610,-22.752784,-45.132113,lorena,SP
4740,12611,-22.743464,-45.134539,lorena,SP
4741,12615,-22.704084,-45.054441,canas,SP
4742,12620,-22.608901,-45.183299,piquete,SP
4743,12630,-22.666144,-45.010099,cachoeira paulista,SP
4744,12690,-22.666674,-44.852535,silveiras,SP
4745,12701,-22.578481,-44.961783,cruzeiro,SP
4746,12702,-22.586187,-44.968321,cruzeiro,SP
4747,12703,-22.584187,-44.975733,cruzeiro,SP
4748,12704,-22.579114,-44.982805,cruzeiro,SP
4749,12705,-22.574451,-44.970134,cruzeiro,SP
4750,12710,-22.568217,-44.959411,cruzeiro,SP
4751,12711,-22.563015,-44.968066,cruzeiro,SP
4752,12712,-22.561048,-44.959205,cruzeiro,SP
4753,12720,-22.56534,-44.944365,cruzeiro,SP
4754,12721,-22.558277,-44.94405,cruzeiro,SP
4755,12722,-22.561816,-44.938089,cruzeiro,SP
4756,12723,-22.560501,-44.931593,cruzeiro,SP
4757,12730,-22.579857,-44.953038,cruzeiro,SP
4758,12760,-22.559957,-44.918165,lavrinhas,SP
4759,12800,-22.538835,-44.77278,queluz,SP
4760,12820,-22.582818,-44.695987,areias,SP
4761,12830,-22.649976,-44.577827,sao jose do barreiro,SP
4762,12850,-22.684749,-44.318895,bananal,SP
4763,12870,-22.673672,-44.446543,arapei,SP
4764,12900,-22.956858,-46.542001,braganca paulista,SP
4765,12902,-22.959368,-46.548303,braganca paulista,SP
4766,12903,-22.944471,-46.554532,braganca paulista,SP
4767,12904,-22.94457,-46.548878,braganca paulista,SP
4768,12906,-22.940008,-46.549237,braganca paulista,SP
4769,12908,-22.935554,-46.545091,braganca paulista,SP
4770,12910,-22.940877,-46.532145,braganca paulista,SP
4771,12912,-22.950884,-46.534507,braganca paulista,SP
4772,12913,-22.960926,-46.524336,braganca paulista,SP
4773,12914,-22.964546,-46.534214,braganca paulista,SP
4774,12916,-22.981483,-46.53497,braganca paulista,SP
4775,12917,-22.981242,-46.547751,braganca paulista,SP
4776,12918,-22.979786,-46.628543,braganca paulista,SP
4777,12919,-22.971132,-46.5503,braganca paulista,SP
4778,12922,-22.914536,-46.55579,braganca paulista,SP
4779,12924,-22.88077,-46.530907,braganca paulista,SP
4780,12926,-22.92174,-46.540086,braganca paulista,SP
4781,12927,-22.913012,-46.534922,braganca paulista,SP
4782,12929,-22.930008,-46.526314,braganca paulista,SP
4783,12930,-22.814017,-46.694805,tuiuti,SP
4784,12935,-22.893519,-46.412916,vargem,SP
4785,12940,-23.114661,-46.553045,atibaia,SP
4786,12941,-23.123798,-46.542936,atibaia,SP
4787,12942,-23.122873,-46.560745,atibaia,SP
4788,12943,-23.127852,-46.569001,atibaia,SP
4789,12944,-23.109754,-46.555373,atibaia,SP
4790,12945,-23.113261,-46.526972,atibaia,SP
4791,12946,-23.141786,-46.551514,atibaia,SP
4792,12947,-23.137753,-46.558272,atibaia,SP
4793,12948,-23.187546,-46.584302,atibaia,SP
4794,12949,-23.152209,-46.592233,atibaia,SP
4795,12950,-23.141622,-46.582241,atibaia,SP
4796,12951,-23.124834,-46.582653,atibaia,SP
4797,12952,-23.105968,-46.590277,atibaia,SP
4798,12953,-23.095373,-46.600293,atibaia,SP
4799,12954,-23.074587,-46.553609,atibaia,SP
4800,12955,-23.136161,-46.468852,bom jesus dos perdoes,SP
4801,12960,-23.173929,-46.398498,nazare paulista,SP
4802,12970,-23.055765,-46.359787,piracaia,SP
4803,12980,-22.930963,-46.275146,joanopolis,SP
4804,12990,-22.794646,-46.445193,pedra bela,SP
4805,12995,-22.781091,-46.58922,pinhalzinho,SP
4806,13010,-22.904839,-47.059384,campinas,SP
4807,13012,-22.904828,-47.059728,campinas,SP
4808,13013,-22.906183,-47.063135,campinas,SP
4809,13015,-22.904113,-47.056557,campinas,SP
4810,13020,-22.898148,-47.068477,campinas,SP
4811,13023,-22.893317,-47.060596,campinas,SP
4812,13024,-22.891806,-47.054273,campinas,SP
4813,13025,-22.898313,-47.051837,campinas,SP
4814,13026,-22.912938,-47.048729,campinas,SP
4815,13030,-22.924854,-47.074117,campinas,SP
4816,13031,-22.919892,-47.085477,campinas,SP
4817,13032,-22.907605,-47.08511,campinas,SP
4818,13033,-22.904508,-47.096653,campinas,SP
4819,13034,-22.909407,-47.089734,campinas,SP
4820,13035,-22.911487,-47.074784,campinas,SP
4821,13036,-22.919822,-47.069752,campinas,SP
4822,13040,-22.937637,-47.061098,campinas,SP
4823,13041,-22.920688,-47.057213,campinas,SP
4824,13042,-22.948635,-47.050094,campinas,SP
4825,13043,-22.93463,-47.041353,campinas,SP
4826,13044,-22.941791,-47.041809,campinas,SP
4827,13045,-22.937447,-47.031139,campinas,SP
4828,13046,-22.93471,-47.02069,campinas,SP
4829,13049,-22.948072,-47.081146,campinas,SP
4830,13050,-22.939708,-47.096037,campinas,SP
4831,13051,-22.958005,-47.087143,campinas,SP
4832,13052,-22.977933,-47.104538,campinas,SP
4833,13053,-23.024153,-47.115964,campinas,SP
4834,13054,-22.972614,-47.126615,campinas,SP
4835,13055,-22.993762,-47.116044,campinas,SP
4836,13056,-22.975708,-47.14314,campinas,SP
4837,13057,-22.972177,-47.164119,campinas,SP
4838,13058,-22.951638,-47.18377,campinas,SP
4839,13059,-22.942851,-47.151879,campinas,SP
4840,13060,-22.931611,-47.11185,campinas,SP
4841,13061,-22.911717,-47.11296,campinas,SP
4842,13063,-22.889229,-47.108516,campinas,SP
4843,13064,-22.896741,-47.069273,campinas,SP
4844,13065,-22.882011,-47.12578,campinas,SP
4845,13067,-22.891227,-47.140247,campinas,SP
4846,13068,-22.863237,-47.149927,campinas,SP
4847,13069,-22.846856,-47.140284,campinas,SP
4848,13070,-22.891406,-47.082499,campinas,SP
4849,13073,-22.885217,-47.067127,campinas,SP
4850,13075,-22.880136,-47.060938,campinas,SP
4851,13076,-22.881788,-47.051563,campinas,SP
4852,13077,-22.877521,-47.042588,campinas,SP
4853,13080,-22.854492,-47.076328,campinas,SP
4854,13081,-22.857699,-47.067387,campinas,SP
4855,13082,-22.842361,-47.104474,campinas,SP
4856,13083,-22.816223,-47.071747,campinas,SP
4857,13084,-22.823953,-47.086521,campinas,SP
4858,13085,-22.791501,-47.080669,campinas,SP
4859,13086,-22.82507,-47.051688,campinas,SP
4860,13087,-22.859753,-47.053967,campinas,SP
4861,13088,-22.859771,-47.038374,campinas,SP
4862,13090,-22.887702,-47.038795,campinas,SP
4863,13091,-22.878786,-47.030133,campinas,SP
4864,13092,-22.895407,-47.036053,campinas,SP
4865,13096,-22.925276,-47.030581,campinas,SP
4866,13097,-22.845992,-47.024381,campinas,SP
4867,13098,-22.814992,-47.021625,campinas,SP
4868,13099,-22.753701,-47.014535,campinas,SP
4869,13100,-22.914372,-47.038731,campinas,SP
4870,13101,-22.914422,-47.014056,campinas,SP
4871,13104,-22.863458,-46.977264,campinas,SP
4872,13105,-22.887452,-46.981517,campinas,SP
4873,13106,-22.886345,-46.972966,campinas,SP
4874,13107,-22.872881,-46.960122,campinas,SP
4875,13108,-22.893965,-46.94226,campinas,SP
4876,13140,-22.76907,-47.151121,paulinia,SP
4877,13141,-22.797231,-47.150434,paulinia,SP
4878,13142,-22.782436,-47.178504,paulinia,SP
4879,13144,-22.756613,-47.200803,paulinia,SP
4880,13145,-22.734453,-47.176834,paulinia,SP
4881,13146,-22.728703,-47.166141,paulinia,SP
4882,13147,-22.733134,-47.140265,paulinia,SP
4883,13148,-22.778445,-47.121886,paulinia,SP
4884,13150,-22.641449,-47.189598,cosmopolis,SP
4885,13152,-22.638667,-47.179615,cosmopolis,SP
4886,13154,-22.633651,-47.177764,cosmopolis,SP
4887,13155,-22.630221,-47.188736,cosmopolis,SP
4888,13157,-22.636466,-47.198139,cosmopolis,SP
4889,13160,-22.570787,-47.165648,artur nogueira,SP
4890,13165,-22.488837,-47.209452,engenheiro coelho,SP
4891,13170,-22.822161,-47.270326,sumare,SP
4892,13171,-22.831837,-47.271285,sumare,SP
4893,13172,-22.815166,-47.286487,sumare,SP
4894,13173,-22.800223,-47.27577,sumare,SP
4895,13174,-22.814459,-47.261132,sumare,SP
4896,13175,-22.81501,-47.242923,sumare,SP
4897,13176,-22.901114,-47.274131,sumare,SP
4898,13177,-22.809901,-47.226426,sumare,SP
4899,13178,-22.803568,-47.205077,sumare,SP
4900,13179,-22.820554,-47.171847,sumare,SP
4901,13180,-22.837598,-47.171955,sumare,SP
4902,13181,-22.840872,-47.19117,sumare,SP
4903,13183,-22.855542,-47.211923,hortolandia,SP
4904,13184,-22.870003,-47.210739,hortolandia,SP
4905,13185,-22.892296,-47.173699,hortolandia,SP
4906,13186,-22.889866,-47.197289,hortolandia,SP
4907,13187,-22.896381,-47.216031,hortolandia,SP
4908,13188,-22.898196,-47.237889,hortolandia,SP
4909,13189,-22.875407,-47.232905,hortolandia,SP
4910,13190,-22.94416,-47.296034,monte mor,SP
4911,13201,-23.185891,-46.886006,jundiai,SP
4912,13202,-23.204903,-46.872129,jundiai,SP
4913,13203,-23.215203,-46.860291,jundiai,SP
4914,13205,-23.247283,-46.854647,jundiai,SP
4915,13206,-23.211817,-46.880163,jundiai,SP
4916,13207,-23.200427,-46.887174,jundiai,SP
4917,13208,-23.195198,-46.89699,jundiai,SP
4918,13209,-23.181882,-46.902421,jundiai,SP
4919,13210,-23.222077,-46.884726,jundiai,SP
4920,13211,-23.188935,-46.918233,jundiai,SP
4921,13212,-23.171578,-46.975895,jundiai,SP
4922,13213,-23.154091,-46.98469,jundiai,SP
4923,13214,-23.157405,-46.916266,jundiai,SP
4924,13215,-23.169423,-46.88677,jundiai,SP
4925,13216,-23.169506,-46.873179,jundiai,SP
4926,13218,-23.172207,-46.850728,jundiai,SP
4927,13219,-23.187918,-46.853298,jundiai,SP
4928,13220,-23.210276,-46.844484,varzea paulista,SP
4929,13221,-23.19519,-46.830658,varzea paulista,SP
4930,13222,-23.195369,-46.821613,varzea paulista,SP
4931,13223,-23.215608,-46.810375,varzea paulista,SP
4932,13224,-23.218726,-46.83267,varzea paulista,SP
4933,13225,-23.226825,-46.845026,varzea paulista,SP
4934,13226,-23.243402,-46.827614,varzea paulista,SP
4935,13230,-23.208575,-46.786472,campo limpo paulista,SP
4936,13231,-23.201184,-46.78183,campo limpo paulista,SP
4937,13232,-23.211862,-46.762288,campo limpo paulista,SP
4938,13233,-23.180659,-46.766652,campo limpo paulista,SP
4939,13234,-23.221051,-46.726172,campo limpo paulista,SP
4940,13236,-23.223364,-46.796268,campo limpo paulista,SP
4941,13238,-23.235395,-46.769204,campo limpo paulista,SP
4942,13240,-23.096674,-46.717403,jarinu,SP
4943,13250,-23.003182,-46.83701,itatiba,SP
4944,13251,-22.995635,-46.836084,itatiba,SP
4945,13252,-22.967798,-46.80702,itatiba,SP
4946,13253,-23.003981,-46.824912,itatiba,SP
4947,13254,-23.01034,-46.81393,itatiba,SP
4948,13255,-23.039206,-46.844079,itatiba,SP
4949,13256,-23.009816,-46.854204,itatiba,SP
4950,13257,-22.9886,-46.853292,itatiba,SP
4951,13260,-22.875861,-46.793494,morungaba,SP
4952,13270,-22.975238,-47.002177,valinhos,SP
4953,13271,-22.972261,-47.010697,valinhos,SP
4954,13272,-22.951325,-47.001585,valinhos,SP
4955,13273,-22.94723,-46.977728,valinhos,SP
4956,13274,-22.964537,-46.978367,valinhos,SP
4957,13275,-22.979504,-46.985152,valinhos,SP
4958,13276,-22.97972,-46.995217,valinhos,SP
4959,13277,-22.99027,-46.997757,valinhos,SP
4960,13278,-22.999619,-47.01714,valinhos,SP
4961,13279,-23.011541,-47.026089,valinhos,SP
4962,13280,-23.031604,-46.980408,vinhedo,SP
4963,13281,-23.169278,-46.462088,vinhedo,SP
4964,13282,-23.06967,-46.906652,vinhedo,SP
4965,13283,-23.039397,-46.977883,vinhedo,SP
4966,13284,-23.034627,-46.981106,vinhedo,SP
4967,13285,-23.034398,-47.005141,vinhedo,SP
4968,13286,-23.048491,-47.021868,vinhedo,SP
4969,13287,-23.051352,-46.989557,vinhedo,SP
4970,13288,-23.070229,-47.001263,vinhedo,SP
4971,13289,-23.039798,-46.979488,vinhedo,SP
4972,13290,-23.085406,-46.959425,louveira,SP
4973,13295,-23.157021,-47.055032,itupeva,SP
4974,13300,-23.265775,-47.299603,itu,SP
4975,13301,-23.255799,-47.297628,itu,SP
4976,13302,-23.265013,-47.274141,itu,SP
4977,13304,-23.275619,-47.276416,itu,SP
4978,13305,-23.283838,-47.253199,itu,SP
4979,13306,-23.287608,-47.28137,itu,SP
4980,13308,-23.389377,-47.340952,itu,SP
4981,13309,-23.281183,-47.294246,itu,SP
4982,13310,-23.274775,-47.306792,itu,SP
4983,13311,-23.263662,-47.315225,itu,SP
4984,13312,-23.258853,-47.345255,itu,SP
4985,13313,-23.249573,-47.314767,itu,SP
4986,13315,-23.274797,-47.087194,cabreuva,SP
4987,13318,-23.282169,-46.303179,jacare,SP
4988,13319,-23.288678,-47.05654,bom fim do bom jesus,SP
4989,13320,-23.202663,-47.295784,salto,SP
4990,13321,-23.191718,-47.290079,salto,SP
4991,13322,-23.192864,-47.274839,salto,SP
4992,13323,-23.216506,-47.271426,salto,SP
4993,13324,-23.209238,-47.309496,salto,SP
4994,13326,-23.19356,-47.30954,salto,SP
4995,13327,-23.179437,-47.31312,salto,SP
4996,13328,-23.169409,-47.341352,salto,SP
4997,13329,-23.161487,-47.30439,salto,SP
4998,13330,-23.085841,-47.216652,indaiatuba,SP
4999,13331,-23.074897,-47.22787,indaiatuba,SP
5000,13332,-23.060456,-47.218761,indaiatuba,SP
5001,13333,-23.074092,-47.209366,indaiatuba,SP
5002,13334,-23.082196,-47.203987,indaiatuba,SP
5003,13335,-23.075862,-47.196836,indaiatuba,SP
5004,13336,-23.062868,-47.189781,indaiatuba,SP
5005,13337,-23.062398,-47.169389,indaiatuba,SP
5006,13338,-23.088923,-47.193165,indaiatuba,SP
5007,13339,-23.091887,-47.201641,indaiatuba,SP
5008,13340,-23.096197,-47.184147,indaiatuba,SP
5009,13341,-23.12259,-47.165222,indaiatuba,SP
5010,13342,-23.134187,-47.184027,indaiatuba,SP
5011,13343,-23.100561,-47.206765,indaiatuba,SP
5012,13344,-23.106033,-47.215002,indaiatuba,SP
5013,13345,-23.10306,-47.222891,indaiatuba,SP
5014,13346,-23.118177,-47.227964,indaiatuba,SP
5015,13347,-23.133538,-47.226923,indaiatuba,SP
5016,13348,-23.116597,-47.23775,indaiatuba,SP
5017,13349,-23.116365,-47.24692,indaiatuba,SP
5018,13350,-23.040368,-47.371601,elias fausto,SP
5019,13355,-12.993852,-38.480882,cardeal,SP
5020,13360,-22.997441,-47.505905,capivari,SP
5021,13370,-23.016937,-47.52855,rafard,SP
5022,13375,-20.569366,-46.023119,mombuca,SP
5023,13380,-22.785055,-47.310387,nova odessa,SP
5024,13381,-22.801455,-47.325913,nova odessa,SP
5025,13382,-22.800423,-47.307464,nova odessa,SP
5026,13385,-22.790565,-47.294157,nova odessa,SP
5027,13386,-22.803818,-47.30283,nova odessa,SP
5028,13387,-22.777357,-47.282935,nova odessa,SP
5029,13388,-22.766838,-47.262557,nova odessa,SP
5030,13389,-22.76429,-47.226613,nova odessa,SP
5031,13390,-22.842649,-47.607206,rio das pedras,SP
5032,13400,-22.725742,-47.651361,piracicaba,SP
5033,13401,-22.751498,-47.659231,piracicaba,SP
5034,13402,-22.74841,-47.671902,piracicaba,SP
5035,13403,-22.725024,-47.673254,piracicaba,SP
5036,13405,-22.708485,-47.664918,piracicaba,SP
5037,13406,-22.682078,-47.705468,piracicaba,SP
5038,13408,-22.671906,-47.69566,piracicaba,SP
5039,13409,-22.677024,-47.707569,piracicaba,SP
5040,13411,-22.668428,-47.688655,piracicaba,SP
5041,13412,-22.681851,-47.661642,piracicaba,SP
5042,13413,-22.670052,-47.608577,piracicaba,SP
5043,13414,-22.689998,-47.639109,piracicaba,SP
5044,13415,-22.706971,-47.594753,piracicaba,SP
5045,13416,-22.717046,-47.640283,piracicaba,SP
5046,13417,-22.739332,-47.636412,piracicaba,SP
5047,13418,-22.72475,-47.630231,piracicaba,SP
5048,13419,-22.729482,-47.641559,piracicaba,SP
5049,13420,-22.736168,-47.619139,piracicaba,SP
5050,13421,-22.769579,-47.597521,piracicaba,SP
5051,13422,-22.75024,-47.602431,piracicaba,SP
5052,13423,-22.760476,-47.592825,piracicaba,SP
5053,13424,-22.750438,-47.645057,piracicaba,SP
5054,13425,-22.754439,-47.621436,piracicaba,SP
5055,13426,-22.762874,-47.62837,piracicaba,SP
5056,13427,-22.742837,-47.575589,piracicaba,SP
5057,13428,-22.736134,-47.547427,piracicaba,SP
5058,13432,-22.676147,-47.772231,piracicaba,SP
5059,13433,-22.569713,-47.60997,piracicaba,SP
5060,13440,-22.845416,-47.677359,saltinho,SP
5061,13450,-22.757926,-47.417097,santa barbara d'oeste,SP
5062,13451,-22.744952,-47.42035,santa barbara d'oeste,SP
5063,13452,-22.730989,-47.409346,santa barbara d'oeste,SP
5064,13453,-22.735068,-47.398666,santa barbara d'oeste,SP
5065,13454,-22.740573,-47.375889,santa barbara d'oeste,SP
5066,13455,-22.72668,-47.368283,santa barbara d'oeste,SP
5067,13456,-22.75719,-47.376235,santa barbara d'oeste,SP
5068,13457,-22.767759,-47.385234,santa barbara d'oeste,SP
5069,13458,-22.773239,-47.40636,santa barbara d'oeste,SP
5070,13459,-22.73602,-47.487779,santa barbara d'oeste,SP
5071,13460,-22.785804,-47.294423,nova odessa,SP
5072,13465,-22.743732,-47.336449,americana,SP
5073,13466,-22.753289,-47.327117,americana,SP
5074,13467,-22.769656,-47.339498,americana,SP
5075,13468,-22.754949,-47.350151,americana,SP
5076,13469,-22.728309,-47.356306,americana,SP
5077,13470,-22.717573,-47.354386,americana,SP
5078,13471,-22.726317,-47.337371,americana,SP
5079,13472,-22.727192,-47.316661,americana,SP
5080,13473,-22.720396,-47.307749,americana,SP
5081,13474,-22.705135,-47.294289,americana,SP
5082,13475,-22.720234,-47.277199,americana,SP
5083,13476,-22.743587,-47.242628,americana,SP
5084,13477,-22.737289,-47.300377,americana,SP
5085,13478,-22.743593,-47.311685,americana,SP
5086,13479,-22.757997,-47.285796,americana,SP
5087,13480,-22.570719,-47.403071,limeira,SP
5088,13481,-22.600556,-47.407767,limeira,SP
5089,13482,-22.580156,-47.429199,limeira,SP
5090,13483,-22.560556,-47.446377,limeira,SP
5091,13484,-22.555799,-47.420672,limeira,SP
5092,13485,-22.545862,-47.391286,limeira,SP
5093,13486,-22.565553,-47.384334,limeira,SP
5094,13487,-22.58355,-47.37645,limeira,SP
5095,13490,-22.481874,-47.4601,cordeiropolis,SP
5096,13495,-22.586482,-47.514328,iracemapolis,SP
5097,13500,-22.408777,-47.563727,rio claro,SP
5098,13501,-22.425194,-47.560814,rio claro,SP
5099,13502,-22.436892,-47.580373,rio claro,SP
5100,13503,-22.412942,-47.578495,rio claro,SP
5101,13504,-22.392217,-47.578419,rio claro,SP
5102,13505,-22.379192,-47.565841,rio claro,SP
5103,13506,-22.391124,-47.548853,rio claro,SP
5104,13507,-22.414929,-47.554698,rio claro,SP
5105,13508,-22.41149,-47.570963,rio claro,SP
5106,13509,-22.421293,-47.571157,rio claro,SP
5107,13510,-22.45338,-47.535017,santa gertrudes,SP
5108,13515,-22.511392,-47.776062,charqueada,SP
5109,13520,-22.551505,-47.906773,sao pedro,SP
5110,13525,-22.6027,-47.871314,aguas de sao pedro,SP
5111,13530,-22.251862,-47.813852,itirapina,SP
5112,13537,-22.43566,-47.712734,ipeuna,SP
5113,13540,-22.225176,-47.624165,corumbatai,SP
5114,13550,-22.12432,-47.662246,analandia,SP
5115,13560,-22.015142,-47.88991,sao carlos,SP
5116,13561,-22.013217,-47.905554,sao carlos,SP
5117,13562,-22.004692,-47.915131,sao carlos,SP
5118,13563,-21.987718,-47.924967,sao carlos,SP
5119,13564,-21.996057,-47.900994,sao carlos,SP
5120,13565,-21.97508,-47.895802,sao carlos,SP
5121,13566,-21.999578,-47.887595,sao carlos,SP
5122,13567,-22.00626,-47.871951,sao carlos,SP
5123,13568,-22.005411,-47.855907,sao carlos,SP
5124,13569,-22.01719,-47.874595,sao carlos,SP
5125,13570,-22.030224,-47.879848,sao carlos,SP
5126,13571,-22.031962,-47.867617,sao carlos,SP
5127,13572,-22.042682,-47.892118,sao carlos,SP
5128,13573,-22.060298,-47.902136,sao carlos,SP
5129,13574,-22.02785,-47.900568,sao carlos,SP
5130,13575,-22.033527,-47.90905,sao carlos,SP
5131,13578,-21.893562,-47.890985,agua vermelha,SP
5132,13579,-22.436216,-46.828238,santa eudóxia,SP
5133,13580,-22.082436,-48.222563,ribeirao bonito,SP
5134,13590,-22.111748,-48.31451,dourado,SP
5135,13600,-22.355396,-47.384478,araras,SP
5136,13601,-22.370433,-47.388602,araras,SP
5137,13602,-22.364099,-47.394081,araras,SP
5138,13603,-22.349423,-47.40043,araras,SP
5139,13604,-22.33646,-47.380722,araras,SP
5140,13605,-22.345625,-47.368154,araras,SP
5141,13606,-22.353772,-47.334761,araras,SP
5142,13607,-22.368871,-47.362924,araras,SP
5143,13608,-22.356055,-47.32475,araras,SP
5144,13609,-22.379737,-47.379811,araras,SP
5145,13610,-22.189776,-47.388562,leme,SP
5146,13611,-22.194903,-47.378094,leme,SP
5147,13612,-22.193135,-47.404825,leme,SP
5148,13613,-22.181588,-47.404438,leme,SP
5149,13614,-22.176476,-47.393897,leme,SP
5150,13615,-22.168392,-47.38093,leme,SP
5151,13616,-22.172598,-47.373334,leme,SP
5152,13617,-22.1875,-47.370832,leme,SP
5153,13625,-22.138667,-47.453686,santa cruz da conceicao,SP
5154,13630,-21.994211,-47.428055,pirassununga,SP
5155,13631,-22.01545,-47.424129,pirassununga,SP
5156,13632,-22.013344,-47.415182,pirassununga,SP
5157,13633,-22.019457,-47.430356,pirassununga,SP
5158,13634,-22.001142,-47.436904,pirassununga,SP
5159,13635,-21.973028,-47.426796,pirassununga,SP
5160,13636,-21.990631,-47.416371,pirassununga,SP
5161,13638,-21.984979,-47.414376,pirassununga,SP
5162,13640,-21.945131,-47.367171,pirassununga,SP
5163,13641,-21.934141,-47.371781,pirassununga,SP
5164,13643,-21.959931,-47.377833,pirassununga,SP
5165,13650,-21.826448,-47.248834,santa cruz das palmeiras,SP
5166,13660,-21.867396,-47.478629,porto ferreira,SP
5167,13670,-21.703936,-47.482585,santa rita do passa quatro,SP
5168,13690,-21.908753,-47.619858,descalvado,SP
5169,13700,-21.789578,-47.071545,casa branca,SP
5170,13705,-21.893163,-47.037499,lagoa branca,SP
5171,13707,-21.948547,-47.117803,venda branca,SP
5172,13710,-21.705308,-47.274984,tambau,SP
5173,13715,-21.732724,-46.972418,itobi,SP
5174,13720,-21.584558,-46.942793,sao jose do rio pardo,SP
5175,13730,-21.466461,-47.005448,mococa,SP
5176,13731,-21.46446,-47.017817,mococa,SP
5177,13732,-21.456597,-47.014318,mococa,SP
5178,13733,-21.456876,-47.005853,mococa,SP
5179,13734,-21.460404,-46.998776,mococa,SP
5180,13735,-21.472392,-46.997374,mococa,SP
5181,13736,-21.482322,-47.005456,mococa,SP
5182,13737,-21.487589,-47.008338,mococa,SP
5183,13738,-21.47414,-47.012745,mococa,SP
5184,13739,-21.471839,-47.033504,mococa,SP
5185,13750,-21.40873,-46.810852,igarai,SP
5186,13755,-21.320596,-47.028972,sao benedito das areias,SP
5187,13760,-21.472434,-46.748466,tapiratiba,SP
5188,13770,-21.528584,-46.644862,caconde,SP
5189,13780,-21.661379,-46.736783,divinolandia,SP
5190,13790,-21.710977,-46.820883,sao sebastiao da grama,SP
5191,13800,-22.43734,-46.965716,mogi mirim,SP
5192,13801,-22.439547,-46.953033,mogi mirim,SP
5193,13802,-22.436369,-46.936476,mogi mirim,SP
5194,13803,-22.459737,-46.975895,mogi mirim,SP
5195,13804,-22.506166,-46.972151,mogi mirim,SP
5196,13805,-22.405908,-46.977898,mogi mirim,SP
5197,13806,-22.420628,-46.967833,mogi mirim,SP
5198,13807,-22.41008,-46.955688,mogi mirim,SP
5199,13808,-22.446404,-46.944918,mogi mirim,SP
5200,13817,-22.522414,-46.95472,mogi mirim,SP
5201,13820,-22.694087,-46.985459,jaguariuna,SP
5202,13822,-22.705482,-46.988273,jaguariuna,SP
5203,13825,-22.634289,-47.053268,holambra,SP
5204,13830,-22.605574,-46.920155,santo antonio de posse,SP
5205,13835,-22.338519,-47.168703,conchal,SP
5206,13840,-22.365943,-46.938223,mogi-guacu,SP
5207,13841,-22.364979,-46.924342,mogi guacu,SP
5208,13842,-22.384901,-46.92648,mogi-guacu,SP
5209,13843,-22.383099,-46.936005,mogi-guacu,SP
5210,13844,-22.383375,-46.948142,mogi-guacu,SP
5211,13845,-22.356695,-46.951099,mogi-guacu,SP
5212,13846,-22.333149,-46.949803,mogi-guacu,SP
5213,13847,-22.350387,-46.940778,mogi-guacu,SP
5214,13848,-22.339973,-46.924131,mogi-guacu,SP
5215,13849,-22.257213,-46.979246,mogi-guacu,SP
5216,13855,-22.291678,-47.118864,mogi-guacu,SP
5217,13857,-22.274886,-46.952492,estiva gerbi,SP
5218,13860,-22.056768,-46.976057,aguai,SP
5219,13870,-21.973079,-46.79448,sao joao da boa vista,SP
5220,13871,-21.980949,-46.800586,sao joao da boa vista,SP
5221,13872,-21.989964,-46.806426,sao joao da boa vista,SP
5222,13873,-21.954918,-46.79911,sao joao da boa vista,SP
5223,13874,-21.969963,-46.773837,sao joao da boa vista,SP
5224,13875,-21.983363,-46.777832,sao joao da boa vista,SP
5225,13876,-21.995667,-46.782848,sao joao da boa vista,SP
5226,13877,-22.003691,-46.817856,sao joao da boa vista,SP
5227,13879,-21.88908,-46.863609,sao joao da boa vista,SP
5228,13880,-21.835238,-46.899332,vargem grande do sul,SP
5229,13890,-21.939613,-46.715283,aguas da prata,SP
5230,13895,-21.836587,-46.743967,sao roque da fartura,SP
5231,13900,-22.703135,-46.765886,amparo,SP
5232,13901,-22.700163,-46.773763,amparo,SP
5233,13902,-22.703513,-46.751929,amparo,SP
5234,13903,-22.714041,-46.765826,amparo,SP
5235,13904,-22.716598,-46.779199,amparo,SP
5236,13905,-22.710741,-46.80141,amparo,SP
5237,13908,-22.721153,-46.843421,amparo,SP
5238,13909,-22.697794,-46.721401,amparo,SP
5239,13910,-22.698085,-46.863985,monte alegre do sul,SP
5240,13911,-22.701108,-46.988525,jaguariúna,SP
5241,13912,-22.687276,-46.983326,jaguariuna,SP
5242,13913,-22.671261,-46.956625,jaguariúna,SP
5243,13914,-22.680346,-46.985993,jaguariúna,SP
5244,13915,-22.69641,-46.988404,jaguariuna,SP
5245,13916,-22.685638,-46.996979,jaguariuna,SP
5246,13917,-22.696946,-47.00692,jaguariúna,SP
5247,13918,-22.70114,-46.998582,jaguariúna,SP
5248,13919,-22.709324,-46.986989,jaguariuna,SP
5249,13920,-22.741071,-46.896739,pedreira,SP
5250,13930,-22.616187,-46.710429,serra negra,SP
5251,13940,-22.476947,-46.619281,aguas de lindoia,SP
5252,13950,-22.52315,-46.646081,lindoia,SP
5253,13960,-22.595144,-46.513929,socorro,SP
5254,13970,-22.439038,-46.821419,itapira,SP
5255,13971,-22.42008,-46.821846,itapira,SP
5256,13972,-22.432922,-46.814183,itapira,SP
5257,13973,-22.450926,-46.80393,itapira,SP
5258,13974,-22.437894,-46.828592,itapira,SP
5259,13975,-22.43394,-46.840926,itapira,SP
5260,13976,-22.423968,-46.831916,itapira,SP
5261,13977,-22.446436,-46.836761,itapira,SP
5262,13986,-22.385054,-46.746543,barao ataliba nogueira,SP
5263,13988,-22.329592,-46.723336,eleuterio,SP
5264,13990,-22.193511,-46.752834,espirito santo do pinhal,SP
5265,13995,-22.116292,-46.68446,santo antonio do jardim,SP
5266,14001,-21.176055,-47.811012,ribeirão preto,SP
5267,14010,-21.179354,-47.808501,ribeirao preto,SP
5268,14015,-21.18125,-47.807159,ribeirao preto,SP
5269,14020,-21.200319,-47.802354,ribeirao preto,SP
5270,14021,-21.213815,-47.793593,ribeirao preto,SP
5271,14022,-21.234178,-47.791034,ribeirao preto,SP
5272,14024,-21.215836,-47.808589,ribeirao preto,SP
5273,14025,-21.19453,-47.814564,ribeirao preto,SP
5274,14026,-21.214632,-47.821971,ribeirao preto,SP
5275,14027,-21.223453,-47.828644,ribeirao preto,SP
5276,14030,-21.187153,-47.830902,ribeirao preto,SP
5277,14031,-21.200227,-47.84434,ribeirao preto,SP
5278,14032,-21.18445,-47.890147,ribeirao preto,SP
5279,14033,-21.185807,-47.71884,ribeirao preto,SP
5280,14040,-21.242875,-47.94965,ribeirao preto,SP
5281,14050,-21.172534,-47.822864,ribeirao preto,SP
5282,14051,-21.164489,-47.837186,ribeirao preto,SP
5283,14055,-21.157064,-47.824831,ribeirao preto,SP
5284,14056,-21.143608,-47.843732,ribeirao preto,SP
5285,14057,-21.132931,-47.846246,ribeirao preto,SP
5286,14060,-21.140543,-47.814784,ribeirao preto,SP
5287,14061,-21.12506,-47.809955,ribeirao preto,SP
5288,14062,-21.116937,-47.817782,ribeirao preto,SP
5289,14065,-21.133536,-47.832422,ribeirao preto,SP
5290,14066,-21.126327,-47.826591,ribeirao preto,SP
5291,14070,-21.113399,-47.790977,ribeirao preto,SP
5292,14071,-21.110891,-47.799333,ribeirao preto,SP
5293,14072,-21.088463,-47.798664,ribeirao preto,SP
5294,14073,-21.095893,-47.785111,ribeirao preto,SP
5295,14075,-21.140611,-47.790938,ribeirao preto,SP
5296,14076,-21.155792,-47.786321,ribeirao preto,SP
5297,14077,-21.12103,-47.781352,ribeirao preto,SP
5298,14078,-21.140738,-47.766721,ribeirao preto,SP
5299,14079,-21.131898,-47.744837,ribeirao preto,SP
5300,14080,-21.155839,-47.803173,ribeirao preto,SP
5301,14085,-21.166047,-47.797949,ribeirao preto,SP
5302,14090,-21.179848,-47.788588,ribeirao preto,SP
5303,14091,-21.189922,-47.787945,ribeirao preto,SP
5304,14092,-21.177698,-47.768193,ribeirao preto,SP
5305,14093,-21.176502,-47.742753,ribeirao preto,SP
5306,14094,-21.277309,-47.851672,ribeirao preto,SP
5307,14095,-21.191984,-47.76622,ribeirao preto,SP
5308,14096,-21.202379,-47.77799,ribeirao preto,SP
5309,14097,-21.209703,-47.74097,ribeirao preto,SP
5310,14098,-21.222578,-47.768091,ribeirao preto,SP
5311,14110,-21.253423,-47.816948,bonfim paulista,SP
5312,14115,-21.496581,-48.029594,guatapara,SP
5313,14120,-21.239913,-47.97693,dumont,SP
5314,14140,-21.338916,-47.738199,cravinhos,SP
5315,14141,-21.343077,-47.728493,cravinhos,SP
5316,14150,-21.208337,-47.602079,serrana,SP
5317,14151,-21.197558,-47.595246,serrana,SP
5318,14160,-21.137273,-47.989769,sertaozinho,SP
5319,14161,-21.125985,-47.999011,sertaozinho,SP
5320,14164,-21.118792,-47.993804,sertaozinho,SP
5321,14165,-21.117045,-47.987714,sertaozinho,SP
5322,14166,-21.131144,-47.981469,sertaozinho,SP
5323,14169,-21.140639,-47.97328,sertaozinho,SP
5324,14170,-21.142494,-47.997046,sertaozinho,SP
5325,14171,-21.15206,-47.987294,sertaozinho,SP
5326,14173,-21.17174,-47.989871,sertaozinho,SP
5327,14175,-21.152572,-48.004715,sertaozinho,SP
5328,14176,-21.144316,-48.017967,sertaozinho,SP
5329,14177,-21.129383,-48.013758,sertaozinho,SP
5330,14178,-21.114701,-48.024204,sertaozinho,SP
5331,14179,-21.075096,-47.90096,sertaozinho,SP
5332,14180,-21.026356,-48.037297,pontal,SP
5333,14185,-17.656446,-45.430539,candia,SP
5334,14200,-21.474559,-47.562107,sao simao,SP
5335,14210,-21.554284,-47.7019,luis antonio,SP
5336,14220,-21.238458,-47.790565,são simão,SP
5337,14230,-21.311719,-47.563901,serra azul,SP
5338,14240,-21.274426,-47.30516,cajuru,SP
5339,14250,-21.52534,-47.305215,santa cruz da esperanca,SP
5340,14260,-21.281209,-47.168415,cassia dos coqueiros,SP
5341,14270,-21.483449,-47.368665,santa rosa de viterbo,SP
5342,14300,-20.892935,-47.584724,batatais,SP
5343,14305,-20.88373,-47.574305,batatais,SP
5344,14307,-20.899299,-47.579508,batatais,SP
5345,14312,-20.916468,-47.574217,batatais,SP
5346,14315,-20.897988,-47.590721,batatais,SP
5347,14340,-20.989159,-47.654692,brodowski,SP
5348,14350,-21.021141,-47.377311,altinopolis,SP
5349,14390,-21.277957,-47.114382,santo antonio da alegria,SP
5350,14400,-20.539009,-47.401258,franca,SP
5351,14401,-20.528262,-47.387099,franca,SP
5352,14402,-20.523404,-47.364237,franca,SP
5353,14403,-20.553651,-47.387145,franca,SP
5354,14404,-20.579751,-47.380081,franca,SP
5355,14405,-20.528419,-47.411287,franca,SP
5356,14406,-20.535393,-47.435349,franca,SP
5357,14407,-20.496403,-47.418012,franca,SP
5358,14408,-20.511813,-47.437153,franca,SP
5359,14409,-20.499273,-47.396658,franca,SP
5360,14410,-20.502592,-47.371451,franca,SP
5361,14412,-20.552046,-47.361203,franca,SP
5362,14415,-20.643992,-47.280865,patrocinio paulista,SP
5363,14420,-20.642632,-47.220477,itirapua,SP
5364,14430,-20.602746,-47.481635,restinga,SP
5365,14440,-20.593324,-47.641892,sao jose da bela vista,SP
5366,14445,-20.46023,-47.588738,ribeirao corrente,SP
5367,14450,-20.308609,-47.591082,jeriquara,SP
5368,14460,-20.408028,-47.417594,cristais paulista,SP
5369,14470,-20.248722,-47.47751,pedregulho,SP
5370,14490,-20.079659,-47.424914,rifaina,SP
5371,14500,-20.331453,-47.78902,ituverava,SP
5372,14505,-20.246259,-47.872183,sao benedito da cachoeirinha,SP
5373,14530,-20.182612,-48.028164,miguelopolis,SP
5374,14540,-20.04286,-47.750374,igarapava,SP
5375,14550,-20.092227,-47.790668,aramina,SP
5376,14570,-20.193815,-47.710139,buritizal,SP
5377,14580,-20.432068,-47.824294,guara,SP
5378,14590,-23.525595,-46.548296,pioneiros,SP
5379,14600,-20.585829,-47.863559,sao joaquim da barra,SP
5380,14610,-20.445464,-48.01386,ipua,SP
5381,14620,-20.716779,-47.879803,orlandia,SP
5382,14640,-20.728888,-48.054107,morro agudo,SP
5383,14660,-20.767786,-47.841044,sales oliveira,SP
5384,14670,-20.729182,-47.752194,nuporanga,SP
5385,14680,-21.025188,-47.773223,jardinopolis,SP
5386,14690,-21.054561,-47.750732,juruce,SP
5387,14700,-20.946317,-48.488267,bebedouro,SP
5388,14701,-20.950933,-48.488022,bebedouro,SP
5389,14702,-20.962679,-48.470544,bebedouro,SP
5390,14704,-20.962386,-48.490469,bebedouro,SP
5391,14706,-20.939733,-48.50056,bebedouro,SP
5392,14707,-20.933445,-48.492391,bebedouro,SP
5393,14708,-20.921189,-48.497285,bebedouro,SP
5394,14709,-20.924745,-48.49074,bebedouro,SP
5395,14710,-20.930012,-48.471505,bebedouro,SP
5396,14711,-20.943614,-48.464193,bebedouro,SP
5397,14713,-20.92303,-48.455769,bebedouro,SP
5398,14715,-21.051914,-48.476848,bebedouro,SP
5399,14716,-21.015656,-48.646092,bebedouro,SP
5400,14718,-20.997726,-48.546767,bebedouro,SP
5401,14720,-21.124491,-48.448171,taiuva,SP
5402,14725,-21.143823,-48.510607,taiacu,SP
5403,14730,-20.906697,-48.642413,monte azul paulista,SP
5404,14733,-20.905666,-48.643314,monte azul paulista,SP
5405,14735,-20.808718,-48.807329,severinia,SP
5406,14740,-20.86805,-48.29355,viradouro,SP
5407,14745,-20.788792,-48.330365,terra roxa,SP
5408,14750,-21.010007,-48.21929,pitangueiras,SP
5409,14760,-19.886871,-47.016357,ibitiuva,SP
5410,14765,-21.073104,-48.412609,taquaral,SP
5411,14770,-20.716374,-48.53553,colina,SP
5412,14775,-20.690481,-48.41437,jaborandi,SP
5413,14780,-20.555883,-48.572116,barretos,SP
5414,14781,-20.538919,-48.5591,barretos,SP
5415,14783,-20.571099,-48.570684,barretos,SP
5416,14784,-20.578409,-48.557604,barretos,SP
5417,14785,-20.573912,-48.586849,barretos,SP
5418,14786,-20.546191,-48.602116,barretos,SP
5419,14787,-20.541842,-48.577868,barretos,SP
5420,14789,-20.614912,-48.76359,barretos,SP
5421,14790,-20.322782,-48.316806,guaira,SP
5422,14795,-20.180747,-48.687319,colombia,SP
5423,14800,-21.805619,-48.18225,araraquara,SP
5424,14801,-21.790819,-48.184614,araraquara,SP
5425,14802,-21.772215,-48.180724,araraquara,SP
5426,14803,-21.79852,-48.209742,araraquara,SP
5427,14804,-21.770059,-48.201267,araraquara,SP
5428,14805,-21.748038,-48.185681,araraquara,SP
5429,14806,-21.750061,-48.157661,araraquara,SP
5430,14807,-21.804092,-48.160473,araraquara,SP
5431,14808,-21.821489,-48.144799,araraquara,SP
5432,14809,-21.742192,-48.152052,araraquara,SP
5433,14810,-21.779913,-48.15873,araraquara,SP
5434,14811,-21.781482,-48.143841,araraquara,SP
5435,14813,-21.837957,-48.493002,gaviao peixoto,SP
5436,14815,-21.950694,-48.00207,ibate,SP
5437,14820,-21.733299,-48.109939,americo brasiliense,SP
5438,14825,-21.686699,-48.083866,santa lucia,SP
5439,14830,-21.586852,-48.07465,rincao,SP
5440,14835,-21.50983,-48.150911,motuca,SP
5441,14840,-21.363473,-48.229588,guariba,SP
5442,14850,-21.359826,-48.074061,pradopolis,SP
5443,14860,-21.190973,-48.156353,barrinha,SP
5444,14870,-21.257355,-48.32083,jaboticabal,SP
5445,14871,-21.265691,-48.329712,jaboticabal,SP
5446,14875,-21.252543,-48.33862,jaboticabal,SP
5447,14876,-21.242199,-48.33544,jaboticabal,SP
5448,14882,-21.245854,-48.31802,jaboticabal,SP
5449,14883,-21.245987,-48.309052,jaboticabal,SP
5450,14884,-21.235763,-48.241416,jaboticabal,SP
5451,14887,-21.261153,-48.307195,jaboticabal,SP
5452,14890,-21.271779,-48.318116,jaboticabal,SP
5453,14892,-21.16489,-48.377458,jaboticabal,SP
5454,14896,-21.289448,-48.264099,jaboticabal,SP
5455,14900,-21.594104,-48.810962,itapolis,SP
5456,14904,-21.516953,-48.689447,nova america,SP
5457,14907,-21.446557,-48.78737,tapinas,SP
5458,14910,-21.737063,-48.687569,tabatinga,SP
5459,14915,-11.385679,-51.346781,curupa,SP
5460,14920,-21.780642,-48.566058,nova europa,SP
5461,14930,-21.994074,-48.389223,boa esperanca do sul,SP
5462,14935,-22.039169,-48.338878,trabiju,SP
5463,14940,-21.757225,-48.829541,ibitinga,SP
5464,14955,-21.620538,-49.074898,borborema,SP
5465,14960,-21.469799,-49.222206,novo horizonte,SP
5466,14980,-21.342363,-49.499695,sales,SP
5467,14990,-21.279388,-49.409131,irapua,SP
5468,15010,-20.813082,-49.381694,sao jose do rio preto,SP
5469,15013,-20.830532,-49.324317,sao jose do rio preto,SP
5470,15014,-20.819329,-49.377413,sao jose do rio preto,SP
5471,15015,-20.819948,-49.375753,sao jose do rio preto,SP
5472,15020,-20.819967,-49.402834,sao jose do rio preto,SP
5473,15025,-20.806162,-49.38873,sao jose do rio preto,SP
5474,15030,-20.797091,-49.387889,sao jose do rio preto,SP
5475,15035,-20.812466,-49.414462,sao jose do rio preto,SP
5476,15038,-20.839914,-49.396533,sao jose do rio preto,SP
5477,15040,-20.799953,-49.415651,sao jose do rio preto,SP
5478,15041,-20.790323,-49.417575,sao jose do rio preto,SP
5479,15042,-20.791044,-49.432636,sao jose do rio preto,SP
5480,15043,-20.787392,-49.399518,sao jose do rio preto,SP
5481,15044,-20.781439,-49.418335,sao jose do rio preto,SP
5482,15045,-20.780374,-49.392991,sao jose do rio preto,SP
5483,15046,-20.77724,-49.362582,sao jose do rio preto,SP
5484,15047,-20.764035,-49.404217,sao jose do rio preto,SP
5485,15048,-20.842582,-49.474464,sao jose do rio preto,SP
5486,15050,-20.789478,-49.372536,sao jose do rio preto,SP
5487,15051,-20.779573,-49.369341,sao jose do rio preto,SP
5488,15052,-20.762163,-49.364274,sao jose do rio preto,SP
5489,15053,-20.778152,-49.366025,sao jose do rio preto,SP
5490,15054,-20.785821,-49.359124,sao jose do rio preto,SP
5491,15055,-20.79412,-49.365085,sao jose do rio preto,SP
5492,15056,-20.775269,-49.337909,sao jose do rio preto,SP
5493,15057,-20.791364,-49.345521,sao jose do rio preto,SP
5494,15060,-20.80144,-49.36742,sao jose do rio preto,SP
5495,15061,-20.809994,-49.349368,sao jose do rio preto,SP
5496,15062,-20.829206,-49.339753,sao jose do rio preto,SP
5497,15063,-20.807375,-49.335204,sao jose do rio preto,SP
5498,15064,-20.787979,-49.286034,sao jose do rio preto,SP
5499,15070,-20.81783,-49.362316,sao jose do rio preto,SP
5500,15075,-20.819689,-49.353667,sao jose do rio preto,SP
5501,15076,-20.831587,-49.353224,sao jose do rio preto,SP
5502,15077,-20.850687,-49.338601,sao jose do rio preto,SP
5503,15080,-20.831243,-49.369715,sao jose do rio preto,SP
5504,15081,-20.844595,-49.362175,sao jose do rio preto,SP
5505,15082,-20.847346,-49.366146,sao jose do rio preto,SP
5506,15084,-20.830662,-49.377704,sao jose do rio preto,SP
5507,15085,-20.835987,-49.386908,sao jose do rio preto,SP
5508,15086,-20.84273,-49.382079,sao jose do rio preto,SP
5509,15090,-20.835453,-49.394874,sao jose do rio preto,SP
5510,15091,-20.834286,-49.402451,sao jose do rio preto,SP
5511,15092,-20.830737,-49.413458,sao jose do rio preto,SP
5512,15093,-20.854033,-49.410982,sao jose do rio preto,SP
5513,15102,-20.699175,-49.092759,sao jose do rio preto,SP
5514,15104,-20.92141,-49.084309,sao jose do rio preto,SP
5515,15105,-21.04461,-49.375735,potirendaba,SP
5516,15108,-20.659161,-49.388218,ipigua,SP
5517,15110,-20.794802,-49.224505,guapiacu,SP
5518,15115,-20.917202,-49.451017,bady bassitt,SP
5519,15120,-20.844205,-49.631314,neves paulista,SP
5520,15130,-20.815076,-49.507089,mirassol,SP
5521,15131,-20.811511,-49.528907,mirassol,SP
5522,15132,-20.810571,-49.516087,mirassol,SP
5523,15133,-20.804732,-49.497568,mirassol,SP
5524,15135,-20.813871,-49.508565,mirassol,SP
5525,15137,-20.822551,-49.492043,mirassol,SP
5526,15138,-20.825041,-49.500783,mirassol,SP
5527,15140,-20.737223,-49.582244,balsamo,SP
5528,15145,-20.611899,-49.465125,mirassolandia,SP
5529,15150,-20.769805,-49.712067,monte aprazivel,SP
5530,15154,-20.683265,-49.689783,engenheiro balduino,SP
5531,15155,-20.884315,-49.571846,jaci,SP
5532,15160,-20.785226,-49.814495,poloni,SP
5533,15170,-20.623599,-49.652214,tanabi,SP
5534,15180,-20.657964,-49.921858,sebastianopolis do sul,SP
5535,15190,-20.693489,-50.042617,nhandeara,SP
5536,15195,-20.688427,-50.051025,nhandeara,SP
5537,15200,-21.057517,-49.689423,jose bonifacio,SP
5538,15210,-21.0187,-49.503485,nova alianca,SP
5539,15215,-22.435638,-46.82167,nova itapirema,SP
5540,15220,-21.184826,-49.579224,mendonca,SP
5541,15225,-21.163836,-49.717117,ubarana,SP
5542,15230,-21.234285,-49.643245,adolfo,SP
5543,15240,-20.913064,-49.778378,nipoa,SP
5544,15250,-20.888029,-49.89561,uniao paulista,SP
5545,15260,-21.032859,-49.927868,planalto,SP
5546,15265,-21.050208,-50.052695,zacarias,SP
5547,15270,-20.804495,-49.963731,macaubal,SP
5548,15275,-20.852638,-50.090814,moncoes,SP
5549,15280,-20.950079,-50.107186,turiuba,SP
5550,15285,-20.965264,-50.225608,lourdes,SP
5551,15290,-21.067435,-50.144448,buritama,SP
5552,15300,-20.647194,-50.362678,general salgado,SP
5553,15310,-20.645675,-50.223374,magda,SP
5554,15313,-20.76455,-50.343043,nova castilho,SP
5555,15315,-20.51394,-50.352847,sao joao de iracema,SP
5556,15320,-20.676734,-50.14906,floreal,SP
5557,15330,-20.797755,-50.191098,gastao vidigal,SP
5558,15340,-20.856311,-50.261263,nova luzitania,SP
5559,15350,-20.684103,-50.554937,auriflama,SP
5560,15355,-20.648107,-50.660009,guzolandia,SP
5561,15360,-20.689685,-50.923382,sud mennucci,SP
5562,15367,-23.106241,-50.377957,bandeirantes d'oeste,SP
5563,15370,-20.641784,-51.107835,pereira barreto,SP
5564,15380,-20.500843,-51.026258,suzanapolis,SP
5565,15385,-20.428729,-51.339956,ilha solteira,SP
5566,15390,-20.642941,-51.507282,itapura,SP
5567,15397,-20.641225,-51.508139,itapura,SP
5568,15400,-20.737417,-48.908951,olimpia,SP
5569,15405,-20.690198,-49.067946,baguacu,SP
5570,15410,-20.877923,-48.810831,cajobi,SP
5571,15417,-23.162802,-47.16776,monte verde paulista,SP
5572,15420,-20.496249,-48.945568,guaraci,SP
5573,15425,-20.981449,-48.83684,embauba,SP
5574,15430,-20.525045,-49.060868,altair,SP
5575,15440,-20.536207,-49.321136,nova granada,SP
5576,15450,-20.608164,-49.298059,onda verde,SP
5577,15460,-20.34062,-49.198575,icem,SP
5578,15470,-20.389521,-49.434655,palestina,SP
5579,15480,-20.185242,-49.352849,orindiuva,SP
5580,15490,-20.032273,-49.405371,paulo de faria,SP
5581,15495,-19.981765,-49.679603,riolandia,SP
5582,15500,-20.420096,-49.971348,votuporanga,SP
5583,15501,-20.432016,-49.974809,votuporanga,SP
5584,15502,-20.416946,-49.984955,votuporanga,SP
5585,15503,-20.398297,-49.973281,votuporanga,SP
5586,15504,-20.41988,-49.949341,votuporanga,SP
5587,15505,-20.422789,-49.966802,votuporanga,SP
5588,15506,-20.422067,-49.999144,votuporanga,SP
5589,15507,-20.408911,-49.994311,votuporanga,SP
5590,15515,-20.452096,-49.893396,votuporanga,SP
5591,15520,-20.421916,-50.082771,valentim gentil,SP
5592,15525,-20.305992,-50.011151,parisi,SP
5593,15530,-20.480206,-49.776105,cosmorama,SP
5594,15540,-20.321332,-49.908555,alvares florence,SP
5595,15545,-26.294413,-48.820672,boa vista dos andradas,SP
5596,15550,-20.299354,-49.732747,americo de campos,SP
5597,15560,-20.184842,-49.703031,pontes gestal,SP
5598,15570,-20.081577,-49.912525,cardoso,SP
5599,15580,-19.975613,-50.134392,mira estrela,SP
5600,15600,-20.283898,-50.250015,fernandopolis,SP
5601,15601,-20.293309,-50.256318,fernandopolis,SP
5602,15603,-20.286373,-50.241102,fernandópolis,SP
5603,15604,-20.302312,-50.246548,fernandópolis,SP
5604,15607,-20.277746,-50.245856,fernandópolis,SP
5605,15608,-20.272243,-50.241571,fernandopolis,SP
5606,15610,-20.279924,-50.255799,brasitânia,SP
5607,15612,-20.276496,-50.256643,fernandópolis,SP
5608,15617,-20.280593,-50.255186,brasitania,SP
5609,15620,-20.14625,-50.195676,macedonia,SP
5610,15625,-20.359228,-50.175587,meridiano,SP
5611,15630,-20.249019,-50.110254,pedranopolis,SP
5612,15640,-20.891706,-49.723812,sao joao das duas pontes,SP
5613,15650,-20.285513,-50.39744,estrela d'oeste,SP
5614,15670,-19.943094,-50.536769,populina,SP
5615,15680,-20.07464,-50.3394,guarani d'oeste,SP
5616,15685,-20.001382,-50.37531,ouroeste,SP
5617,15690,-19.978833,-50.288015,indiapora,SP
5618,15700,-20.269536,-50.543027,jales,SP
5619,15703,-20.278897,-50.542053,jales,SP
5620,15704,-20.280437,-50.551416,jales,SP
5621,15706,-20.269942,-50.558828,jales,SP
5622,15707,-20.253224,-50.549888,jales,SP
5623,15708,-20.261923,-50.52781,jales,SP
5624,15710,-20.360209,-50.695302,sao francisco,SP
5625,15713,-20.198226,-50.484413,vitoria brasil,SP
5626,15715,-20.466224,-50.606862,dirce reis,SP
5627,15718,-20.440463,-50.521936,pontalinda,SP
5628,15720,-20.415818,-50.762354,palmeira d'oeste,SP
5629,15730,-20.441274,-50.822852,marinopolis,SP
5630,15735,-20.453714,-50.882947,aparecida d'oeste,SP
5631,15740,-20.12403,-50.511662,dolcinopolis,SP
5632,15745,-20.099405,-50.586964,paranapua,SP
5633,15748,-19.967128,-50.621695,mesopolis,SP
5634,15750,-20.030109,-50.728568,santa albertina,SP
5635,15755,-20.05371,-50.475935,turmalina,SP
5636,15760,-20.24635,-50.64346,urania,SP
5637,15763,-20.160485,-50.726036,aspasia,SP
5638,15765,-20.25313,-50.798796,santana da ponte pensa,SP
5639,15768,-20.24555,-50.690136,santa salete,SP
5640,15770,-20.235518,-50.889657,tres fronteiras,SP
5641,15773,-20.383908,-50.945226,nova canaa paulista,SP
5642,15775,-20.222506,-50.898951,santa fe do sul,SP
5643,15780,-20.144651,-50.831783,santa rita d'oeste,SP
5644,15785,-20.092693,-50.927105,santa clara d'oeste,SP
5645,15790,-20.17271,-51.00107,rubineia,SP
5646,15800,-21.140377,-48.974686,catanduva,SP
5647,15801,-21.137519,-48.981653,catanduva,SP
5648,15802,-21.143447,-48.994733,catanduva,SP
5649,15803,-21.128826,-48.993291,catanduva,SP
5650,15804,-21.121584,-48.96994,catanduva,SP
5651,15805,-21.122699,-48.963452,catanduva,SP
5652,15806,-21.132559,-48.958786,catanduva,SP
5653,15807,-21.123919,-48.951092,catanduva,SP
5654,15808,-21.143599,-48.946937,catanduva,SP
5655,15809,-21.144706,-48.96381,catanduva,SP
5656,15810,-21.153574,-48.971274,catanduva,SP
5657,15811,-21.178464,-48.999483,catanduva,SP
5658,15812,-21.159104,-48.992965,catanduva,SP
5659,15813,-21.128873,-49.017269,catanduva,SP
5660,15816,-21.159299,-48.944854,catanduva,SP
5661,15820,-21.095411,-48.663855,pirangi,SP
5662,15823,-21.169211,-49.109858,elisiario,SP
5663,15825,-21.019362,-48.774597,paraiso,SP
5664,15828,-21.086301,-48.804922,palmares paulista,SP
5665,15830,-21.184293,-48.907949,pindorama,SP
5666,15835,-21.254701,-48.979408,roberto,SP
5667,15840,-21.314615,-49.055379,itajobi,SP
5668,15845,-21.257184,-49.130309,marapoama,SP
5669,15850,-21.203874,-49.293005,urupes,SP
5670,15855,-25.514612,-47.530583,sao joao de itaguacu,SP
5671,15860,-21.082423,-49.240102,ibira,SP
5672,15868,-21.081026,-49.241642,termas de ibira,SP
5673,15870,-21.051839,-49.059649,catigua,SP
5674,15880,-20.963197,-49.0324,tabapua,SP
5675,15885,-20.995249,-48.919329,novais,SP
5676,15890,-20.954045,-49.174011,uchoa,SP
5677,15895,-20.904429,-49.268451,cedral,SP
5678,15900,-21.405823,-48.50487,taquaritinga,SP
5679,15903,-21.448306,-48.574959,taquaritinga,SP
5680,15905,-21.403721,-48.498698,jurupema,SP
5681,15910,-21.26362,-48.495054,monte alto,SP
5682,15915,-21.678339,-48.035581,aparecida de monte alto,SP
5683,15920,-21.171793,-48.630759,vista alegre do alto,SP
5684,15930,-21.324935,-48.631678,candido rodrigues,SP
5685,15940,-21.267085,-48.686625,fernando prestes,SP
5686,15945,-21.998815,-47.492715,agulha,SP
5687,15950,-21.243769,-48.804811,santa adelia,SP
5688,15953,-21.975891,-47.67509,botelho,SP
5689,15960,-21.189753,-48.787838,ariranha,SP
5690,15970,-21.461822,-48.39129,santa ernestina,SP
5691,15980,-21.519381,-48.392457,dobrada,SP
5692,15990,-21.604818,-48.36618,matao,SP
5693,15991,-21.640129,-48.333334,matao,SP
5694,15993,-21.621631,-48.364406,matao,SP
5695,15995,-21.599322,-48.38896,matao,SP
5696,15996,-21.588418,-48.374691,matao,SP
5697,15997,-21.5922,-48.356875,matao,SP
5698,15999,-21.550631,-48.531246,matão,SP
5699,16010,-21.208311,-50.44024,aracatuba,SP
5700,16011,-21.206203,-50.424238,aracatuba,SP
5701,16012,-21.211913,-50.403838,aracatuba,SP
5702,16013,-21.218447,-50.415922,aracatuba,SP
5703,16015,-21.212616,-50.434025,aracatuba,SP
5704,16016,-21.232151,-50.423283,aracatuba,SP
5705,16018,-21.22806,-50.436735,aracatuba,SP
5706,16020,-21.222353,-50.446869,aracatuba,SP
5707,16021,-21.227488,-50.45592,aracatuba,SP
5708,16022,-21.232744,-50.463812,aracatuba,SP
5709,16023,-21.228693,-50.472039,araçatuba,SP
5710,16025,-21.213879,-50.454058,aracatuba,SP
5711,16026,-21.2173,-50.468592,aracatuba,SP
5712,16050,-21.196353,-50.442679,aracatuba,SP
5713,16052,-21.171983,-50.44122,aracatuba,SP
5714,16055,-21.192993,-50.428701,aracatuba,SP
5715,16056,-21.186774,-50.428346,aracatuba,SP
5716,16057,-21.172758,-50.450552,aracatuba,SP
5717,16058,-21.161541,-50.455563,aracatuba,SP
5718,16067,-21.178167,-50.451481,aracatuba,SP
5719,16070,-21.199993,-50.478884,aracatuba,SP
5720,16071,-21.205643,-50.465281,aracatuba,SP
5721,16072,-21.201678,-50.45836,aracatuba,SP
5722,16074,-21.193586,-50.452857,aracatuba,SP
5723,16075,-21.18579,-50.45933,aracatuba,SP
5724,16076,-21.183471,-50.485472,aracatuba,SP
5725,16078,-21.170408,-50.470373,aracatuba,SP
5726,16080,-21.146575,-50.464755,araçatuba,SP
5727,16087,-21.202899,-50.432005,araçatuba,SP
5728,16130,-21.106695,-50.197509,santo antonio do aracangua,SP
5729,16200,-21.295086,-50.343188,birigui,SP
5730,16201,-21.271323,-50.329973,birigui,SP
5731,16202,-21.285976,-50.320527,birigui,SP
5732,16203,-21.296842,-50.324921,birigui,SP
5733,16204,-21.30315,-50.354154,birigui,SP
5734,16205,-21.307466,-50.365248,birigui,SP
5735,16206,-21.287564,-50.358665,birigui,SP
5736,16207,-21.302371,-50.376389,birigui,SP
5737,16208,-21.244884,-50.322192,birigui,SP
5738,16210,-21.402974,-50.474854,bilac,SP
5739,16220,-21.530165,-50.552551,gabriel monteiro,SP
5740,16230,-21.592137,-50.598926,piacatu,SP
5741,16240,-21.637089,-50.500694,santopolis do aguapei,SP
5742,16250,-21.560395,-50.446232,clementina,SP
5743,16260,-21.355609,-50.284584,coroados,SP
5744,16265,-21.167534,-50.185393,brejo alegre,SP
5745,16270,-21.382222,-50.209171,glicerio,SP
5746,16280,-22.525832,-48.374614,juritis,SP
5747,16290,-21.504032,-50.321963,brauna,SP
5748,16300,-21.420608,-50.076295,penapolis,SP
5749,16301,-21.426723,-50.065021,penapolis,SP
5750,16303,-21.429117,-50.072154,penapolis,SP
5751,16304,-21.436452,-50.077136,penapolis,SP
5752,16305,-21.429601,-50.088125,penapolis,SP
5753,16306,-21.414476,-50.088615,penapolis,SP
5754,16308,-21.41093,-50.080443,penapolis,SP
5755,16309,-21.397559,-50.080292,penapolis,SP
5756,16310,-21.583295,-50.167489,alto alegre,SP
5757,16340,-21.675549,-50.328223,luiziania,SP
5758,16350,-21.265916,-49.950253,barbosa,SP
5759,16360,-21.460684,-49.947291,avanhandava,SP
5760,16370,-21.541104,-49.85706,promissao,SP
5761,16400,-21.673839,-49.75827,lins,SP
5762,16401,-21.663431,-49.742577,lins,SP
5763,16402,-21.67603,-49.733006,lins,SP
5764,16403,-21.689892,-49.745107,lins,SP
5765,16404,-21.676243,-49.752931,lins,SP
5766,16406,-21.65681,-49.765018,lins,SP
5767,16430,-21.62224,-49.795721,guaicara,SP
5768,16440,-21.460221,-49.577207,sabino,SP
5769,16450,-21.79968,-49.931323,getulina,SP
5770,16480,-21.90998,-49.896172,guaimbe,SP
5771,16500,-21.802644,-49.601912,cafelandia,SP
5772,16510,-22.276417,-51.483294,simoes,SP
5773,16570,-21.894487,-49.589072,guaranta,SP
5774,16600,-21.996522,-49.454423,pirajui,SP
5775,16640,-21.901262,-49.356839,balbinos,SP
5776,16650,-21.783575,-49.281636,uru,SP
5777,16660,-21.736938,-49.358075,pongai,SP
5778,16670,-22.0977,-49.438364,presidente alves,SP
5779,16680,-22.157636,-49.332193,avai,SP
5780,16700,-21.250677,-50.646525,guararapes,SP
5781,16750,-21.302089,-50.734995,rubiacea,SP
5782,16790,-21.273105,-50.811305,bento de abreu,SP
5783,16800,-21.131922,-51.103007,mirandopolis,SP
5784,16830,-23.495023,-46.801143,tres aliancas,SP
5785,16850,-21.167415,-51.043704,lavinia,SP
5786,16880,-21.225952,-50.866899,valparaiso,SP
5787,16900,-20.905632,-51.381834,andradina,SP
5788,16901,-20.894531,-51.373463,andradina,SP
5789,16902,-20.905415,-51.358817,andradina,SP
5790,16903,-20.901118,-51.39512,andradina,SP
5791,16905,-20.883563,-51.366534,andradina,SP
5792,16920,-20.867354,-51.490946,castilho,SP
5793,16940,-21.107561,-51.491343,nova independencia,SP
5794,16950,-20.992296,-51.27792,murutinga do sul,SP
5795,16980,-21.033487,-51.207976,guaracai,SP
5796,17010,-22.319739,-49.072312,bauru,SP
5797,17011,-22.331858,-49.054159,bauru,SP
5798,17012,-22.335794,-49.060285,bauru,SP
5799,17013,-22.320975,-49.06053,bauru,SP
5800,17014,-22.334903,-49.075379,bauru,SP
5801,17015,-22.326469,-49.072737,bauru,SP
5802,17016,-22.341493,-49.070797,bauru,SP
5803,17017,-22.347477,-49.059813,bauru,SP
5804,17018,-22.361333,-49.051476,bauru,SP
5805,17020,-22.306393,-49.066527,bauru,SP
5806,17021,-22.298659,-49.077209,bauru,SP
5807,17022,-22.27652,-49.074551,bauru,SP
5808,17023,-22.282555,-49.057071,bauru,SP
5809,17024,-22.297118,-49.062778,bauru,SP
5810,17025,-22.303124,-49.05253,bauru,SP
5811,17026,-22.294834,-49.045894,bauru,SP
5812,17027,-22.286693,-49.032952,bauru,SP
5813,17030,-22.321735,-49.045944,bauru,SP
5814,17031,-22.323849,-49.020792,bauru,SP
5815,17032,-22.322377,-49.029115,bauru,SP
5816,17033,-22.331898,-49.031382,bauru,SP
5817,17034,-22.30954,-49.026499,bauru,SP
5818,17035,-22.322115,-49.000575,bauru,SP
5819,17037,-22.339847,-48.953196,bauru,SP
5820,17039,-22.306693,-48.999313,bauru,SP
5821,17047,-22.338164,-49.043057,bauru,SP
5822,17048,-22.372708,-49.029857,bauru,SP
5823,17050,-22.325417,-49.094142,bauru,SP
5824,17051,-22.330757,-49.099927,bauru,SP
5825,17052,-22.341184,-49.095236,bauru,SP
5826,17053,-22.367077,-49.073969,bauru,SP
5827,17054,-22.347247,-49.089946,bauru,SP
5828,17055,-22.336851,-49.110304,bauru,SP
5829,17056,-22.353735,-49.101403,bauru,SP
5830,17057,-22.323224,-49.121115,bauru,SP
5831,17060,-22.314998,-49.082627,bauru,SP
5832,17063,-22.309913,-49.089634,bauru,SP
5833,17064,-22.304558,-49.089611,bauru,SP
5834,17065,-22.314314,-49.118016,bauru,SP
5835,17066,-22.306796,-49.111737,bauru,SP
5836,17067,-22.310032,-49.102691,bauru,SP
5837,17110,-21.986769,-48.821504,bauru,SP
5838,17120,-22.470466,-48.986011,agudos,SP
5839,17123,-22.514227,-49.057832,agudos,SP
5840,17128,-22.460146,-48.98385,agudos,SP
5841,17132,-22.467648,-48.983387,agudos,SP
5842,17150,-22.578072,-49.403359,paulistania,SP
5843,17160,-22.02958,-48.913541,arealva,SP
5844,17170,-23.704334,-46.71219,jacuba,SP
5845,17180,-21.892288,-49.021775,iacanga,SP
5846,17190,-21.881161,-49.267372,reginopolis,SP
5847,17201,-22.294427,-48.558382,jau,SP
5848,17202,-22.300524,-48.560145,jau,SP
5849,17203,-22.303195,-48.57121,jau,SP
5850,17204,-22.292505,-48.578075,jau,SP
5851,17205,-22.293012,-48.568321,jau,SP
5852,17206,-22.266618,-48.567102,jau,SP
5853,17207,-22.283725,-48.557814,jau,SP
5854,17208,-22.27359,-48.554854,jau,SP
5855,17209,-22.275204,-48.543515,jau,SP
5856,17210,-22.285168,-48.534927,jau,SP
5857,17211,-22.302119,-48.543018,jau,SP
5858,17212,-22.317137,-48.546936,jau,SP
5859,17213,-22.311933,-48.57912,jau,SP
5860,17214,-22.288198,-48.512692,jau,SP
5861,17215,-22.266794,-48.547678,jau,SP
5862,17220,-22.365581,-48.667608,jau,SP
5863,17230,-22.234624,-48.722202,itapui,SP
5864,17240,-22.142219,-48.528158,bocaina,SP
5865,17250,-22.074149,-48.740361,bariri,SP
5866,17260,-21.982031,-48.805227,itaju,SP
5867,17270,-22.196115,-48.778098,boraceia,SP
5868,17280,-22.347657,-48.784457,pederneiras,SP
5869,17285,-22.311514,-48.890545,guaianas,SP
5870,17288,-22.197288,-48.875533,santelmo,SP
5871,17290,-22.514469,-48.717087,macatuba,SP
5872,17300,-22.367915,-48.386432,dois corregos,SP
5873,17310,-22.250352,-48.384641,guarapua,SP
5874,17320,-22.413559,-48.451272,mineiros do tiete,SP
5875,17340,-22.485566,-48.559732,barra bonita,SP
5876,17350,-22.516237,-48.562698,igaracu do tiete,SP
5877,17360,-22.4316,-48.16986,torrinha,SP
5878,17370,-22.569556,-48.155843,santa maria da serra,SP
5879,17380,-22.281994,-48.125013,brotas,SP
5880,17400,-22.211504,-49.658895,garca,SP
5881,17405,-22.211923,-49.70655,jafa,SP
5882,17410,-22.08255,-49.718189,alvaro de carvalho,SP
5883,17420,-22.41501,-49.817263,lupercio,SP
5884,17430,-22.442094,-49.763952,alvinlandia,SP
5885,17440,-22.527307,-49.661608,ubirajara,SP
5886,17450,-22.293087,-49.551555,galia,SP
5887,17455,-22.360305,-49.521104,fernao,SP
5888,17470,-22.415257,-49.40607,duartina,SP
5889,17475,-22.431168,-49.521708,lucianopolis,SP
5890,17479,-22.414406,-49.413997,duartina,SP
5891,17480,-22.456451,-49.337875,cabralia paulista,SP
5892,17490,-22.414629,-49.139638,piratininga,SP
5893,17492,-22.415853,-49.142721,piratininga,SP
5894,17495,-22.413306,-49.144017,piratininga,SP
5895,17498,-22.41954,-49.139289,piratininga,SP
5896,17500,-22.217679,-49.950262,marilia,SP
5897,17501,-22.222203,-49.946804,marilia,SP
5898,17502,-22.223466,-49.958765,marilia,SP
5899,17503,-22.223343,-49.964976,marilia,SP
5900,17504,-22.21374,-49.95821,marilia,SP
5901,17505,-22.20287,-49.968503,marilia,SP
5902,17506,-22.203529,-49.959327,marilia,SP
5903,17507,-22.190932,-49.963629,marilia,SP
5904,17509,-22.211734,-49.946028,marilia,SP
5905,17510,-22.19708,-49.952292,marilia,SP
5906,17511,-22.179043,-49.957146,marilia,SP
5907,17512,-22.159659,-49.962914,marilia,SP
5908,17513,-22.203512,-49.939896,marilia,SP
5909,17514,-22.186663,-49.926661,marilia,SP
5910,17515,-22.211039,-49.938902,marilia,SP
5911,17516,-22.223105,-49.926797,marilia,SP
5912,17519,-22.229573,-49.936357,marilia,SP
5913,17520,-22.239245,-49.924921,marilia,SP
5914,17521,-22.239252,-49.91658,marilia,SP
5915,17522,-22.249496,-49.930222,marilia,SP
5916,17523,-22.253348,-49.936847,marilia,SP
5917,17524,-22.241615,-49.932023,marilia,SP
5918,17525,-22.235867,-49.96644,marilia,SP
5919,17526,-22.234776,-49.977555,marilia,SP
5920,17527,-22.219161,-49.974519,marilia,SP
5921,17532,-22.225612,-49.963339,marília,SP
5922,17533,-22.191582,-49.975151,marilia,SP
5923,17539,-22.220811,-49.884494,marilia,SP
5924,17540,-22.439841,-49.920851,ocaucu,SP
5925,17550,-22.010899,-49.78995,julio mesquita,SP
5926,17560,-22.222338,-49.82241,vera cruz,SP
5927,17570,-22.153846,-50.09395,oriente,SP
5928,17580,-22.103822,-50.178654,pompeia,SP
5929,17590,-21.798945,-50.240154,queiroz,SP
5930,17600,-21.934693,-50.513773,tupa,SP
5931,17601,-21.926923,-50.514284,tupa,SP
5932,17602,-21.930464,-50.498065,tupa,SP
5933,17603,-21.942138,-50.500859,tupa,SP
5934,17604,-21.943188,-50.516676,tupa,SP
5935,17605,-21.935016,-50.524682,tupa,SP
5936,17606,-21.928345,-50.525329,tupa,SP
5937,17607,-21.921011,-50.522621,tupa,SP
5938,17610,-21.923104,-50.503008,tupa,SP
5939,17625,-22.082933,-50.540399,tupa,SP
5940,17630,-21.773242,-50.465239,arco-iris,SP
5941,17650,-22.003526,-50.387652,herculandia,SP
5942,17670,-22.069494,-50.303983,quintana,SP
5943,17680,-21.858308,-50.68892,iacri,SP
5944,17690,-21.921339,-50.732227,bastos,SP
5945,17700,-21.795703,-50.879156,osvaldo cruz,SP
5946,17710,-21.88306,-50.955403,sagres,SP
5947,17720,-21.624521,-50.859289,salmourao,SP
5948,17730,-21.781583,-50.79148,parapua,SP
5949,17740,-21.725745,-50.723656,rinopolis,SP
5950,17760,-21.76949,-50.961907,inubia paulista,SP
5951,17780,-21.723493,-51.019114,lucelia,SP
5952,17790,-21.851401,-51.085331,pracinha,SP
5953,17800,-21.684825,-51.07591,adamantina,SP
5954,17810,-21.796086,-51.182139,mariapolis,SP
5955,17830,-21.614504,-51.171697,florida paulista,SP
5956,17860,-21.563145,-51.263263,pacaembu,SP
5957,17870,-21.676775,-51.380609,flora rica,SP
5958,17880,-21.567825,-51.351517,irapuru,SP
5959,17890,-21.511847,-51.435537,junqueiropolis,SP
5960,17900,-21.486684,-51.533955,dracena,SP
5961,17905,-24.228586,-46.883413,jamaica,SP
5962,17920,-21.48976,-51.701054,ouro verde,SP
5963,17930,-21.385946,-51.57362,tupi paulista,SP
5964,17940,-21.351955,-51.753513,santa mercedes,SP
5965,17950,-21.332456,-51.64597,nova guataporanga,SP
5966,17960,-21.299469,-51.567813,monte castelo,SP
5967,17970,-21.268214,-51.666552,sao joao do pau d'alho,SP
5968,17980,-21.361998,-51.856565,panorama,SP
5969,17990,-21.312256,-51.835658,pauliceia,SP
5970,18010,-23.5004,-47.459054,sorocaba,SP
5971,18013,-23.491484,-47.434107,sorocaba,SP
5972,18015,-23.502352,-47.431769,sorocaba,SP
5973,18016,-23.49587,-47.427508,sorocaba,SP
5974,18017,-23.492067,-47.410968,sorocaba,SP
5975,18020,-23.506775,-47.446321,sorocaba,SP
5976,18021,-23.508151,-47.42916,sorocaba,SP
5977,18022,-23.525098,-47.441196,sorocaba,SP
5978,18023,-23.510532,-47.355675,sorocaba,SP
5979,18025,-23.515514,-47.443423,sorocaba,SP
5980,18030,-23.510381,-47.45952,sorocaba,SP
5981,18031,-23.515885,-47.458167,sorocaba,SP
5982,18035,-23.501208,-47.461841,sorocaba,SP
5983,18040,-23.505588,-47.46982,sorocaba,SP
5984,18043,-23.505622,-47.478622,sorocaba,SP
5985,18044,-23.510325,-47.478119,sorocaba,SP
5986,18045,-23.518891,-47.485159,sorocaba,SP
5987,18046,-23.521598,-47.473908,sorocaba,SP
5988,18047,-23.522079,-47.463063,sorocaba,SP
5989,18048,-23.536047,-47.469336,sorocaba,SP
5990,18050,-23.51458,-47.500254,sorocaba,SP
5991,18051,-23.518131,-47.503619,sorocaba,SP
5992,18052,-23.534134,-47.501308,sorocaba,SP
5993,18053,-23.501329,-47.518907,sorocaba,SP
5994,18054,-23.493663,-47.52356,sorocaba,SP
5995,18055,-23.498786,-47.500056,sorocaba,SP
5996,18056,-23.507062,-47.503617,sorocaba,SP
5997,18057,-23.479912,-47.509821,sorocaba,SP
5998,18060,-23.491734,-47.470288,sorocaba,SP
5999,18061,-23.495544,-47.484899,sorocaba,SP
6000,18065,-23.485244,-47.47988,sorocaba,SP
6001,18066,-23.481096,-47.495312,sorocaba,SP
6002,18070,-23.473586,-47.483485,sorocaba,SP
6003,18071,-23.464925,-47.501662,sorocaba,SP
6004,18072,-23.433857,-47.509336,sorocaba,SP
6005,18073,-23.392829,-47.519102,sorocaba,SP
6006,18074,-23.454082,-47.487749,sorocaba,SP
6007,18075,-23.474639,-47.46722,sorocaba,SP
6008,18076,-23.464039,-47.471549,sorocaba,SP
6009,18077,-23.45395,-47.474084,sorocaba,SP
6010,18078,-23.438048,-47.467707,sorocaba,SP
6011,18079,-23.435637,-47.47126,sorocaba,SP
6012,18080,-23.485298,-47.459635,sorocaba,SP
6013,18081,-23.476921,-47.449865,sorocaba,SP
6014,18084,-23.475912,-47.417097,sorocaba,SP
6015,18085,-23.471719,-47.435273,sorocaba,SP
6016,18086,-23.447546,-47.447192,sorocaba,SP
6017,18087,-23.456993,-47.401358,sorocaba,SP
6018,18090,-23.482618,-47.447825,sorocaba,SP
6019,18095,-23.489686,-47.449691,sorocaba,SP
6020,18103,-23.419185,-47.41653,sorocaba,SP
6021,18104,-23.411679,-47.389587,sorocaba,SP
6022,18105,-23.40143,-47.378672,sorocaba,SP
6023,18108,-23.50096,-47.373234,sorocaba,SP
6024,18110,-23.542247,-47.456753,votorantim,SP
6025,18111,-23.535022,-47.440089,votorantim,SP
6026,18112,-23.529759,-47.434061,votorantim,SP
6027,18113,-23.537994,-47.414818,votorantim,SP
6028,18114,-23.543676,-47.435753,votorantim,SP
6029,18115,-23.560681,-47.449926,votorantim,SP
6030,18116,-23.550583,-47.457774,votorantim,SP
6031,18117,-23.56887,-47.459451,votorantim,SP
6032,18118,-23.475462,-46.853065,votorantim,SP
6033,18119,-23.546115,-47.493423,votorantim,SP
6034,18120,-23.537441,-47.188648,mairinque,SP
6035,18125,-23.524585,-47.256372,aluminio,SP
6036,18130,-23.531371,-47.134497,sao roque,SP
6037,18131,-23.531614,-47.14866,sao roque,SP
6038,18132,-23.51701,-47.14026,sao roque,SP
6039,18133,-23.518659,-47.128516,sao roque,SP
6040,18134,-23.524085,-47.130845,sao roque,SP
6041,18135,-23.547982,-47.122404,sao roque,SP
6042,18136,-23.548374,-47.137331,sao roque,SP
6043,18140,-23.539546,-47.055184,sao roque,SP
6044,18143,-23.560301,-47.087762,sao roque,SP
6045,18145,-23.586618,-47.135299,sao roque,SP
6046,18147,-23.434694,-47.066545,aracariguama,SP
6047,18150,-23.658977,-47.216322,ibiuna,SP
6048,18155,-23.664277,-47.272414,paruru,SP
6049,18160,-23.650817,-47.577566,salto de pirapora,SP
6050,18170,-23.714805,-47.416117,piedade,SP
6051,18180,-23.963907,-47.505567,tapirai,SP
6052,18185,-23.8118,-47.72345,pilar do sul,SP
6053,18190,-23.512352,-47.60556,aracoiaba da serra,SP
6054,18195,-23.476901,-47.738698,capela do alto,SP
6055,18200,-23.587646,-48.045091,itapetininga,SP
6056,18201,-23.584631,-48.035623,itapetininga,SP
6057,18202,-23.58733,-48.019676,itapetininga,SP
6058,18203,-23.59669,-48.0345,itapetininga,SP
6059,18204,-23.607761,-48.013828,itapetininga,SP
6060,18205,-23.600516,-48.051174,itapetininga,SP
6061,18206,-23.616537,-48.055534,itapetininga,SP
6062,18207,-23.601385,-48.070897,itapetininga,SP
6063,18208,-23.591903,-48.069053,itapetininga,SP
6064,18209,-23.584677,-48.070589,itapetininga,SP
6065,18210,-23.580965,-48.053703,itapetininga,SP
6066,18211,-23.562195,-48.041465,itapetininga,SP
6067,18212,-23.571466,-48.035748,itapetininga,SP
6068,18213,-23.573012,-48.024506,itapetininga,SP
6069,18214,-23.579117,-48.021267,itapetininga,SP
6070,18215,-23.591268,-47.989756,itapetininga,SP
6071,18216,-22.042863,-47.892933,conceição,SP
6072,18217,-23.599154,-48.317472,rechan,SP
6073,18218,-23.770692,-48.129649,gramadinho,SP
6074,18220,-23.561571,-47.885101,alambari,SP
6075,18225,-23.637238,-47.826146,sarapui,SP
6076,18230,-23.87792,-47.994801,sao miguel arcanjo,SP
6077,18240,-23.495813,-48.406461,angatuba,SP
6078,18245,-23.571758,-48.43681,campina do monte alegre,SP
6079,18250,-23.370445,-48.182839,guarei,SP
6080,18255,-23.29253,-48.058304,quadra,SP
6081,18260,-23.180189,-48.122701,porangaba,SP
6082,18265,-23.245764,-48.196247,torre de pedra,SP
6083,18270,-23.349985,-47.847086,tatui,SP
6084,18271,-23.343389,-47.839262,tatui,SP
6085,18272,-23.345577,-47.824411,tatui,SP
6086,18273,-23.360764,-47.814678,tatui,SP
6087,18274,-23.374889,-47.847136,tatui,SP
6088,18275,-23.357132,-47.854951,tatui,SP
6089,18276,-23.360223,-47.867295,tatui,SP
6090,18277,-23.353039,-47.872635,tatui,SP
6091,18278,-23.34398,-47.861531,tatui,SP
6092,18279,-23.334001,-47.848063,tatui,SP
6093,18280,-23.322343,-47.858834,tatui,SP
6094,18285,-23.223665,-47.957768,cesario lange,SP
6095,18290,-23.799154,-48.600129,buri,SP
6096,18300,-24.004299,-48.349929,capao bonito,SP
6097,18301,-23.991937,-48.348671,capao bonito,SP
6098,18302,-23.986101,-48.35283,capao bonito,SP
6099,18303,-23.980714,-48.345109,capao bonito,SP
6100,18304,-24.006404,-48.337113,capao bonito,SP
6101,18305,-24.01362,-48.341964,capao bonito,SP
6102,18306,-24.015693,-48.348814,capao bonito,SP
6103,18307,-24.011906,-48.350456,capao bonito,SP
6104,18310,-24.188075,-48.531326,guapiara,SP
6105,18315,-24.102444,-48.367107,ribeirao grande,SP
6106,18320,-24.51032,-48.844019,apiai,SP
6107,18325,-24.472618,-49.025012,barra do chapeu,SP
6108,18330,-24.582596,-48.59708,iporanga,SP
6109,18360,-24.640165,-48.838565,itaoca,SP
6110,18380,-24.65773,-49.007751,ribeira,SP
6111,18385,-24.566833,-49.177315,itapirapua paulista,SP
6112,18400,-23.983343,-48.876533,itapeva,SP
6113,18401,-23.974101,-48.870696,itapeva,SP
6114,18402,-23.955859,-48.849549,itapeva,SP
6115,18403,-23.982221,-48.868095,itapeva,SP
6116,18404,-23.991049,-48.86854,itapeva,SP
6117,18405,-23.993886,-48.87762,itapeva,SP
6118,18406,-23.9949,-48.886775,itapeva,SP
6119,18407,-23.990013,-48.891548,itapeva,SP
6120,18408,-23.995801,-48.903198,itapeva,SP
6121,18409,-23.983122,-48.888941,itapeva,SP
6122,18410,-23.977741,-48.886337,itapeva,SP
6123,18411,-23.971461,-48.883904,itapeva,SP
6124,18412,-23.969101,-48.908323,itapeva,SP
6125,18420,-23.713381,-48.85193,guarizinho,SP
6126,18425,-23.925481,-48.698592,taquarivai,SP
6127,18430,-24.178134,-48.811674,ribeirao branco,SP
6128,18435,-24.122159,-48.905181,nova campina,SP
6129,18440,-23.865546,-49.141089,itabera,SP
6130,18460,-24.111326,-49.331312,itarare,SP
6131,18470,-23.829151,-49.434218,riversul,SP
6132,18475,-24.319269,-49.140227,bom sucesso de itararé,SP
6133,18480,-23.705585,-49.48638,itaporanga,SP
6134,18490,-23.62984,-49.562349,barao de antonina,SP
6135,18500,-23.049656,-47.837303,laranjal paulista,SP
6136,18510,-23.038767,-47.893876,maristela,SP
6137,18520,-23.166022,-47.746851,cerquilho,SP
6138,18530,-23.101812,-47.71207,tiete,SP
6139,18535,-23.083057,-47.792479,jumirim,SP
6140,18540,-23.212022,-47.521786,porto feliz,SP
6141,18550,-23.286582,-47.671142,boituva,SP
6142,18560,-23.365043,-47.67727,ipero,SP
6143,18570,-23.019683,-48.012322,conchas,SP
6144,18580,-23.074576,-47.975368,pereiras,SP
6145,18590,-23.10925,-48.262535,bofete,SP
6146,18600,-22.887182,-48.440968,botucatu,SP
6147,18601,-22.892565,-48.432543,botucatu,SP
6148,18602,-22.893978,-48.444363,botucatu,SP
6149,18603,-22.881859,-48.451284,botucatu,SP
6150,18604,-22.875932,-48.427536,botucatu,SP
6151,18605,-22.916837,-48.44173,botucatu,SP
6152,18606,-22.902052,-48.451731,botucatu,SP
6153,18607,-22.890534,-48.463003,botucatu,SP
6154,18608,-22.865812,-48.461073,botucatu,SP
6155,18609,-22.86414,-48.448806,botucatu,SP
6156,18610,-22.859518,-48.442767,botucatu,SP
6157,18611,-22.874726,-48.435733,botucatu,SP
6158,18615,-22.896003,-48.44075,botucatu,SP
6159,18618,-22.898778,-48.494895,botucatu,SP
6160,18619,-22.7811,-48.399978,botucatu,SP
6161,18620,-22.790592,-48.129658,anhembi,SP
6162,18630,-22.936272,-48.1622,piramboia,SP
6163,18640,-23.08407,-48.379222,pardinho,SP
6164,18650,-22.74079,-48.571857,sao manuel,SP
6165,18655,-22.731144,-48.610689,aparecida de sao manuel,SP
6166,18660,-22.811869,-48.667481,pratania,SP
6167,18670,-22.673659,-48.666086,areiopolis,SP
6168,18675,-22.571407,-48.971818,borebi,SP
6169,18680,-22.593223,-48.799444,lencois paulista,SP
6170,18681,-22.599167,-48.78767,lencois paulista,SP
6171,18682,-22.609818,-48.796191,lencois paulista,SP
6172,18683,-22.601864,-48.807283,lencois paulista,SP
6173,18684,-22.585087,-48.814777,lencois paulista,SP
6174,18685,-22.581279,-48.810353,lencois paulista,SP
6175,18686,-22.593268,-48.785623,lencois paulista,SP
6176,18688,-22.593262,-48.793596,alfredo guedes,SP
6177,18690,-23.103098,-48.614336,itatinga,SP
6178,18700,-23.104461,-48.924534,avare,SP
6179,18701,-23.103964,-48.914284,avare,SP
6180,18702,-23.112314,-48.905905,avare,SP
6181,18703,-23.12344,-48.931724,avare,SP
6182,18704,-23.115268,-48.936076,avare,SP
6183,18705,-23.100046,-48.934633,avare,SP
6184,18706,-23.08611,-48.931236,avare,SP
6185,18707,-23.084832,-48.924313,avare,SP
6186,18708,-23.084614,-48.915024,avare,SP
6187,18710,-23.136321,-49.054164,arandu,SP
6188,18720,-23.386602,-48.732225,paranapanema,SP
6189,18725,-22.990127,-47.547961,holambra ii,SP
6190,18730,-23.418457,-49.091304,itai,SP
6191,18740,-23.532584,-49.246751,taquarituba,SP
6192,18745,-23.630667,-49.312936,coronel macedo,SP
6193,18760,-23.034014,-49.162776,cerqueira cesar,SP
6194,18770,-22.877298,-49.239755,aguas de santa barbara,SP
6195,18775,-22.871932,-49.155894,iaras,SP
6196,18780,-23.005809,-49.318502,manduri,SP
6197,18790,-22.940626,-49.340555,oleo,SP
6198,18800,-23.19772,-49.383033,piraju,SP
6199,18830,-23.37072,-49.333349,tejupa,SP
6200,18840,-23.274504,-49.477369,sarutaia,SP
6201,18860,-23.206784,-49.603209,timburi,SP
6202,18870,-23.388769,-49.510589,fartura,SP
6203,18890,-23.453812,-49.405301,taguai,SP
6204,18900,-22.897546,-49.624918,santa cruz do rio pardo,SP
6205,18910,-22.955837,-49.538261,sodrelia,SP
6206,18915,-22.715829,-49.57166,caporanga,SP
6207,18935,-22.695112,-49.43037,espirito santo do turvo,SP
6208,18940,-22.73916,-49.682268,sao pedro do turvo,SP
6209,18950,-23.055169,-49.627011,ipaussu,SP
6210,18960,-23.015407,-49.477124,bernardino de campos,SP
6211,18970,-23.039206,-49.707646,chavantes,SP
6212,18980,-23.057469,-49.731573,irape,SP
6213,18990,-23.005264,-49.78343,canitar,SP
6214,19010,-22.123027,-51.386427,presidente prudente,SP
6215,19013,-22.135926,-51.39178,presidente prudente,SP
6216,19014,-22.129269,-51.396426,presidente prudente,SP
6217,19015,-22.121391,-51.395103,presidente prudente,SP
6218,19020,-22.113254,-51.386646,presidente prudente,SP
6219,19023,-22.111149,-51.399319,presidente prudente,SP
6220,19024,-22.100707,-51.394536,presidente prudente,SP
6221,19025,-22.099561,-51.406633,presidente prudente,SP
6222,19026,-22.098599,-51.416541,presidente prudente,SP
6223,19027,-22.112238,-51.421302,presidente prudente,SP
6224,19028,-22.084716,-51.432722,presidente prudente,SP
6225,19029,-22.07709,-51.415486,presidente prudente,SP
6226,19030,-22.117896,-51.377648,presidente prudente,SP
6227,19031,-22.128886,-51.378715,presidente prudente,SP
6228,19033,-22.096388,-51.38829,presidente prudente,SP
6229,19034,-22.088546,-51.382994,presidente prudente,SP
6230,19035,-22.125794,-51.373035,presidente prudente,SP
6231,19036,-22.112975,-51.393885,presidente prudente,SP
6232,19040,-22.132277,-51.384185,presidente prudente,SP
6233,19041,-22.137473,-51.379525,presidente prudente,SP
6234,19042,-22.136229,-51.37245,presidente prudente,SP
6235,19043,-22.1555,-51.385232,presidente prudente,SP
6236,19045,-22.14467,-51.381075,presidente prudente,SP
6237,19046,-22.14271,-51.385562,presidente prudente,SP
6238,19050,-22.136545,-51.400722,presidente prudente,SP
6239,19051,-22.142726,-51.46028,presidente prudente,SP
6240,19053,-22.14755,-51.41441,presidente prudente,SP
6241,19057,-22.116759,-51.440296,presidente prudente,SP
6242,19060,-22.121784,-51.413759,presidente prudente,SP
6243,19061,-22.127963,-51.411052,presidente prudente,SP
6244,19062,-22.132953,-51.426236,presidente prudente,SP
6245,19063,-22.128138,-51.443438,presidente prudente,SP
6246,19064,-22.153712,-51.453153,presidente prudente,SP
6247,19065,-22.108772,-51.432031,presidente prudente,SP
6248,19066,-22.109174,-51.429066,presidente prudente,SP
6249,19067,-22.122402,-51.427445,presidente prudente,SP
6250,19068,-22.102421,-51.426348,presidente prudente,SP
6251,19070,-22.139491,-51.420676,presidente prudente,SP
6252,19085,-22.110656,-51.439638,presidente prudente,SP
6253,19097,-22.074313,-51.359381,presidente prudente,SP
6254,19100,-22.088248,-51.400648,presidente prudente,SP
6255,19110,-22.088712,-51.367591,presidente prudente,SP
6256,19120,-22.387846,-50.134767,floresta do sul,SP
6257,19130,-21.914954,-51.301012,eneida,SP
6258,19140,-21.803104,-51.300435,presidente prudente,SP
6259,19160,-22.077207,-51.467453,alvares machado,SP
6260,19180,-21.954423,-51.415979,alfredo marcondes,SP
6261,19190,-21.851864,-51.394559,santo expedito,SP
6262,19200,-22.275736,-51.498131,pirapozinho,SP
6263,19210,-22.30447,-51.558855,tarabai,SP
6264,19220,-22.406532,-51.523893,narandiba,SP
6265,19230,-22.48915,-51.661605,estrela do norte,SP
6266,19250,-22.456292,-51.763456,sandovalina,SP
6267,19260,-22.293707,-51.910282,mirante do paranapanema,SP
6268,19265,-22.216279,-51.834407,costa machado,SP
6269,19270,-22.285448,-52.102869,cuiaba paulista,SP
6270,19273,-22.573624,-53.043998,rosana,SP
6271,19274,-21.599186,-49.691998,primavera,SP
6272,19275,-22.572986,-52.352852,euclides da cunha paulista,SP
6273,19280,-22.529246,-52.172285,teodoro sampaio,SP
6274,19295,-22.540657,-52.180661,teodoro sampaio,SP
6275,19300,-22.009031,-51.5563,presidente bernardes,SP
6276,19330,-22.220004,-51.641516,nova patria,SP
6277,19350,-21.83055,-51.483001,emilianopolis,SP
6278,19360,-21.976898,-51.65257,santo anastacio,SP
6279,19380,-21.831849,-51.601681,ribeirao dos indios,SP
6280,19400,-21.87583,-51.844632,presidente venceslau,SP
6281,19410,-21.881759,-51.727164,piquerobi,SP
6282,19430,-22.110767,-51.974602,maraba paulista,SP
6283,19450,-21.831347,-51.99021,caiua,SP
6284,19470,-21.77249,-52.116577,presidente epitacio,SP
6285,19490,-22.86336,-47.055421,campinal,SP
6286,19500,-22.147477,-51.169178,martinopolis,SP
6287,19505,-22.002038,-51.135861,tecainda,SP
6288,19530,-22.015988,-51.235933,caiabu,SP
6289,19540,-21.775634,-48.81837,iubatinga,SP
6290,19560,-22.174876,-51.255471,indiana,SP
6291,19570,-22.221865,-51.303404,regente feijo,SP
6292,19575,-22.195522,-51.356741,espigao,SP
6293,19580,-22.295994,-51.386716,anhumas,SP
6294,19590,-22.389626,-51.289232,taciba,SP
6295,19600,-22.229221,-50.894533,rancharia,SP
6296,19610,-23.345014,-48.937037,agisse,SP
6297,19620,-22.222031,-50.89552,gardenia,SP
6298,19640,-22.660537,-51.075,iepe,SP
6299,19645,-22.619831,-51.238023,nantes,SP
6300,19680,-22.249591,-50.768255,joao ramalho,SP
6301,19700,-22.420432,-50.580211,paraguacu paulista,SP
6302,19750,-22.339452,-50.392418,lutecia,SP
6303,19770,-22.315412,-50.280351,oscar bressane,SP
6304,19780,-22.247288,-50.700691,quata,SP
6305,19800,-22.665674,-50.415156,assis,SP
6306,19801,-22.669904,-50.411147,assis,SP
6307,19802,-22.669546,-50.426947,assis,SP
6308,19803,-22.675665,-50.4377,assis,SP
6309,19804,-22.663519,-50.43535,assis,SP
6310,19806,-22.655408,-50.425683,assis,SP
6311,19807,-22.64537,-50.424128,assis,SP
6312,19810,-22.633555,-50.421094,assis,SP
6313,19812,-22.639499,-50.396471,assis,SP
6314,19813,-22.644566,-50.403142,assis,SP
6315,19814,-22.65709,-50.409497,assis,SP
6316,19815,-22.655723,-50.395888,assis,SP
6317,19816,-22.66362,-50.400035,assis,SP
6318,19820,-22.74912,-50.579029,taruma,SP
6319,19830,-22.429914,-50.205374,echapora,SP
6320,19840,-22.615352,-50.668184,maracai,SP
6321,19845,-24.007627,-50.477272,maracaí,SP
6322,19860,-22.743476,-50.787861,cruzalia,SP
6323,19865,-22.815137,-50.7905,pedrinhas paulista,SP
6324,19870,-22.901637,-50.726932,florinia,SP
6325,19880,-22.751081,-50.387209,candido mota,SP
6326,19882,-22.697307,-50.291705,nova alexandria,SP
6327,19885,-22.841945,-50.517266,frutal do campo,SP
6328,19900,-22.98129,-49.867121,ourinhos,SP
6329,19901,-22.99108,-49.869908,ourinhos,SP
6330,19902,-22.993718,-49.860714,ourinhos,SP
6331,19904,-23.012726,-49.885016,ourinhos,SP
6332,19905,-22.996727,-49.883418,ourinhos,SP
6333,19906,-22.984928,-49.881877,ourinhos,SP
6334,19907,-22.974236,-49.881444,ourinhos,SP
6335,19908,-22.974237,-49.908411,ourinhos,SP
6336,19909,-22.969459,-49.903983,ourinhos,SP
6337,19910,-22.964791,-49.892615,ourinhos,SP
6338,19911,-22.967364,-49.871283,ourinhos,SP
6339,19912,-22.980252,-49.860485,ourinhos,SP
6340,19913,-22.981084,-49.853685,ourinhos,SP
6341,19914,-22.969094,-49.856744,ourinhos,SP
6342,19915,-22.958334,-49.863586,ourinhos,SP
6343,19920,-22.886252,-49.981871,salto grande,SP
6344,19930,-22.781473,-49.781031,ribeirao do sul,SP
6345,19940,-22.81386,-50.072631,ibirarema,SP
6346,19960,-22.60455,-49.999353,campos novos paulista,SP
6347,19970,-22.786568,-50.218192,palmital,SP
6348,19990,-22.634026,-50.203342,platina,SP
6349,20010,-22.90242,-43.183832,rio de janeiro,RJ
6350,20011,-22.905621,-43.176432,rio de janeiro,RJ
6351,20020,-22.907573,-43.172473,rio de janeiro,RJ
6352,20021,-22.912844,-43.173828,rio de janeiro,RJ
6353,20030,-22.909613,-43.174135,rio de janeiro,RJ
6354,20031,-22.909446,-43.18024,rio de janeiro,RJ
6355,20040,-22.904933,-43.177408,rio de janeiro,RJ
6356,20041,-22.902998,-43.178222,rio de janeiro,RJ
6357,20050,-22.906451,-43.179604,rio de janeiro,RJ
6358,20051,-22.903696,-43.182469,rio de janeiro,RJ
6359,20056,-22.91378,-43.250752,rio de janeiro,RJ
6360,20060,-22.907798,-43.243117,rio de janeiro,RJ
6361,20061,-22.905645,-43.185445,rio de janeiro,RJ
6362,20070,-22.902405,-43.179288,rio de janeiro,RJ
6363,20071,-22.902001,-43.181579,rio de janeiro,RJ
6364,20080,-22.900792,-43.185126,rio de janeiro,RJ
6365,20081,-22.89768,-43.183663,rio de janeiro,RJ
6366,20090,-22.89918,-43.179692,rio de janeiro,RJ
6367,20091,-22.899877,-43.178423,rio de janeiro,RJ
6368,20203,-22.795289,-43.340611,rio de janeiro,RJ
6369,20210,-22.908197,-43.199138,rio de janeiro,RJ
6370,20211,-22.911124,-43.199152,rio de janeiro,RJ
6371,20220,-22.899943,-43.201755,rio de janeiro,RJ
6372,20221,-22.899262,-43.198123,rio de janeiro,RJ
6373,20230,-22.912719,-43.188546,rio de janeiro,RJ
6374,20231,-22.913022,-43.186235,rio de janeiro,RJ
6375,20240,-22.91814,-43.189229,rio de janeiro,RJ
6376,20241,-22.922736,-43.189312,rio de janeiro,RJ
6377,20250,-22.919107,-43.217029,rio de janeiro,RJ
6378,20251,-22.921536,-43.200541,rio de janeiro,RJ
6379,20260,-22.920075,-43.216198,rio de janeiro,RJ
6380,20261,-22.924079,-43.213792,rio de janeiro,RJ
6381,20270,-22.916233,-43.2182,rio de janeiro,RJ
6382,20271,-22.915274,-43.224515,rio de janeiro,RJ
6383,20350,-22.907498,-43.268823,rio de janeiro,RJ
6384,20396,-22.763192,-43.107876,rio de janeiro,RJ
6385,20397,-22.755851,-43.10828,rio de janeiro,RJ
6386,20510,-22.929782,-43.243943,rio de janeiro,RJ
6387,20511,-22.927958,-43.23967,rio de janeiro,RJ
6388,20520,-22.926393,-43.232052,rio de janeiro,RJ
6389,20521,-22.927686,-43.232309,rio de janeiro,RJ
6390,20530,-22.937376,-43.249607,rio de janeiro,RJ
6391,20531,-22.959751,-43.271929,rio de janeiro,RJ
6392,20535,-22.8741,-43.27717,rio de janeiro,RJ
6393,20540,-22.922649,-43.243664,rio de janeiro,RJ
6394,20541,-22.92311,-43.246733,rio de janeiro,RJ
6395,20550,-22.917083,-43.231033,rio de janeiro,RJ
6396,20551,-22.914565,-43.24584,rio de janeiro,RJ
6397,20560,-22.918327,-43.25628,rio de janeiro,RJ
6398,20561,-22.923561,-43.265889,rio de janeiro,RJ
6399,20710,-22.90815,-43.276497,rio de janeiro,RJ
6400,20715,-22.912067,-43.26825,rio de janeiro,RJ
6401,20720,-22.906379,-43.288144,rio de janeiro,RJ
6402,20723,-22.907903,-43.288559,rio de janeiro,RJ
6403,20725,-22.906992,-43.28359,rio de janeiro,RJ
6404,20730,-22.902313,-43.298092,rio de janeiro,RJ
6405,20735,-22.900432,-43.286456,rio de janeiro,RJ
6406,20740,-22.896039,-43.312892,rio de janeiro,RJ
6407,20745,-22.902708,-43.307236,rio de janeiro,RJ
6408,20746,-22.898322,-43.305742,rio de janeiro,RJ
6409,20750,-22.877213,-43.299289,rio de janeiro,RJ
6410,20751,-22.883849,-43.305643,rio de janeiro,RJ
6411,20755,-22.888288,-43.297104,rio de janeiro,RJ
6412,20756,-22.889661,-43.304703,rio de janeiro,RJ
6413,20760,-22.879388,-43.286093,rio de janeiro,RJ
6414,20761,-22.870471,-43.295591,rio de janeiro,RJ
6415,20765,-22.869877,-43.286997,rio de janeiro,RJ
6416,20766,-22.864346,-43.289519,rio de janeiro,RJ
6417,20770,-22.892963,-43.286025,rio de janeiro,RJ
6418,20771,-22.886669,-43.279084,rio de janeiro,RJ
6419,20775,-22.894752,-43.277208,rio de janeiro,RJ
6420,20776,-22.989315,-43.348585,rio de janeiro,RJ
6421,20780,-22.897213,-43.273353,rio de janeiro,RJ
6422,20785,-22.886245,-43.267543,rio de janeiro,RJ
6423,20910,-22.899539,-43.230879,rio de janeiro,RJ
6424,20911,-22.894754,-43.241428,rio de janeiro,RJ
6425,20920,-22.89542,-43.230347,rio de janeiro,RJ
6426,20921,-22.893852,-43.237827,rio de janeiro,RJ
6427,20930,-22.890081,-43.229475,rio de janeiro,RJ
6428,20931,-22.880671,-43.218659,rio de janeiro,RJ
6429,20932,-22.853322,-43.39736,rio de janeiro,RJ
6430,20940,-22.901777,-43.218946,rio de janeiro,RJ
6431,20941,-22.904157,-43.217897,rio de janeiro,RJ
6432,20943,-22.906963,-43.237166,rio de janeiro,RJ
6433,20950,-22.904025,-43.256398,rio de janeiro,RJ
6434,20960,-22.899339,-43.249381,rio de janeiro,RJ
6435,20961,-22.898854,-43.260366,rio de janeiro,RJ
6436,20970,-22.894065,-43.299888,rio de janeiro,RJ
6437,20972,-22.921441,-43.244693,rio de janeiro,RJ
6438,20973,-22.899373,-43.330915,rio de janeiro,RJ
6439,20975,-22.893711,-43.252439,rio de janeiro,RJ
6440,21010,-22.827105,-43.311169,rio de janeiro,RJ
6441,21011,-22.827828,-43.286011,rio de janeiro,RJ
6442,21012,-22.83651,-43.315326,rio de janeiro,RJ
6443,21020,-22.834411,-43.276859,rio de janeiro,RJ
6444,21021,-22.841994,-43.265028,rio de janeiro,RJ
6445,21030,-22.854079,-43.272225,rio de janeiro,RJ
6446,21031,-22.84842,-43.25629,rio de janeiro,RJ
6447,21032,-22.859852,-43.255799,rio de janeiro,RJ
6448,21040,-22.858839,-43.254467,rio de janeiro,RJ
6449,21041,-22.8724,-43.261337,rio de janeiro,RJ
6450,21042,-22.864961,-43.25275,rio de janeiro,RJ
6451,21043,-22.88658,-43.277319,rio de janeiro,RJ
6452,21044,-22.857785,-43.269051,rio de janeiro,RJ
6453,21046,-22.872224,-43.251389,rio de janeiro,RJ
6454,21050,-22.875411,-43.259896,rio de janeiro,RJ
6455,21051,-22.874268,-43.266611,rio de janeiro,RJ
6456,21060,-22.857684,-43.263825,rio de janeiro,RJ
6457,21061,-22.866784,-43.27278,rio de janeiro,RJ
6458,21065,-22.87514,-43.413831,rio de janeiro,RJ
6459,21070,-22.844235,-43.284654,rio de janeiro,RJ
6460,21071,-22.862124,-43.289066,rio de janeiro,RJ
6461,21072,-22.86476,-43.36455,rio de janeiro,RJ
6462,21073,-22.851034,-43.269867,rio de janeiro,RJ
6463,21200,-22.853477,-43.303938,rio de janeiro,RJ
6464,21210,-22.842418,-43.300844,rio de janeiro,RJ
6465,21211,-22.837211,-43.308046,rio de janeiro,RJ
6466,21215,-22.833513,-43.296039,rio de janeiro,RJ
6467,21220,-22.848913,-43.313325,rio de janeiro,RJ
6468,21221,-22.845722,-43.309233,rio de janeiro,RJ
6469,21230,-22.826844,-43.322477,rio de janeiro,RJ
6470,21231,-22.831706,-43.322157,rio de janeiro,RJ
6471,21235,-22.838042,-43.322501,rio de janeiro,RJ
6472,21236,-22.840837,-43.340012,rio de janeiro,RJ
6473,21240,-22.811506,-43.326581,rio de janeiro,RJ
6474,21241,-22.81365,-43.307598,rio de janeiro,RJ
6475,21250,-22.824826,-43.306083,rio de janeiro,RJ
6476,21310,-22.878907,-43.340369,rio de janeiro,RJ
6477,21311,-22.889269,-43.327889,rio de janeiro,RJ
6478,21320,-22.892139,-43.347953,rio de janeiro,RJ
6479,21321,-22.89346,-43.360111,rio de janeiro,RJ
6480,21330,-22.882564,-43.365953,rio de janeiro,RJ
6481,21331,-22.873442,-43.366165,rio de janeiro,RJ
6482,21340,-22.870984,-43.357189,rio de janeiro,RJ
6483,21341,-22.881744,-43.350486,rio de janeiro,RJ
6484,21350,-22.878002,-43.329688,rio de janeiro,RJ
6485,21351,-22.869771,-43.344067,rio de janeiro,RJ
6486,21360,-22.866913,-43.334765,rio de janeiro,RJ
6487,21361,-22.853571,-43.328319,rio de janeiro,RJ
6488,21370,-22.869292,-43.318852,rio de janeiro,RJ
6489,21371,-22.85112,-43.325724,rio de janeiro,RJ
6490,21380,-22.882977,-43.320206,rio de janeiro,RJ
6491,21381,-22.879051,-43.314227,rio de janeiro,RJ
6492,21440,-22.862645,-43.253924,rio de janeiro,RJ
6493,21510,-22.842181,-43.354127,rio de janeiro,RJ
6494,21511,-22.844388,-43.351885,rio de janeiro,RJ
6495,21512,-22.847292,-43.359692,rio de janeiro,RJ
6496,21515,-22.839942,-43.355093,rio de janeiro,RJ
6497,21520,-22.810978,-43.361347,rio de janeiro,RJ
6498,21521,-22.824878,-43.348888,rio de janeiro,RJ
6499,21525,-22.818031,-43.35724,rio de janeiro,RJ
6500,21530,-22.830122,-43.353045,rio de janeiro,RJ
6501,21531,-22.851387,-43.405984,rio de janeiro,RJ
6502,21532,-22.813564,-43.360195,rio de janeiro,RJ
6503,21535,-22.823344,-43.362029,rio de janeiro,RJ
6504,21540,-22.853135,-43.342942,rio de janeiro,RJ
6505,21545,-22.843411,-43.343657,rio de janeiro,RJ
6506,21550,-22.862106,-43.356537,rio de janeiro,RJ
6507,21555,-22.854932,-43.363325,rio de janeiro,RJ
6508,21557,-22.856424,-43.374464,rio de janeiro,RJ
6509,21610,-22.867304,-43.371739,rio de janeiro,RJ
6510,21615,-22.860076,-43.393092,rio de janeiro,RJ
6511,21616,-22.853963,-43.396667,rio de janeiro,RJ
6512,21620,-22.839556,-43.405236,rio de janeiro,RJ
6513,21625,-22.832657,-43.402979,rio de janeiro,RJ
6514,21630,-22.825658,-43.411547,rio de janeiro,RJ
6515,21635,-22.833057,-43.412669,rio de janeiro,RJ
6516,21640,-22.83471,-43.392919,rio de janeiro,RJ
6517,21645,-22.821661,-43.398007,rio de janeiro,RJ
6518,21650,-22.817525,-43.373609,rio de janeiro,RJ
6519,21655,-22.818105,-43.383878,rio de janeiro,RJ
6520,21660,-22.839584,-43.377606,rio de janeiro,RJ
6521,21665,-22.834511,-43.378312,rio de janeiro,RJ
6522,21670,-22.849864,-43.381518,rio de janeiro,RJ
6523,21675,-22.850467,-43.37628,rio de janeiro,RJ
6524,21710,-22.876515,-43.424445,rio de janeiro,RJ
6525,21715,-22.879711,-43.440641,rio de janeiro,RJ
6526,21720,-22.865177,-43.446676,rio de janeiro,RJ
6527,21721,-22.87496,-43.413203,rio de janeiro,RJ
6528,21725,-22.859806,-43.45963,rio de janeiro,RJ
6529,21730,-22.864164,-43.434938,rio de janeiro,RJ
6530,21735,-22.871853,-43.429975,rio de janeiro,RJ
6531,21740,-22.885515,-43.387792,rio de janeiro,RJ
6532,21741,-22.889127,-43.394443,rio de janeiro,RJ
6533,21745,-22.879618,-43.40996,rio de janeiro,RJ
6534,21746,-22.885776,-43.411026,rio de janeiro,RJ
6535,21750,-22.878452,-43.416006,rio de janeiro,RJ
6536,21755,-22.883749,-43.418204,rio de janeiro,RJ
6537,21760,-22.890581,-43.42061,rio de janeiro,RJ
6538,21765,-22.891234,-43.430594,rio de janeiro,RJ
6539,21770,-22.892118,-43.441946,rio de janeiro,RJ
6540,21775,-22.887005,-43.446859,rio de janeiro,RJ
6541,21785,-22.872105,-43.455214,rio de janeiro,RJ
6542,21810,-22.879637,-43.459165,rio de janeiro,RJ
6543,21815,-22.885354,-43.457903,rio de janeiro,RJ
6544,21820,-22.881825,-43.468465,rio de janeiro,RJ
6545,21825,-22.892231,-43.469856,rio de janeiro,RJ
6546,21830,-22.879735,-43.482224,rio de janeiro,RJ
6547,21831,-22.889959,-43.483826,rio de janeiro,RJ
6548,21832,-22.895205,-43.490903,rio de janeiro,RJ
6549,21833,-22.881304,-43.494517,rio de janeiro,RJ
6550,21840,-22.869155,-43.468634,rio de janeiro,RJ
6551,21842,-22.869339,-43.481041,rio de janeiro,RJ
6552,21843,-22.870846,-43.481259,rio de janeiro,RJ
6553,21845,-22.874489,-43.452684,rio de janeiro,RJ
6554,21850,-22.859425,-43.486817,rio de janeiro,RJ
6555,21852,-22.864995,-43.467012,rio de janeiro,RJ
6556,21853,-22.855407,-43.483984,rio de janeiro,RJ
6557,21854,-22.844785,-43.494181,rio de janeiro,RJ
6558,21860,-22.862376,-43.465758,rio de janeiro,RJ
6559,21862,-22.864633,-43.466916,rio de janeiro,RJ
6560,21863,-22.851577,-43.466576,rio de janeiro,RJ
6561,21864,-22.854039,-43.461015,rio de janeiro,RJ
6562,21865,-22.851616,-43.466905,rio de janeiro,RJ
6563,21866,-22.8603,-43.481678,rio de janeiro,RJ
6564,21870,-22.870981,-43.458494,rio de janeiro,RJ
6565,21875,-22.873964,-43.453909,rio de janeiro,RJ
6566,21910,-22.797707,-43.181631,rio de janeiro,RJ
6567,21911,-22.790257,-43.172802,rio de janeiro,RJ
6568,21920,-22.79809,-43.195428,rio de janeiro,RJ
6569,21921,-22.807763,-43.186688,rio de janeiro,RJ
6570,21922,-22.84571,-43.338995,rio de janeiro,RJ
6571,21930,-22.8191,-43.179142,rio de janeiro,RJ
6572,21931,-22.810297,-43.199729,rio de janeiro,RJ
6573,21932,-22.80571,-43.228393,rio de janeiro,RJ
6574,21940,-22.813531,-43.202491,rio de janeiro,RJ
6575,21941,-22.835608,-43.257403,rio de janeiro,RJ
6576,21950,-22.902834,-43.263613,rio de janeiro,RJ
6577,22003,-22.910945,-43.172866,rio de janeiro,RJ
6578,22010,-22.962755,-43.170566,rio de janeiro,RJ
6579,22011,-22.963522,-43.177643,rio de janeiro,RJ
6580,22020,-22.965386,-43.1784,rio de janeiro,RJ
6581,22021,-22.965789,-43.178997,rio de janeiro,RJ
6582,22030,-22.965858,-43.184283,rio de janeiro,RJ
6583,22031,-22.967028,-43.18789,rio de janeiro,RJ
6584,22040,-22.968195,-43.185145,rio de janeiro,RJ
6585,22041,-22.967759,-43.189942,rio de janeiro,RJ
6586,22050,-22.972666,-43.187787,rio de janeiro,RJ
6587,22051,-22.972547,-43.190448,rio de janeiro,RJ
6588,22060,-22.976875,-43.190335,rio de janeiro,RJ
6589,22061,-22.975662,-43.192382,rio de janeiro,RJ
6590,22070,-22.980969,-43.189539,rio de janeiro,RJ
6591,22071,-22.980583,-43.195525,rio de janeiro,RJ
6592,22080,-22.983885,-43.193339,rio de janeiro,RJ
6593,22081,-22.984533,-43.193478,rio de janeiro,RJ
6594,22210,-22.931592,-43.17638,rio de janeiro,RJ
6595,22211,-22.923452,-43.179676,rio de janeiro,RJ
6596,22220,-22.929004,-43.176943,rio de janeiro,RJ
6597,22221,-22.929151,-43.181939,rio de janeiro,RJ
6598,22230,-22.93705,-43.176954,rio de janeiro,RJ
6599,22231,-22.936444,-43.181996,rio de janeiro,RJ
6600,22240,-22.935434,-43.187461,rio de janeiro,RJ
6601,22241,-22.939128,-43.197564,rio de janeiro,RJ
6602,22245,-22.940648,-43.191025,rio de janeiro,RJ
6603,22250,-22.941673,-43.176758,rio de janeiro,RJ
6604,22251,-22.945317,-43.185262,rio de janeiro,RJ
6605,22252,-22.943801,-43.184246,rio de janeiro,RJ
6606,22260,-22.948925,-43.192169,rio de janeiro,RJ
6607,22261,-22.956841,-43.199998,rio de janeiro,RJ
6608,22270,-22.953308,-43.189814,rio de janeiro,RJ
6609,22271,-22.95604,-43.193917,rio de janeiro,RJ
6610,22280,-22.954552,-43.185409,rio de janeiro,RJ
6611,22281,-22.956836,-43.193097,rio de janeiro,RJ
6612,22283,-22.956151,-43.192122,rio de janeiro,RJ
6613,22290,-22.95376,-43.177053,rio de janeiro,RJ
6614,22291,-22.942712,-43.166586,rio de janeiro,RJ
6615,22410,-22.983833,-43.207088,rio de janeiro,RJ
6616,22411,-22.982037,-43.202945,rio de janeiro,RJ
6617,22420,-22.985271,-43.20423,rio de janeiro,RJ
6618,22421,-22.98212,-43.207433,rio de janeiro,RJ
6619,22430,-22.982578,-43.220263,rio de janeiro,RJ
6620,22431,-22.983041,-43.225038,rio de janeiro,RJ
6621,22440,-22.984818,-43.222236,rio de janeiro,RJ
6622,22441,-22.984113,-43.225948,rio de janeiro,RJ
6623,22450,-22.986384,-43.232145,rio de janeiro,RJ
6624,22451,-22.975171,-43.243572,rio de janeiro,RJ
6625,22452,-22.924912,-43.340952,rio de janeiro,RJ
6626,22453,-22.978469,-43.233833,rio de janeiro,RJ
6627,22460,-22.964696,-43.226056,rio de janeiro,RJ
6628,22461,-22.961623,-43.21547,rio de janeiro,RJ
6629,22470,-22.965065,-43.215084,rio de janeiro,RJ
6630,22471,-22.966885,-43.203209,rio de janeiro,RJ
6631,22473,-22.931019,-43.350475,rio de janeiro,RJ
6632,22600,-22.987548,-43.253247,rio de janeiro,RJ
6633,22610,-22.995705,-43.264048,rio de janeiro,RJ
6634,22611,-23.007745,-43.299003,rio de janeiro,RJ
6635,22620,-23.011124,-43.315097,rio de janeiro,RJ
6636,22621,-23.010752,-43.309389,rio de janeiro,RJ
6637,22630,-23.009099,-43.344716,rio de janeiro,RJ
6638,22631,-23.003301,-43.343195,rio de janeiro,RJ
6639,22640,-23.000597,-43.330442,rio de janeiro,RJ
6640,22641,-22.982948,-43.315715,rio de janeiro,RJ
6641,22710,-22.936713,-43.377958,rio de janeiro,RJ
6642,22711,-22.913731,-43.390897,rio de janeiro,RJ
6643,22713,-22.930365,-43.39372,rio de janeiro,RJ
6644,22715,-22.923356,-43.383047,rio de janeiro,RJ
6645,22720,-22.918253,-43.385561,rio de janeiro,RJ
6646,22723,-22.91716,-43.404068,rio de janeiro,RJ
6647,22725,-22.91182,-43.375886,rio de janeiro,RJ
6648,22730,-22.919481,-43.369654,rio de janeiro,RJ
6649,22733,-22.906502,-43.366521,rio de janeiro,RJ
6650,22735,-22.920733,-43.358438,rio de janeiro,RJ
6651,22740,-22.925951,-43.358392,rio de janeiro,RJ
6652,22743,-22.929465,-43.348685,rio de janeiro,RJ
6653,22745,-22.934907,-43.333707,rio de janeiro,RJ
6654,22750,-22.944043,-43.3347,rio de janeiro,RJ
6655,22753,-22.963222,-43.331756,rio de janeiro,RJ
6656,22755,-22.947976,-43.337817,rio de janeiro,RJ
6657,22760,-22.938809,-43.3458,rio de janeiro,RJ
6658,22763,-22.94818,-43.370754,rio de janeiro,RJ
6659,22765,-22.954339,-43.359499,rio de janeiro,RJ
6660,22770,-22.936437,-43.36018,rio de janeiro,RJ
6661,22772,-22.95005,-43.360848,rio de janeiro,RJ
6662,22773,-22.94886,-43.364342,rio de janeiro,RJ
6663,22775,-22.965098,-43.380633,rio de janeiro,RJ
6664,22776,-22.990646,-43.353316,rio de janeiro,RJ
6665,22778,-22.939359,-43.371186,rio de janeiro,RJ
6666,22780,-22.95986,-43.396793,rio de janeiro,RJ
6667,22783,-22.984041,-43.452619,rio de janeiro,RJ
6668,22785,-22.977648,-43.491795,rio de janeiro,RJ
6669,22790,-23.013945,-43.46302,rio de janeiro,RJ
6670,22793,-22.99973,-43.401029,rio de janeiro,RJ
6671,22795,-23.020087,-43.464409,rio de janeiro,RJ
6672,23010,-22.884901,-43.511601,rio de janeiro,RJ
6673,23012,-22.891145,-43.528449,rio de janeiro,RJ
6674,23013,-22.901369,-43.541351,rio de janeiro,RJ
6675,23015,-22.908063,-43.539565,rio de janeiro,RJ
6676,23016,-22.912685,-43.535991,rio de janeiro,RJ
6677,23017,-22.920061,-43.53019,rio de janeiro,RJ
6678,23020,-23.002799,-43.544464,rio de janeiro,RJ
6679,23025,-22.989625,-43.616082,rio de janeiro,RJ
6680,23026,-22.989037,-43.629728,rio de janeiro,RJ
6681,23027,-23.001552,-43.639413,rio de janeiro,RJ
6682,23028,-22.98031,-43.660415,rio de janeiro,RJ
6683,23030,-22.965508,-43.595103,rio de janeiro,RJ
6684,23031,-22.964319,-43.612167,rio de janeiro,RJ
6685,23032,-22.972486,-43.642736,rio de janeiro,RJ
6686,23033,-22.955831,-43.605764,rio de janeiro,RJ
6687,23035,-22.945902,-43.592658,rio de janeiro,RJ
6688,23036,-22.936142,-43.574527,rio de janeiro,RJ
6689,23040,-22.931377,-43.553387,rio de janeiro,RJ
6690,23042,-22.927805,-43.554052,rio de janeiro,RJ
6691,23045,-22.918087,-43.562907,rio de janeiro,RJ
6692,23047,-22.924012,-43.558504,rio de janeiro,RJ
6693,23050,-22.90663,-43.566643,rio de janeiro,RJ
6694,23052,-22.906759,-43.552386,rio de janeiro,RJ
6695,23055,-22.910956,-43.578602,rio de janeiro,RJ
6696,23056,-22.918154,-43.610135,rio de janeiro,RJ
6697,23057,-22.915226,-43.508712,rio de janeiro,RJ
6698,23058,-22.913457,-43.574242,rio de janeiro,RJ
6699,23059,-22.912539,-43.588099,rio de janeiro,RJ
6700,23060,-22.898271,-43.6027,rio de janeiro,RJ
6701,23061,-22.908147,-43.606178,rio de janeiro,RJ
6702,23062,-22.90306,-43.599188,rio de janeiro,RJ
6703,23063,-22.897538,-43.593246,rio de janeiro,RJ
6704,23064,-22.900716,-43.583623,rio de janeiro,RJ
6705,23065,-22.88422,-43.618942,rio de janeiro,RJ
6706,23066,-22.888541,-43.622182,rio de janeiro,RJ
6707,23067,-22.881845,-43.615809,rio de janeiro,RJ
6708,23068,-22.886524,-43.597342,rio de janeiro,RJ
6709,23070,-22.895572,-43.577809,rio de janeiro,RJ
6710,23071,-22.887762,-43.580573,rio de janeiro,RJ
6711,23073,-22.889054,-43.582952,rio de janeiro,RJ
6712,23075,-22.877987,-43.576049,rio de janeiro,RJ
6713,23076,-22.882256,-43.574962,rio de janeiro,RJ
6714,23078,-22.87385,-43.586384,rio de janeiro,RJ
6715,23080,-22.898533,-43.565527,rio de janeiro,RJ
6716,23081,-22.894331,-43.567329,rio de janeiro,RJ
6717,23082,-22.894706,-43.571393,rio de janeiro,RJ
6718,23085,-22.894051,-43.546401,rio de janeiro,RJ
6719,23087,-22.887284,-43.559473,rio de janeiro,RJ
6720,23088,-22.885415,-43.54912,rio de janeiro,RJ
6721,23090,-22.878175,-43.562863,rio de janeiro,RJ
6722,23092,-22.873712,-43.540175,rio de janeiro,RJ
6723,23093,-22.877937,-43.529798,rio de janeiro,RJ
6724,23094,-22.876536,-43.520924,rio de janeiro,RJ
6725,23095,-22.869027,-43.555551,rio de janeiro,RJ
6726,23097,-22.851053,-43.536353,rio de janeiro,RJ
6727,23098,-22.871022,-43.52357,rio de janeiro,RJ
6728,23510,-22.920178,-43.667614,rio de janeiro,RJ
6729,23515,-22.923979,-43.682875,rio de janeiro,RJ
6730,23520,-22.936101,-43.659864,rio de janeiro,RJ
6731,23525,-22.944606,-43.676726,rio de janeiro,RJ
6732,23530,-22.973313,-43.68023,rio de janeiro,RJ
6733,23535,-22.978593,-43.688728,rio de janeiro,RJ
6734,23540,-22.974452,-43.695397,rio de janeiro,RJ
6735,23545,-22.967451,-43.699175,rio de janeiro,RJ
6736,23547,-22.932493,-43.623008,rio de janeiro,RJ
6737,23550,-22.931007,-43.689099,rio de janeiro,RJ
6738,23555,-22.917154,-43.692112,rio de janeiro,RJ
6739,23560,-22.898183,-43.698338,rio de janeiro,RJ
6740,23565,-22.89911,-43.692387,rio de janeiro,RJ
6741,23570,-22.909923,-43.673846,rio de janeiro,RJ
6742,23573,-22.913101,-43.653414,rio de janeiro,RJ
6743,23575,-22.901032,-43.6654,rio de janeiro,RJ
6744,23580,-22.911459,-43.622732,rio de janeiro,RJ
6745,23585,-22.924376,-43.635549,rio de janeiro,RJ
6746,23587,-22.922449,-43.629352,rio de janeiro,RJ
6747,23590,-22.928824,-43.658842,rio de janeiro,RJ
6748,23591,-22.931157,-43.663859,rio de janeiro,RJ
6749,23595,-22.926207,-43.629604,rio de janeiro,RJ
6750,23810,-22.871223,-43.769202,itaguai,RJ
6751,23811,-22.864748,-43.766993,itaguai,RJ
6752,23812,-22.871518,-43.771359,itaguai,RJ
6753,23815,-22.868475,-43.779717,itaguai,RJ
6754,23819,-22.839094,-43.794954,itaguai,RJ
6755,23820,-22.862986,-43.784838,itaguai,RJ
6756,23821,-22.87096,-43.791186,itaguai,RJ
6757,23822,-22.859967,-43.794971,itaguai,RJ
6758,23823,-22.875502,-43.788449,itaguai,RJ
6759,23825,-22.88659,-43.830741,itaguai,RJ
6760,23826,-22.898243,-43.850779,itaguai,RJ
6761,23830,-22.84723,-43.781542,itaguai,RJ
6762,23831,-22.876635,-43.809851,itaguai,RJ
6763,23832,-22.855345,-43.765835,itaguai,RJ
6764,23835,-22.836582,-43.765042,itaguai,RJ
6765,23855,-22.863871,-43.759234,itaguai,RJ
6766,23860,-22.949281,-44.014339,mangaratiba,RJ
6767,23870,-22.921032,-43.915697,vila muriqui,RJ
6768,23880,-22.875964,-43.837939,itacurussa,RJ
6769,23885,-23.029216,-44.163851,conceicao de jacarei,RJ
6770,23890,-22.789972,-43.646322,seropedica,RJ
6771,23891,-22.748242,-43.666942,seropedica,RJ
6772,23893,-22.706525,-43.703887,seropedica,RJ
6773,23894,-22.74211,-43.698268,seropedica,RJ
6774,23895,-22.745905,-43.708735,seropedica,RJ
6775,23897,-22.79587,-43.654592,seropedica,RJ
6776,23898,-22.808158,-43.643539,seropedica,RJ
6777,23900,-23.007983,-44.317141,angra dos reis,RJ
6778,23902,-23.00946,-44.321805,angra dos reis,RJ
6779,23903,-23.003779,-44.31694,angra dos reis,RJ
6780,23904,-23.00322,-44.311515,angra dos reis,RJ
6781,23905,-22.981301,-44.303402,angra dos reis,RJ
6782,23906,-22.998976,-44.305488,angra dos reis,RJ
6783,23907,-23.006621,-44.311156,angra dos reis,RJ
6784,23909,-23.016685,-44.340121,angra dos reis,RJ
6785,23910,-23.0058,-44.295,angra dos reis,RJ
6786,23911,-23.011803,-44.279349,angra dos reis,RJ
6787,23912,-22.994341,-44.270859,angra dos reis,RJ
6788,23913,-22.987406,-44.237396,angra dos reis,RJ
6789,23914,-22.993794,-44.237632,angra dos reis,RJ
6790,23915,-22.991543,-44.249286,angra dos reis,RJ
6791,23916,-23.012217,-44.220545,angra dos reis,RJ
6792,23917,-23.036438,-44.196836,angra dos reis,RJ
6793,23918,-23.033104,-44.178108,angra dos reis,RJ
6794,23931,-23.007389,-44.326653,angra dos reis,RJ
6795,23932,-22.980028,-44.299114,angra dos reis,RJ
6796,23933,-22.973515,-44.293019,angra dos reis,RJ
6797,23934,-22.974624,-44.30604,angra dos reis,RJ
6798,23935,-22.961213,-44.286692,angra dos reis,RJ
6799,23936,-22.967892,-44.347271,angra dos reis,RJ
6800,23937,-22.964711,-44.303355,angra dos reis,RJ
6801,23940,-22.923849,-44.366421,angra dos reis,RJ
6802,23942,-22.949286,-44.323954,angra dos reis,RJ
6803,23943,-22.945215,-44.399858,angra dos reis,RJ
6804,23944,-22.937243,-44.414635,angra dos reis,RJ
6805,23946,-22.969423,-44.440196,angra dos reis,RJ
6806,23950,-23.003473,-44.428129,angra dos reis,RJ
6807,23951,-23.02409,-44.514677,angra dos reis,RJ
6808,23952,-23.017314,-44.527068,angra dos reis,RJ
6809,23953,-23.017028,-44.526313,angra dos reis,RJ
6810,23954,-23.012492,-44.537154,angra dos reis,RJ
6811,23955,-23.008451,-44.519512,angra dos reis,RJ
6812,23968,-22.9554,-43.661726,ilha grande,RJ
6813,23970,-23.215654,-44.706254,parati,RJ
6814,23972,-22.863467,-42.311281,parati mirim,RJ
6815,24005,-22.893545,-43.118958,niteroi,RJ
6816,24007,-21.20598,-41.896382,niteroi,RJ
6817,24008,-21.219146,-41.877825,niteroi,RJ
6818,24009,-21.219093,-41.877506,niteroi,RJ
6819,24020,-22.893767,-43.120478,niteroi,RJ
6820,24022,-22.056223,-42.499664,niteroi,RJ
6821,24027,-21.218972,-41.877524,niteroi,RJ
6822,24030,-22.888085,-43.118771,niteroi,RJ
6823,24040,-22.882464,-43.124052,niteroi,RJ
6824,24050,-22.876666,-43.107784,niteroi,RJ
6825,24060,-22.886354,-43.11052,niteroi,RJ
6826,24070,-22.893048,-43.110662,niteroi,RJ
6827,24110,-22.869185,-43.100049,niteroi,RJ
6828,24111,-22.864107,-43.092472,niteroi,RJ
6829,24119,-22.863435,-43.097257,niteroi,RJ
6830,24120,-22.883273,-43.092172,niteroi,RJ
6831,24130,-22.878875,-43.089664,niteroi,RJ
6832,24140,-22.88743,-43.063715,niteroi,RJ
6833,24141,-22.878323,-43.055825,niteroi,RJ
6834,24202,-22.895426,-43.115472,niterói,RJ
6835,24210,-22.899261,-43.130096,niteroi,RJ
6836,24211,-21.220995,-41.89198,niteroi,RJ
6837,24220,-22.90366,-43.107256,niteroi,RJ
6838,24230,-22.861518,-43.073905,niteroi,RJ
6839,24240,-22.896995,-43.098554,niteroi,RJ
6840,24241,-22.903999,-43.091822,niteroi,RJ
6841,24310,-22.911361,-43.068717,niteroi,RJ
6842,24315,-22.901701,-43.069305,niteroi,RJ
6843,24320,-22.903459,-43.049039,niteroi,RJ
6844,24322,-22.895629,-43.038044,niteroi,RJ
6845,24325,-22.807052,-43.058571,niteroi,RJ
6846,24330,-22.901159,-42.991381,niteroi,RJ
6847,24340,-22.947151,-43.034354,niteroi,RJ
6848,24342,-22.937908,-43.0226,niteroi,RJ
6849,24344,-22.937563,-43.014475,niteroi,RJ
6850,24346,-22.950688,-43.027416,niteroi,RJ
6851,24348,-22.969843,-43.032058,niteroi,RJ
6852,24350,-22.941094,-43.066404,niteroi,RJ
6853,24355,-22.94127,-43.043529,niteroi,RJ
6854,24358,-22.953464,-43.0732,niteroi,RJ
6855,24360,-22.882549,-43.066372,niteroi,RJ
6856,24365,-22.912248,-43.081194,niteroi,RJ
6857,24370,-22.924641,-43.101475,niteroi,RJ
6858,24400,-22.822657,-43.045475,sao goncalo,RJ
6859,24410,-22.859688,-43.079452,sao goncalo,RJ
6860,24411,-22.856902,-43.080275,sao goncalo,RJ
6861,24412,-22.847667,-43.075335,sao goncalo,RJ
6862,24415,-22.84024,-43.07465,sao goncalo,RJ
6863,24416,-22.84037,-43.068206,sao goncalo,RJ
6864,24417,-22.846025,-43.050994,sao goncalo,RJ
6865,24420,-22.835624,-43.046476,sao goncalo,RJ
6866,24421,-22.830881,-43.041794,sao goncalo,RJ
6867,24422,-22.827731,-43.02896,sao goncalo,RJ
6868,24425,-22.852712,-43.089972,sao goncalo,RJ
6869,24426,-22.840437,-43.086218,sao goncalo,RJ
6870,24430,-22.829926,-43.08458,sao goncalo,RJ
6871,24431,-22.828671,-43.08167,sao goncalo,RJ
6872,24435,-22.827462,-43.070131,sao goncalo,RJ
6873,24436,-22.821106,-43.067145,sao goncalo,RJ
6874,24440,-22.827569,-43.054869,sao goncalo,RJ
6875,24445,-22.818635,-43.033786,sao goncalo,RJ
6876,24450,-22.823567,-43.020291,sao goncalo,RJ
6877,24451,-22.831089,-43.015492,sao goncalo,RJ
6878,24452,-22.818754,-43.010583,sao goncalo,RJ
6879,24455,-22.809172,-43.025903,sao goncalo,RJ
6880,24456,-22.809373,-43.016048,sao goncalo,RJ
6881,24457,-22.806861,-43.012622,sao goncalo,RJ
6882,24460,-22.814663,-43.043536,sao goncalo,RJ
6883,24461,-22.80359,-43.035936,sao goncalo,RJ
6884,24465,-22.818403,-43.054303,sao goncalo,RJ
6885,24466,-22.811552,-43.062611,sao goncalo,RJ
6886,24467,-22.805576,-43.052698,sao goncalo,RJ
6887,24470,-22.796687,-43.045289,sao goncalo,RJ
6888,24471,-22.785601,-43.045936,sao goncalo,RJ
6889,24472,-22.789308,-43.038193,sao goncalo,RJ
6890,24473,-22.788316,-43.032035,sao goncalo,RJ
6891,24474,-22.795482,-43.024635,sao goncalo,RJ
6892,24475,-22.778868,-43.025369,sao goncalo,RJ
6893,24476,-22.770998,-43.015759,sao goncalo,RJ
6894,24710,-22.823394,-43.003578,sao goncalo,RJ
6895,24711,-22.818854,-42.997777,sao goncalo,RJ
6896,24715,-22.802693,-42.9902,sao goncalo,RJ
6897,24716,-22.790333,-43.004131,sao goncalo,RJ
6898,24717,-22.8081,-43.002869,sao goncalo,RJ
6899,24720,-22.813253,-42.987242,sao goncalo,RJ
6900,24721,-22.804708,-42.985182,sao goncalo,RJ
6901,24722,-22.797358,-42.974562,sao goncalo,RJ
6902,24723,-22.818517,-42.946077,sao goncalo,RJ
6903,24724,-22.80587,-42.957766,sao goncalo,RJ
6904,24725,-22.811487,-42.972677,sao goncalo,RJ
6905,24726,-22.788512,-42.958566,sao goncalo,RJ
6906,24727,-22.783532,-42.945605,sao goncalo,RJ
6907,24730,-22.8291,-42.987766,sao goncalo,RJ
6908,24731,-22.822645,-42.987009,sao goncalo,RJ
6909,24732,-22.827077,-42.973795,sao goncalo,RJ
6910,24733,-22.829057,-42.972547,são gonçalo,RJ
6911,24734,-22.829306,-42.960796,sao goncalo,RJ
6912,24735,-22.846599,-42.953322,sao goncalo,RJ
6913,24736,-22.820058,-42.970212,sao goncalo,RJ
6914,24737,-22.841624,-42.962313,sao goncalo,RJ
6915,24738,-22.851292,-42.943077,sao goncalo,RJ
6916,24740,-22.832976,-42.997565,sao goncalo,RJ
6917,24741,-22.842476,-42.995593,sao goncalo,RJ
6918,24742,-22.838725,-43.004047,sao goncalo,RJ
6919,24743,-22.845425,-42.997282,sao goncalo,RJ
6920,24744,-22.843162,-43.012635,sao goncalo,RJ
6921,24745,-22.854742,-43.004224,sao goncalo,RJ
6922,24746,-22.838985,-42.987984,sao goncalo,RJ
6923,24750,-22.854505,-43.023022,sao goncalo,RJ
6924,24751,-22.864249,-43.006209,sao goncalo,RJ
6925,24752,-22.881981,-42.984803,sao goncalo,RJ
6926,24753,-22.887915,-42.991587,sao goncalo,RJ
6927,24754,-22.872033,-43.027441,sao goncalo,RJ
6928,24755,-22.858651,-43.014358,sao goncalo,RJ
6929,24756,-22.882235,-43.014831,sao goncalo,RJ
6930,24800,-22.742206,-42.857167,itaborai,RJ
6931,24801,-22.739579,-42.847013,itaborai,RJ
6932,24802,-22.734293,-42.839106,itaborai,RJ
6933,24803,-22.732706,-42.829985,itaborai,RJ
6934,24804,-22.747278,-42.844026,itaborai,RJ
6935,24805,-22.737402,-42.846424,itaborai,RJ
6936,24806,-22.751532,-42.848899,itaborai,RJ
6937,24808,-22.757627,-42.85758,itaborai,RJ
6938,24809,-22.76511,-42.896338,itaborai,RJ
6939,24812,-22.750769,-42.872898,itaborai,RJ
6940,24813,-22.753953,-42.889194,itaborai,RJ
6941,24815,-22.734122,-42.869538,itaborai,RJ
6942,24830,-22.712355,-42.87306,itaborai,RJ
6943,24840,-22.718905,-42.863866,itaborai,RJ
6944,24845,-22.78609,-42.823324,itaborai,RJ
6945,24846,-22.715386,-42.806386,itaborai,RJ
6946,24850,-22.80896,-42.885679,itaboraí,RJ
6947,24851,-22.820155,-42.892846,itaborai,RJ
6948,24855,-22.772488,-42.916767,itaborai,RJ
6949,24856,-22.758079,-42.910633,itaborai,RJ
6950,24857,-22.760535,-42.931487,itaborai,RJ
6951,24858,-22.771047,-42.91569,itaborai,RJ
6952,24859,-22.774519,-42.913573,itaborai,RJ
6953,24860,-22.7854,-42.920442,itaborai,RJ
6954,24865,-22.74276,-42.916681,itaborai,RJ
6955,24866,-22.735024,-42.933031,itaborai,RJ
6956,24867,-22.760654,-42.871309,itaborai,RJ
6957,24868,-22.727846,-42.951128,itaborai,RJ
6958,24875,-22.717145,-42.887554,itaborai,RJ
6959,24876,-22.712534,-42.895405,itaborai,RJ
6960,24877,-22.745613,-42.884479,itaborai,RJ
6961,24890,-22.735289,-42.728153,tangua,RJ
6962,24900,-22.919355,-42.840714,marica,RJ
6963,24901,-22.923726,-42.819672,marica,RJ
6964,24902,-22.925634,-42.823441,marica,RJ
6965,24903,-22.911208,-42.805774,marica,RJ
6966,24904,-22.911394,-42.814984,marica,RJ
6967,24905,-22.918564,-42.860227,marica,RJ
6968,24908,-22.89861,-42.808206,marica,RJ
6969,24909,-22.913704,-42.810046,marica,RJ
6970,24910,-22.901167,-42.85293,marica,RJ
6971,24911,-22.902639,-42.835592,marica,RJ
6972,24912,-22.913764,-42.842232,marica,RJ
6973,24913,-22.914966,-42.836714,marica,RJ
6974,24914,-22.922104,-42.860118,marica,RJ
6975,24915,-22.956279,-42.807303,marica,RJ
6976,24916,-22.947922,-42.835127,marica,RJ
6977,24917,-22.971898,-42.930604,marica,RJ
6978,24921,-22.95261,-42.808873,marica,RJ
6979,24922,-22.944919,-42.703642,marica,RJ
6980,24923,-22.95525,-42.691436,marica,RJ
6981,24924,-22.907207,-42.724042,marica,RJ
6982,24927,-22.897395,-42.784538,marica,RJ
6983,24930,-22.927122,-42.904965,marica,RJ
6984,24931,-22.934912,-42.880361,marica,RJ
6985,24932,-22.917276,-42.895005,marica,RJ
6986,24933,-22.955654,-42.879309,marica,RJ
6987,24934,-22.941976,-42.873383,marica,RJ
6988,24935,-22.948175,-42.940289,marica,RJ
6989,24936,-22.953187,-42.963206,marica,RJ
6990,24937,-22.953986,-42.996823,marica,RJ
6991,24938,-22.935546,-42.973497,marica,RJ
6992,24939,-22.917715,-42.958112,marica,RJ
6993,24940,-22.928338,-42.931122,marica,RJ
6994,24941,-22.912495,-42.812918,marica,RJ
6995,24942,-22.927837,-42.913472,marica,RJ
6996,24943,-22.909321,-42.924983,marica,RJ
6997,24944,-22.895331,-42.93224,marica,RJ
6998,25010,-22.789974,-43.314498,duque de caxias,RJ
6999,25011,-22.790234,-43.312554,duque de caxias,RJ
7000,25015,-22.779901,-43.316607,duque de caxias,RJ
7001,25020,-22.7804,-43.309698,duque de caxias,RJ
7002,25025,-22.784236,-43.323404,duque de caxias,RJ
7003,25030,-22.773757,-43.311595,duque de caxias,RJ
7004,25035,-22.756202,-43.309152,duque de caxias,RJ
7005,25036,-22.754767,-43.317494,duque de caxias,RJ
7006,25040,-22.740218,-43.313745,duque de caxias,RJ
7007,25041,-22.736053,-43.317929,duque de caxias,RJ
7008,25042,-22.73275,-43.309509,duque de caxias,RJ
7009,25044,-22.673554,-43.284826,duque de caxias,RJ
7010,25045,-22.722508,-43.312986,duque de caxias,RJ
7011,25046,-22.723499,-43.32133,duque de caxias,RJ
7012,25050,-22.75351,-43.296939,duque de caxias,RJ
7013,25051,-22.761413,-43.292808,duque de caxias,RJ
7014,25055,-22.753281,-43.279911,duque de caxias,RJ
7015,25056,-22.751246,-43.276101,duque de caxias,RJ
7016,25060,-22.7638,-43.300155,duque de caxias,RJ
7017,25065,-22.753959,-43.285879,duque de caxias,RJ
7018,25070,-22.777013,-43.302797,duque de caxias,RJ
7019,25071,-22.783183,-43.300946,duque de caxias,RJ
7020,25075,-22.776146,-43.292613,duque de caxias,RJ
7021,25080,-22.76039,-43.292435,duque de caxias,RJ
7022,25081,-22.616954,-43.306476,duque de caxias,RJ
7023,25085,-22.795214,-43.291534,duque de caxias,RJ
7024,25086,-22.751348,-43.286664,duque de caxias,RJ
7025,25211,-22.668216,-43.262948,duque de caxias,RJ
7026,25212,-22.677902,-43.255404,duque de caxias,RJ
7027,25213,-22.674895,-43.275344,duque de caxias,RJ
7028,25214,-22.691699,-43.267391,duque de caxias,RJ
7029,25215,-22.685793,-43.27344,duque de caxias,RJ
7030,25220,-22.686173,-43.246787,duque de caxias,RJ
7031,25221,-22.698004,-43.248105,duque de caxias,RJ
7032,25222,-22.674399,-43.245607,duque de caxias,RJ
7033,25223,-22.683854,-43.255041,duque de caxias,RJ
7034,25225,-22.695918,-43.269835,duque de caxias,RJ
7035,25230,-22.689913,-43.280372,duque de caxias,RJ
7036,25231,-22.68353,-43.298867,duque de caxias,RJ
7037,25233,-22.701982,-43.298461,duque de caxias,RJ
7038,25235,-22.702977,-43.315255,duque de caxias,RJ
7039,25237,-22.753575,-43.305893,duque de caxias,RJ
7040,25240,-22.647158,-43.291467,duque de caxias,RJ
7041,25241,-22.571208,-43.312684,duque de caxias,RJ
7042,25243,-22.661965,-43.294705,duque de caxias,RJ
7043,25245,-22.587879,-43.308977,duque de caxias,RJ
7044,25250,-22.610064,-43.297346,duque de caxias,RJ
7045,25251,-22.654628,-43.277695,duque de caxias,RJ
7046,25253,-22.62056,-43.283956,duque de caxias,RJ
7047,25255,-22.647448,-43.277966,duque de caxias,RJ
7048,25260,-22.652617,-43.273667,duque de caxias,RJ
7049,25261,-22.64587,-43.262203,duque de caxias,RJ
7050,25264,-22.645403,-43.238049,duque de caxias,RJ
7051,25265,-22.646222,-43.230858,duque de caxias,RJ
7052,25266,-22.639201,-43.22199,duque de caxias,RJ
7053,25267,-22.635786,-43.24716,duque de caxias,RJ
7054,25268,-22.651252,-43.258558,duque de caxias,RJ
7055,25270,-22.628285,-43.238942,duque de caxias,RJ
7056,25271,-22.641292,-43.231587,duque de caxias,RJ
7057,25272,-22.624026,-43.216824,duque de caxias,RJ
7058,25275,-22.639199,-43.226794,duque de caxias,RJ
7059,25510,-22.790672,-43.375585,sao joao de meriti,RJ
7060,25515,-22.79871,-43.364566,sao joao de meriti,RJ
7061,25520,-22.803534,-43.375742,sao joao de meriti,RJ
7062,25525,-22.796064,-43.382872,sao joao de meriti,RJ
7063,25530,-22.805836,-43.390495,sao joao de meriti,RJ
7064,25535,-22.791537,-43.402861,sao joao de meriti,RJ
7065,25540,-22.784099,-43.397245,sao joao de meriti,RJ
7066,25545,-22.789693,-43.345254,sao joao de meriti,RJ
7067,25550,-22.775659,-43.382819,sao joao de meriti,RJ
7068,25555,-22.781301,-43.370391,sao joao de meriti,RJ
7069,25560,-22.770013,-43.36966,sao joao de meriti,RJ
7070,25561,-22.76761,-43.379332,sao joao de meriti,RJ
7071,25565,-22.782909,-43.35974,sao joao de meriti,RJ
7072,25570,-22.767684,-43.351834,sao joao de meriti,RJ
7073,25571,-22.764477,-43.345763,sao joao de meriti,RJ
7074,25575,-22.769804,-43.339439,sao joao de meriti,RJ
7075,25576,-22.778782,-43.352747,sao joao de meriti,RJ
7076,25580,-22.783543,-43.340112,sao joao de meriti,RJ
7077,25581,-22.78812,-43.347133,sao joao de meriti,RJ
7078,25585,-22.793682,-43.338207,sao joao de meriti,RJ
7079,25586,-22.79847,-43.337159,sao joao de meriti,RJ
7080,25610,-22.50191,-43.168197,petropolis,RJ
7081,25615,-22.495564,-43.15737,petropolis,RJ
7082,25620,-22.510263,-43.175411,petropolis,RJ
7083,25625,-22.515758,-43.171065,petropolis,RJ
7084,25630,-22.524212,-43.16161,petropolis,RJ
7085,25635,-22.528926,-43.176136,petropolis,RJ
7086,25638,-22.527613,-43.172201,petropolis,RJ
7087,25640,-22.522805,-43.183425,petropolis,RJ
7088,25645,-22.541292,-43.202513,petropolis,RJ
7089,25650,-22.531059,-43.212454,petropolis,RJ
7090,25651,-22.523761,-43.210644,petropolis,RJ
7091,25655,-22.520692,-43.19123,petropolis,RJ
7092,25660,-22.511866,-43.204133,petropolis,RJ
7093,25665,-22.508328,-43.219209,petropolis,RJ
7094,25670,-22.489463,-43.210277,petropolis,RJ
7095,25675,-22.497271,-43.200648,petropolis,RJ
7096,25680,-22.491126,-43.183261,petropolis,RJ
7097,25684,-22.50733,-43.192546,petropolis,RJ
7098,25685,-22.508321,-43.1818,petropolis,RJ
7099,25689,-22.509109,-43.187467,petropolis,RJ
7100,25710,-22.476082,-43.148963,petropolis,RJ
7101,25715,-22.471361,-43.162247,petropolis,RJ
7102,25716,-22.480264,-43.155229,petropolis,RJ
7103,25720,-22.433266,-43.142216,petropolis,RJ
7104,25725,-22.429487,-43.203152,petropolis,RJ
7105,25730,-22.417515,-43.130368,petropolis,RJ
7106,25740,-22.379622,-43.130906,petropolis,RJ
7107,25745,-22.390468,-43.111012,petropolis,RJ
7108,25750,-22.340924,-43.128672,petropolis,RJ
7109,25755,-22.338448,-43.163596,petropolis,RJ
7110,25770,-22.26646,-43.072048,petropolis,RJ
7111,25780,-22.182793,-42.938523,sao jose do vale do rio preto,RJ
7112,25802,-22.117227,-43.205704,tres rios,RJ
7113,25803,-22.117565,-43.213053,tres rios,RJ
7114,25804,-22.117608,-43.211547,tres rios,RJ
7115,25805,-22.113822,-43.21366,tres rios,RJ
7116,25806,-22.116012,-43.222407,tres rios,RJ
7117,25807,-22.108121,-43.208359,tres rios,RJ
7118,25808,-22.104051,-43.208794,tres rios,RJ
7119,25809,-22.101008,-43.215854,tres rios,RJ
7120,25810,-22.090302,-43.217661,tres rios,RJ
7121,25811,-22.106123,-43.186779,tres rios,RJ
7122,25812,-22.106252,-43.191834,tres rios,RJ
7123,25815,-22.110668,-43.197143,tres rios,RJ
7124,25820,-22.116065,-43.188635,tres rios,RJ
7125,25821,-22.122441,-43.172031,tres rios,RJ
7126,25845,-22.239326,-43.101162,areal,RJ
7127,25850,-22.165064,-43.292567,paraiba do sul,RJ
7128,25860,-22.217048,-43.315218,werneck,RJ
7129,25870,-22.034618,-43.216212,comendador levy gasparian,RJ
7130,25875,-22.012224,-43.337123,afonso arinos,RJ
7131,25880,-21.992644,-42.910073,sapucaia,RJ
7132,25882,-22.222925,-43.035145,anta,RJ
7133,25884,-22.402149,-43.191834,piao,RJ
7134,25886,-21.541963,-43.893588,nossa senhora da aparecida,RJ
7135,25887,-22.208041,-42.847117,jamapara,RJ
7136,25900,-22.651862,-43.065516,mage,RJ
7137,25901,-22.649218,-43.060179,mage,RJ
7138,25902,-22.659546,-43.116827,mage,RJ
7139,25903,-22.640519,-43.077865,mage,RJ
7140,25904,-22.651815,-43.053613,mage,RJ
7141,25905,-22.661391,-43.035251,mage,RJ
7142,25907,-22.638554,-43.160002,mage,RJ
7143,25908,-22.658156,-43.119027,mage,RJ
7144,25911,-22.560785,-43.045124,mage,RJ
7145,25912,-22.572116,-43.059937,mage,RJ
7146,25914,-22.595502,-43.070085,mage,RJ
7147,25915,-22.68974,-43.346395,piabeta,RJ
7148,25916,-22.615115,-43.124841,mage,RJ
7149,25917,-22.854042,-43.387822,mage,RJ
7150,25920,-22.715009,-43.118404,mage,RJ
7151,25921,-22.65483,-43.134393,mage,RJ
7152,25922,-22.659627,-43.134946,mage,RJ
7153,25924,-22.68103,-43.167994,mage,RJ
7154,25925,-22.697659,-43.117698,mage,RJ
7155,25926,-22.701194,-43.159584,mage,RJ
7156,25927,-22.580859,-43.024005,mage,RJ
7157,25928,-22.636017,-43.025343,mage,RJ
7158,25930,-22.683585,-43.160535,mage,RJ
7159,25931,-22.61484,-43.170743,mage,RJ
7160,25932,-22.607457,-43.163463,mage,RJ
7161,25933,-22.591203,-43.183272,mage,RJ
7162,25935,-22.618317,-43.178849,mage,RJ
7163,25936,-22.613276,-43.19378,mage,RJ
7164,25937,-22.646324,-43.183507,mage,RJ
7165,25938,-22.65578,-43.203412,mage,RJ
7166,25940,-22.617932,-43.004129,guapimirim,RJ
7167,25941,-22.625867,-43.010678,guapimirim,RJ
7168,25942,-22.588148,-43.008062,guapimirim,RJ
7169,25943,-22.551218,-42.984759,guapimirim,RJ
7170,25945,-22.528742,-42.985398,guapimirim,RJ
7171,25946,-22.527747,-42.978319,guapimirim,RJ
7172,25947,-22.521605,-42.967064,guapimirim,RJ
7173,25948,-22.51865,-42.977773,guapimirim,RJ
7174,25949,-22.514745,-42.969077,guapimirim,RJ
7175,25953,-22.412008,-42.966403,teresopolis,RJ
7176,25954,-22.433465,-42.947083,teresopolis,RJ
7177,25955,-22.42181,-42.967032,teresopolis,RJ
7178,25956,-22.428985,-42.965503,teresopolis,RJ
7179,25957,-22.430875,-42.970186,teresopolis,RJ
7180,25958,-22.447311,-42.970962,teresopolis,RJ
7181,25959,-22.451297,-42.98037,teresopolis,RJ
7182,25960,-22.444385,-42.982481,teresopolis,RJ
7183,25961,-22.436509,-42.98079,teresopolis,RJ
7184,25963,-22.41767,-42.976788,teresopolis,RJ
7185,25964,-22.427867,-42.981345,teresopolis,RJ
7186,25965,-22.401755,-42.975518,teresopolis,RJ
7187,25966,-22.401531,-42.989311,teresopolis,RJ
7188,25970,-22.391282,-42.995754,teresopolis,RJ
7189,25973,-22.377228,-42.983644,teresopolis,RJ
7190,25974,-22.381443,-42.980679,teresopolis,RJ
7191,25975,-22.415842,-42.951622,teresopolis,RJ
7192,25976,-22.39341,-42.950595,teresopolis,RJ
7193,25977,-22.369715,-42.911607,teresopolis,RJ
7194,25980,-22.324213,-42.900408,teresopolis,RJ
7195,25985,-22.133942,-42.779748,teresopolis,RJ
7196,25990,-22.412135,-42.983124,teresopolis,RJ
7197,25995,-22.398079,-42.93478,teresopolis,RJ
7198,26010,-22.754532,-43.430059,nova iguacu,RJ
7199,26011,-22.749029,-43.431761,nova iguacu,RJ
7200,26012,-22.738795,-43.43956,nova iguacu,RJ
7201,26013,-22.745539,-43.444116,nova iguacu,RJ
7202,26014,-22.70977,-43.462398,nova iguaçu,RJ
7203,26015,-22.743617,-43.436563,nova iguacu,RJ
7204,26020,-22.732409,-43.449801,nova iguacu,RJ
7205,26021,-22.726479,-43.439432,nova iguacu,RJ
7206,26022,-22.727538,-43.453622,nova iguacu,RJ
7207,26023,-22.722553,-43.459556,nova iguacu,RJ
7208,26025,-22.730629,-43.441416,nova iguacu,RJ
7209,26030,-22.72874,-43.463588,nova iguacu,RJ
7210,26031,-22.732629,-43.475003,nova iguacu,RJ
7211,26032,-22.731543,-43.480202,nova iguacu,RJ
7212,26033,-22.722449,-43.463077,nova iguacu,RJ
7213,26035,-22.72278,-43.466455,nova iguacu,RJ
7214,26040,-22.716555,-43.455822,nova iguacu,RJ
7215,26041,-22.70968,-43.466208,nova iguacu,RJ
7216,26042,-22.708603,-43.479089,nova iguacu,RJ
7217,26043,-22.70192,-43.477467,nova iguacu,RJ
7218,26050,-22.693465,-43.468033,nova iguacu,RJ
7219,26051,-22.693729,-43.454672,nova iguacu,RJ
7220,26052,-22.682919,-43.44804,nova iguacu,RJ
7221,26053,-22.678521,-43.464311,nova iguacu,RJ
7222,26055,-22.670887,-43.446821,nova iguacu,RJ
7223,26060,-22.70596,-43.444261,nova iguacu,RJ
7224,26061,-22.696051,-43.433733,nova iguacu,RJ
7225,26062,-22.668272,-43.424169,nova iguacu,RJ
7226,26063,-22.728556,-43.490236,nova iguacu,RJ
7227,26064,-22.700178,-43.439119,nova iguacu,RJ
7228,26065,-22.703657,-43.442162,nova iguaçu,RJ
7229,26070,-22.712391,-43.434128,nova iguacu,RJ
7230,26080,-22.725707,-43.51108,nova iguacu,RJ
7231,26082,-22.730816,-43.501626,nova iguacu,RJ
7232,26083,-22.739859,-43.511578,nova iguacu,RJ
7233,26084,-22.728615,-43.516326,nova iguacu,RJ
7234,26085,-22.741774,-43.54282,nova iguacu,RJ
7235,26086,-22.727809,-43.523286,nova iguacu,RJ
7236,26087,-22.716451,-43.515281,nova iguacu,RJ
7237,26088,-22.709242,-43.52298,nova iguacu,RJ
7238,26089,-22.717773,-43.511199,nova iguacu,RJ
7239,26092,-22.656661,-43.529929,nova iguacu,RJ
7240,26099,-22.690572,-43.439517,nova iguacu,RJ
7241,26110,-22.755265,-43.368897,belford roxo,RJ
7242,26112,-22.74924,-43.402417,belford roxo,RJ
7243,26113,-22.754654,-43.39364,belford roxo,RJ
7244,26115,-22.740494,-43.389876,belford roxo,RJ
7245,26116,-22.743089,-43.386003,belford roxo,RJ
7246,26120,-22.741041,-43.407302,belford roxo,RJ
7247,26123,-22.737614,-43.406292,belford roxo,RJ
7248,26125,-22.732972,-43.400689,belford roxo,RJ
7249,26127,-22.724096,-43.414435,belford roxo,RJ
7250,26130,-22.763676,-43.402636,belford roxo,RJ
7251,26131,-22.768566,-43.398869,belford roxo,RJ
7252,26135,-22.748243,-43.41098,belford roxo,RJ
7253,26140,-22.737806,-43.417965,belford roxo,RJ
7254,26143,-22.727836,-43.418746,belford roxo,RJ
7255,26145,-22.701295,-43.394209,belford roxo,RJ
7256,26150,-22.716917,-43.410165,belford roxo,RJ
7257,26153,-22.712387,-43.424394,belford roxo,RJ
7258,26155,-22.721496,-43.402367,belford roxo,RJ
7259,26157,-22.71399,-43.404588,belford roxo,RJ
7260,26160,-22.730245,-43.391546,belford roxo,RJ
7261,26163,-22.717979,-43.388256,belford roxo,RJ
7262,26165,-22.730292,-43.384136,belford roxo,RJ
7263,26167,-22.733323,-43.376982,belford roxo,RJ
7264,26170,-22.735667,-43.368906,belford roxo,RJ
7265,26171,-22.732009,-43.363597,belford roxo,RJ
7266,26172,-22.727608,-43.37048,belford roxo,RJ
7267,26173,-22.729724,-43.356969,belford roxo,RJ
7268,26175,-22.724114,-43.343722,belford roxo,RJ
7269,26176,-22.727164,-43.366592,belford roxo,RJ
7270,26177,-22.716955,-43.359421,belford roxo,RJ
7271,26178,-22.717403,-43.375732,belford roxo,RJ
7272,26180,-22.709425,-43.340255,belford roxo,RJ
7273,26182,-22.708297,-43.338824,belford roxo,RJ
7274,26183,-22.719071,-43.336604,belford roxo,RJ
7275,26185,-22.712148,-43.333961,belford roxo,RJ
7276,26187,-22.731924,-43.346575,belford roxo,RJ
7277,26190,-22.738003,-43.337772,belford roxo,RJ
7278,26193,-22.743823,-43.342447,belford roxo,RJ
7279,26195,-22.755887,-43.356573,belford roxo,RJ
7280,26196,-22.74789,-43.365239,belford roxo,RJ
7281,26210,-22.754966,-43.449917,nova iguacu,RJ
7282,26215,-22.748704,-43.443552,nova iguacu,RJ
7283,26216,-22.752072,-43.456093,nova iguacu,RJ
7284,26220,-22.757978,-43.441367,nova iguacu,RJ
7285,26221,-22.76184,-43.441352,nova iguacu,RJ
7286,26225,-22.764879,-43.435605,nova iguacu,RJ
7287,26230,-22.754899,-43.427569,nova iguacu,RJ
7288,26250,-22.766046,-43.443821,nova iguacu,RJ
7289,26255,-22.760521,-43.458207,nova iguacu,RJ
7290,26256,-22.755834,-43.467785,nova iguacu,RJ
7291,26260,-22.757132,-43.473486,nova iguacu,RJ
7292,26261,-22.759774,-43.482837,nova iguacu,RJ
7293,26262,-22.754662,-43.482039,nova iguacu,RJ
7294,26263,-22.750246,-43.48196,nova iguacu,RJ
7295,26265,-22.762493,-43.493273,nova iguacu,RJ
7296,26266,-22.761491,-43.499837,nova iguacu,RJ
7297,26270,-22.771746,-43.512498,nova iguacu,RJ
7298,26271,-22.764233,-43.511673,nova iguacu,RJ
7299,26272,-22.761268,-43.504602,nova iguacu,RJ
7300,26275,-22.756311,-43.505613,nova iguacu,RJ
7301,26276,-22.747072,-43.498696,nova iguacu,RJ
7302,26277,-22.754561,-43.506674,nova iguacu,RJ
7303,26278,-22.751253,-43.509894,nova iguacu,RJ
7304,26279,-22.746254,-43.516113,nova iguacu,RJ
7305,26280,-22.743551,-43.481863,nova iguacu,RJ
7306,26281,-22.740407,-43.474513,nova iguacu,RJ
7307,26282,-22.743347,-43.471271,nova iguacu,RJ
7308,26285,-22.749014,-43.457323,nova iguacu,RJ
7309,26286,-22.7493,-43.469482,nova iguacu,RJ
7310,26290,-22.769125,-43.525356,nova iguacu,RJ
7311,26291,-22.775968,-43.535323,nova iguacu,RJ
7312,26292,-22.764452,-43.559429,nova iguacu,RJ
7313,26293,-22.792491,-43.575247,nova iguacu,RJ
7314,26294,-22.789801,-43.541736,nova iguacu,RJ
7315,26295,-22.789726,-43.572828,nova iguacu,RJ
7316,26296,-22.798198,-43.591356,nova iguacu,RJ
7317,26297,-22.812923,-43.588679,nova iguacu,RJ
7318,26298,-22.826097,-43.590217,nova iguacu,RJ
7319,26299,-22.840681,-43.614868,nova iguacu,RJ
7320,26310,-22.717793,-43.563609,queimados,RJ
7321,26311,-22.719989,-43.576395,queimados,RJ
7322,26313,-22.723685,-43.568941,queimados,RJ
7323,26315,-22.726649,-43.5884,queimados,RJ
7324,26316,-22.691703,-43.594666,queimados,RJ
7325,26317,-22.715261,-43.585358,queimados,RJ
7326,26320,-22.709965,-43.576408,queimados,RJ
7327,26321,-22.707973,-43.573836,queimados,RJ
7328,26323,-22.722241,-43.561646,queimados,RJ
7329,26325,-22.720664,-43.556941,queimados,RJ
7330,26327,-22.719461,-43.549148,queimados,RJ
7331,26330,-22.735694,-43.542197,queimados,RJ
7332,26343,-22.744183,-43.536273,queimados,RJ
7333,26357,-22.720923,-43.55006,queimados,RJ
7334,26373,-22.74654,-43.620766,queimados,RJ
7335,26375,-22.739315,-43.580682,queimados,RJ
7336,26376,-22.737764,-43.572112,queimados,RJ
7337,26377,-22.732079,-43.559156,queimados,RJ
7338,26379,-22.737889,-43.563881,queimados,RJ
7339,26380,-22.707961,-43.550978,queimados,RJ
7340,26381,-22.696991,-43.557856,queimados,RJ
7341,26382,-22.693517,-43.530601,queimados,RJ
7342,26383,-22.707858,-43.561493,queimados,RJ
7343,26385,-22.705444,-43.556374,queimados,RJ
7344,26387,-22.705396,-43.537369,queimados,RJ
7345,26393,-22.711649,-43.55825,queimados,RJ
7346,26410,-22.70322,-43.630617,japeri,RJ
7347,26413,-22.696333,-43.626641,japeri,RJ
7348,26415,-22.684386,-43.621857,japeri,RJ
7349,26420,-22.684395,-43.613407,japeri,RJ
7350,26423,-22.681356,-43.611815,japeri,RJ
7351,26425,-22.683383,-43.614934,japeri,RJ
7352,26430,-22.688003,-43.607186,japeri,RJ
7353,26433,-22.650551,-43.653752,japeri,RJ
7354,26435,-22.649267,-43.658299,japeri,RJ
7355,26440,-22.643802,-43.642851,japeri,RJ
7356,26443,-22.645516,-43.656556,japeri,RJ
7357,26445,-22.674933,-43.608217,japeri,RJ
7358,26450,-22.663208,-43.610776,japeri,RJ
7359,26453,-22.669511,-43.614525,japeri,RJ
7360,26455,-22.673632,-43.598009,japeri,RJ
7361,26460,-22.671259,-43.593306,japeri,RJ
7362,26463,-22.680726,-43.596704,japeri,RJ
7363,26465,-22.671966,-43.590472,japeri,RJ
7364,26470,-22.679545,-43.593041,japeri,RJ
7365,26473,-22.657532,-43.536846,japeri,RJ
7366,26475,-22.677779,-43.60222,japeri,RJ
7367,26480,-22.667917,-43.585773,japeri,RJ
7368,26510,-22.816956,-43.416646,nilopolis,RJ
7369,26511,-22.816705,-43.417173,nilopolis,RJ
7370,26515,-22.82029,-43.422532,nilopolis,RJ
7371,26520,-22.812506,-43.429339,nilopolis,RJ
7372,26521,-22.809721,-43.432776,nilopolis,RJ
7373,26525,-22.805674,-43.423059,nilopolis,RJ
7374,26526,-22.804211,-43.421189,nilopolis,RJ
7375,26530,-22.801586,-43.416062,nilopolis,RJ
7376,26535,-22.799702,-43.410573,nilopolis,RJ
7377,26540,-22.807639,-43.407412,nilopolis,RJ
7378,26545,-22.813857,-43.402867,nilopolis,RJ
7379,26550,-22.770488,-43.43126,mesquita,RJ
7380,26551,-22.781352,-43.425514,mesquita,RJ
7381,26553,-22.786361,-43.431367,mesquita,RJ
7382,26554,-22.790715,-43.43695,mesquita,RJ
7383,26556,-22.777932,-43.436639,mesquita,RJ
7384,26557,-22.770945,-43.436451,mesquita,RJ
7385,26560,-22.772889,-43.424933,mesquita,RJ
7386,26562,-22.770335,-43.422361,mesquita,RJ
7387,26564,-22.772457,-43.417807,mesquita,RJ
7388,26570,-22.778225,-43.417111,mesquita,RJ
7389,26572,-22.784135,-43.410698,mesquita,RJ
7390,26574,-22.777731,-43.404001,mesquita,RJ
7391,26580,-22.787391,-43.42116,mesquita,RJ
7392,26582,-22.791801,-43.416226,mesquita,RJ
7393,26584,-22.79689,-43.426614,mesquita,RJ
7394,26585,-22.798411,-43.434602,mesquita,RJ
7395,26587,-22.804595,-43.435718,mesquita,RJ
7396,26600,-22.616674,-43.706674,paracambi,RJ
7397,26650,-22.537602,-43.664522,engenheiro paulo de frontin,RJ
7398,26660,-22.483337,-43.601631,sacra familia do tingua,RJ
7399,26700,-22.526874,-43.733795,mendes,RJ
7400,26900,-22.455368,-43.470059,miguel pereira,RJ
7401,26910,-22.479372,-43.499315,governador portela,RJ
7402,26920,-22.55031,-43.582316,conrado,RJ
7403,26950,-22.42007,-43.420169,paty do alferes,RJ
7404,26980,-22.328132,-43.412619,avelar,RJ
7405,27110,-22.474025,-43.835481,barra do pirai,RJ
7406,27113,-22.466114,-43.833812,barra do pirai,RJ
7407,27115,-22.457594,-43.819441,barra do pirai,RJ
7408,27120,-22.462595,-43.814841,barra do pirai,RJ
7409,27123,-22.474277,-43.830802,barra do pirai,RJ
7410,27130,-22.46413,-43.813755,barra do pirai,RJ
7411,27135,-22.471528,-43.821642,barra do pirai,RJ
7412,27140,-22.481688,-43.815438,barra do pirai,RJ
7413,27143,-22.508971,-43.80852,barra do pirai,RJ
7414,27145,-22.480239,-43.821133,barra do pirai,RJ
7415,27150,-22.489733,-43.83097,barra do pirai,RJ
7416,27155,-22.50111,-43.929059,vargem alegre,RJ
7417,27160,-22.58785,-43.750175,dorandia,RJ
7418,27163,-21.517655,-43.852463,california da barra,RJ
7419,27165,-20.635989,-45.42653,sao jose do turvo,RJ
7420,27170,-22.377026,-43.868292,ipiabas,RJ
7421,27175,-22.626006,-43.894813,pirai,RJ
7422,27185,-22.592655,-44.028393,arrozal,RJ
7423,27195,-22.525616,-43.815591,santanesia,RJ
7424,27197,-22.511935,-44.006818,pinheiral,RJ
7425,27210,-22.488483,-44.072401,volta redonda,RJ
7426,27211,-22.486808,-44.079433,volta redonda,RJ
7427,27212,-22.49728,-44.073918,volta redonda,RJ
7428,27213,-22.506408,-44.090218,volta redonda,RJ
7429,27214,-22.492588,-44.072279,volta redonda,RJ
7430,27215,-22.506022,-44.094799,volta redonda,RJ
7431,27220,-22.486779,-44.061111,volta redonda,RJ
7432,27230,-22.487442,-44.0572,volta redonda,RJ
7433,27240,-22.499972,-44.05466,volta redonda,RJ
7434,27250,-22.50796,-44.071818,volta redonda,RJ
7435,27251,-22.513164,-44.084205,volta redonda,RJ
7436,27253,-22.516252,-44.0895,volta redonda,RJ
7437,27255,-22.517775,-44.098116,volta redonda,RJ
7438,27256,-22.526468,-44.093504,volta redonda,RJ
7439,27257,-22.563839,-44.081697,volta redonda,RJ
7440,27258,-22.537568,-44.075605,volta redonda,RJ
7441,27259,-22.533954,-44.076326,volta redonda,RJ
7442,27260,-22.521601,-44.099866,volta redonda,RJ
7443,27261,-22.523608,-44.10228,volta redonda,RJ
7444,27262,-22.521682,-44.112663,volta redonda,RJ
7445,27263,-22.524734,-44.118652,volta redonda,RJ
7446,27264,-22.530243,-44.120308,volta redonda,RJ
7447,27265,-22.527014,-44.127421,volta redonda,RJ
7448,27267,-22.524779,-44.117535,volta redonda,RJ
7449,27273,-22.5193,-44.136171,volta redonda,RJ
7450,27274,-22.508002,-44.129818,volta redonda,RJ
7451,27275,-22.503956,-44.114662,volta redonda,RJ
7452,27276,-22.495107,-44.135233,volta redonda,RJ
7453,27277,-22.497188,-44.127324,volta redonda,RJ
7454,27278,-22.490182,-44.11689,volta redonda,RJ
7455,27279,-22.489621,-44.113702,volta redonda,RJ
7456,27280,-22.489726,-44.108998,volta redonda,RJ
7457,27281,-22.498463,-44.104989,volta redonda,RJ
7458,27283,-22.500796,-44.092838,volta redonda,RJ
7459,27285,-22.495555,-44.087547,volta redonda,RJ
7460,27286,-22.476916,-44.068631,volta redonda,RJ
7461,27288,-22.466228,-44.098407,volta redonda,RJ
7462,27310,-22.542573,-44.172189,barra mansa,RJ
7463,27313,-22.521669,-44.191753,barra mansa,RJ
7464,27320,-22.516502,-44.192325,barra mansa,RJ
7465,27321,-22.524488,-44.183962,barra mansa,RJ
7466,27322,-22.45472,-44.135916,barra mansa,RJ
7467,27323,-22.537432,-44.168171,barra mansa,RJ
7468,27325,-22.534129,-44.152271,barra mansa,RJ
7469,27330,-22.548597,-44.16698,barra mansa,RJ
7470,27331,-22.553218,-44.153392,barra mansa,RJ
7471,27332,-22.546534,-44.13187,barra mansa,RJ
7472,27333,-22.543534,-44.126096,barra mansa,RJ
7473,27335,-22.542477,-44.115437,barra mansa,RJ
7474,27336,-22.552327,-44.122182,barra mansa,RJ
7475,27337,-22.558411,-44.170658,barra mansa,RJ
7476,27338,-22.564217,-44.161909,barra mansa,RJ
7477,27340,-22.582066,-44.175191,barra mansa,RJ
7478,27343,-22.562946,-44.171814,barra mansa,RJ
7479,27345,-22.544588,-44.176916,barra mansa,RJ
7480,27347,-22.556656,-44.180349,barra mansa,RJ
7481,27350,-22.541831,-44.192325,barra mansa,RJ
7482,27351,-22.531454,-44.203408,barra mansa,RJ
7483,27353,-22.54082,-44.225538,barra mansa,RJ
7484,27360,-22.578835,-44.233266,barra mansa,RJ
7485,27365,-22.45232,-44.303855,barra mansa,RJ
7486,27410,-22.413524,-44.261094,quatis,RJ
7487,27420,-22.412441,-44.266152,quatis,RJ
7488,27430,-22.405379,-44.255916,quatis,RJ
7489,27460,-22.732057,-44.128998,rio claro,RJ
7490,27465,-22.661277,-44.102483,getulândia,RJ
7491,27470,-22.695795,-44.002884,passa tres,RJ
7492,27475,-22.829787,-44.196809,lidice,RJ
7493,27510,-22.464745,-44.459748,resende,RJ
7494,27511,-22.469488,-44.449873,resende,RJ
7495,27512,-22.472507,-44.434719,resende,RJ
7496,27513,-22.478905,-44.44813,resende,RJ
7497,27514,-22.474308,-44.451335,resende,RJ
7498,27515,-22.475126,-44.455986,resende,RJ
7499,27516,-22.478625,-44.455001,resende,RJ
7500,27520,-22.471584,-44.460631,resende,RJ
7501,27521,-22.475025,-44.475506,resende,RJ
7502,27522,-22.474794,-44.472301,resende,RJ
7503,27523,-22.490742,-44.484296,resende,RJ
7504,27524,-22.479145,-44.485645,resende,RJ
7505,27525,-22.479004,-44.497451,resende,RJ
7506,27532,-22.460849,-44.480631,resende,RJ
7507,27533,-22.456214,-44.455769,resende,RJ
7508,27534,-22.455852,-44.44679,resende,RJ
7509,27535,-22.455895,-44.438986,resende,RJ
7510,27536,-22.456167,-44.431893,resende,RJ
7511,27537,-22.451315,-44.397233,resende,RJ
7512,27540,-22.458848,-44.405369,resende,RJ
7513,27541,-22.464652,-44.43868,resende,RJ
7514,27542,-22.464199,-44.448382,resende,RJ
7515,27553,-22.329243,-44.528515,visconde de maua,RJ
7516,27555,-22.056619,-44.99225,engenheiro passos,RJ
7517,27570,-22.428404,-44.306381,porto real,RJ
7518,27580,-22.481023,-44.558064,itatiaia,RJ
7519,27598,-22.432258,-44.532843,penedo,RJ
7520,27600,-22.24554,-43.706768,valenca,RJ
7521,27640,-22.344733,-43.681703,barao de juparana,RJ
7522,27650,-22.16358,-43.767143,parapeuna,RJ
7523,27655,-22.286341,-43.920666,conservatoria,RJ
7524,27657,-22.229096,-44.067012,santa isabel do rio preto,RJ
7525,27660,-22.168053,-43.583563,rio das flores,RJ
7526,27665,-22.209786,-43.622619,taboas,RJ
7527,27690,-22.086339,-43.559183,manuel duarte,RJ
7528,27700,-22.407485,-43.667738,vassouras,RJ
7529,27770,-22.239139,-43.423531,andrade pinto,RJ
7530,27900,-22.383132,-41.778408,macae,RJ
7531,27910,-22.373816,-41.781097,macae,RJ
7532,27913,-22.380716,-41.774488,macae,RJ
7533,27915,-22.385854,-41.775848,macae,RJ
7534,27916,-22.381865,-41.778259,macae,RJ
7535,27920,-22.394207,-41.791076,macae,RJ
7536,27923,-22.39118,-41.781634,macae,RJ
7537,27925,-22.407387,-41.839845,macae,RJ
7538,27930,-22.400733,-41.815324,macae,RJ
7539,27933,-22.398825,-41.8032,macae,RJ
7540,27935,-22.389964,-41.791313,macae,RJ
7541,27936,-22.384657,-41.788543,macae,RJ
7542,27937,-22.394984,-41.794161,macae,RJ
7543,27940,-22.38662,-41.784469,macae,RJ
7544,27943,-22.377993,-41.785084,macae,RJ
7545,27944,-22.347896,-41.759338,macae,RJ
7546,27945,-22.372588,-41.794259,macae,RJ
7547,27946,-22.366723,-41.793483,macae,RJ
7548,27947,-22.363455,-41.796148,macae,RJ
7549,27948,-22.337193,-41.816318,macae,RJ
7550,27950,-22.342373,-41.759782,macae,RJ
7551,27953,-22.33847,-41.755436,macae,RJ
7552,27955,-22.33461,-41.752711,macae,RJ
7553,27960,-22.350593,-41.770136,macae,RJ
7554,27961,-22.358826,-41.771769,macae,RJ
7555,27963,-22.338795,-41.755395,macae,RJ
7556,27964,-22.328859,-41.747519,macae,RJ
7557,27965,-22.327445,-41.733137,macae,RJ
7558,27966,-22.318239,-41.726618,macae,RJ
7559,27970,-22.310072,-41.723961,macae,RJ
7560,27971,-22.327941,-41.74301,macae,RJ
7561,27972,-22.328102,-41.764394,macae,RJ
7562,27973,-22.360722,-41.772201,macae,RJ
7563,27975,-22.352765,-41.769816,macae,RJ
7564,27979,-22.254723,-41.792672,macae,RJ
7565,27985,-22.2388,-42.07117,glicerio,RJ
7566,27987,-22.561037,-43.564825,frade,RJ
7567,27995,-22.289696,-42.16732,sana,RJ
7568,27998,-22.191634,-41.659366,carapebus,RJ
7569,28010,-21.761468,-41.322495,campos dos goytacazes,RJ
7570,28013,-21.763186,-41.310265,campos dos goytacazes,RJ
7571,28015,-21.771597,-41.304114,campos dos goytacazes,RJ
7572,28016,-21.765567,-41.288038,campos dos goytacazes,RJ
7573,28020,-21.77814,-41.298633,campos dos goytacazes,RJ
7574,28021,-21.794861,-41.288631,campos dos goytacazes,RJ
7575,28022,-21.803775,-41.302231,campos dos goytacazes,RJ
7576,28024,-21.776793,-41.312971,campos dos goytacazes,RJ
7577,28025,-21.785132,-41.32414,campos dos goytacazes,RJ
7578,28026,-21.780383,-41.327416,campos dos goytacazes,RJ
7579,28027,-21.774696,-41.323077,campos dos goytacazes,RJ
7580,28030,-21.761887,-41.338542,campos dos goytacazes,RJ
7581,28035,-21.757261,-41.331659,campos dos goytacazes,RJ
7582,28040,-21.774727,-41.337124,campos dos goytacazes,RJ
7583,28050,-21.712594,-41.278944,campos dos goytacazes,RJ
7584,28051,-21.74864,-41.339575,campos dos goytacazes,RJ
7585,28053,-21.748302,-41.345985,campos dos goytacazes,RJ
7586,28055,-21.743759,-41.356637,campos dos goytacazes,RJ
7587,28057,-21.744076,-41.349582,campos dos goytacazes,RJ
7588,28060,-21.72865,-41.32999,campos dos goytacazes,RJ
7589,28070,-21.72138,-41.321822,campos dos goytacazes,RJ
7590,28073,-21.721545,-41.315787,campos dos goytacazes,RJ
7591,28080,-21.742199,-41.312644,campos dos goytacazes,RJ
7592,28083,-21.733873,-41.31573,campos dos goytacazes,RJ
7593,28085,-21.726882,-41.305531,campos dos goytacazes,RJ
7594,28090,-21.715565,-41.305406,campos dos goytacazes,RJ
7595,28093,-21.705498,-41.305542,campos dos goytacazes,RJ
7596,28095,-21.741072,-41.355445,campos dos goytacazes,RJ
7597,28110,-21.962973,-41.538842,goitacazes,RJ
7598,28140,-17.73168,-42.722944,santo amaro de campos,RJ
7599,28143,-21.842513,-41.253416,campos dos goytacazes,RJ
7600,28145,-20.757345,-49.881846,sao sebastiao de campos,RJ
7601,28148,-22.90346,-43.787664,tocos,RJ
7602,28155,-21.475451,-42.904588,santa maria,RJ
7603,28165,-25.999398,-50.766707,vila nova de campos,RJ
7604,28175,-22.147109,-42.08525,campos dos goytacazes,RJ
7605,28178,-21.37528,-41.34667,morro do coco,RJ
7606,28180,-21.492959,-41.616773,cardoso moreira,RJ
7607,28200,-21.668131,-41.057344,sao joao da barra,RJ
7608,28220,-21.721196,-41.161705,barcelos,RJ
7609,28230,-21.537553,-41.175932,sao francisco de itabapoana,RJ
7610,28250,-21.423871,-41.692304,italva,RJ
7611,28300,-21.203295,-41.893865,itaperuna,RJ
7612,28330,-21.442549,-42.423503,retiro do muriae,RJ
7613,28333,-21.098957,-42.112393,raposo,RJ
7614,28340,-21.207949,-41.889774,boa ventura,RJ
7615,28348,-21.180438,-42.104771,comendador venancio,RJ
7616,28350,-21.210893,-42.118541,laje do muriae,RJ
7617,28360,-21.133823,-41.676731,bom jesus do itabapoana,RJ
7618,28368,-21.016087,-41.716914,calheiros,RJ
7619,28372,-21.216201,-41.591651,carabucu,RJ
7620,28375,-20.92797,-41.868063,varre-sai,RJ
7621,28380,-21.043983,-41.975262,natividade,RJ
7622,28390,-20.966533,-42.041477,porciuncula,RJ
7623,28396,-20.930347,-41.955732,purilandia,RJ
7624,28398,-20.821558,-41.907946,santa clara,RJ
7625,28400,-21.645904,-41.75191,sao fidelis,RJ
7626,28405,-21.641614,-41.737971,ipuca,RJ
7627,28415,-21.589666,-41.841311,pureza,RJ
7628,28420,-21.676272,-41.877663,colônia,RJ
7629,28425,-21.71472,-41.925,cambiasca,RJ
7630,28430,-21.574346,-41.911526,cambuci,RJ
7631,28435,-21.625645,-41.985196,tres irmaos,RJ
7632,28450,-22.281556,-45.103493,sao joao do paraiso,RJ
7633,28455,-21.359611,-41.93997,sao jose de uba,RJ
7634,28460,-21.411289,-42.196217,miracema,RJ
7635,28463,-21.429918,-42.101091,paraiso do tobias,RJ
7636,28470,-21.550228,-42.193044,santo antonio de padua,RJ
7637,28490,-16.335376,-39.802025,monte alegre,RJ
7638,28495,-21.625944,-42.105324,aperibe,RJ
7639,28500,-21.975629,-42.355432,cantagalo,RJ
7640,28510,-12.509711,-43.380759,santa rita da floresta,RJ
7641,28525,-21.846855,-42.268627,boa sorte,RJ
7642,28540,-22.026527,-42.367047,cordeiro,RJ
7643,28545,-21.984767,-42.252448,macuco,RJ
7644,28550,-21.950913,-42.131235,sao sebastiao do alto,RJ
7645,28555,-22.345767,-41.757679,valao do barro,RJ
7646,28557,-20.143301,-41.811194,ipituna,RJ
7647,28570,-21.678294,-42.085109,itaocara,RJ
7648,28580,-22.684215,-43.576811,laranjais,RJ
7649,28595,-21.761968,-42.188776,portela,RJ
7650,28605,-22.269304,-42.517173,nova friburgo,RJ
7651,28610,-22.283016,-42.530641,nova friburgo,RJ
7652,28611,-22.285577,-42.523862,nova friburgo,RJ
7653,28613,-22.288853,-42.531127,nova friburgo,RJ
7654,28614,-22.291995,-42.519723,nova friburgo,RJ
7655,28615,-22.324614,-42.519672,nova friburgo,RJ
7656,28616,-22.310646,-42.448347,nova friburgo,RJ
7657,28620,-22.308379,-42.539976,nova friburgo,RJ
7658,28621,-22.323348,-42.548006,nova friburgo,RJ
7659,28623,-22.301894,-42.537725,nova friburgo,RJ
7660,28625,-22.282887,-42.539315,nova friburgo,RJ
7661,28630,-22.248759,-42.543138,nova friburgo,RJ
7662,28633,-22.237968,-42.5267,nova friburgo,RJ
7663,28634,-22.213771,-42.516528,nova friburgo,RJ
7664,28635,-22.238078,-42.519298,nova friburgo,RJ
7665,28637,-22.052335,-42.674377,sumidouro,RJ
7666,28640,-21.932066,-42.607053,carmo,RJ
7667,28644,-21.824896,-42.548693,porto velho do cunha,RJ
7668,28650,-22.053318,-42.518183,duas barras,RJ
7669,28660,-22.159061,-42.417779,bom jardim,RJ
7670,28662,-22.174558,-42.472577,banquete,RJ
7671,28664,-22.205,-42.39806,sao jose do ribeirao,RJ
7672,28680,-22.468421,-42.6555,cachoeiras de macacu,RJ
7673,28685,-22.563909,-42.695343,japuiba,RJ
7674,28695,-22.602769,-42.764417,papucaia,RJ
7675,28735,-22.10943,-41.470497,quissama,RJ
7676,28740,-22.087256,-41.867524,conceicao de macabu,RJ
7677,28750,-22.065585,-42.071499,trajano de moraes,RJ
7678,28755,-22.070284,-42.160019,visconde de imbe,RJ
7679,28770,-21.959273,-42.002251,santa maria madalena,RJ
7680,28779,-21.95588,-42.00791,santa maria madalena,RJ
7681,28800,-22.711972,-42.630201,rio bonito,RJ
7682,28810,-22.750948,-42.530624,boa esperanca,RJ
7683,28820,-22.642777,-42.409569,silva jardim,RJ
7684,28860,-22.486854,-42.191384,casimiro de abreu,RJ
7685,28880,-22.576073,-41.988811,barra de sao joao,RJ
7686,28890,-22.536311,-41.966276,rio das ostras,RJ
7687,28891,-22.52902,-41.983755,rio das ostras,RJ
7688,28892,-22.431128,-41.987589,rio das ostras,RJ
7689,28893,-22.523316,-41.945103,rio das ostras,RJ
7690,28894,-22.514161,-41.949498,rio das ostras,RJ
7691,28895,-22.50832,-41.924871,rio das ostras,RJ
7692,28896,-22.507376,-41.930968,rio das ostras,RJ
7693,28897,-22.492854,-41.911861,rio das ostras,RJ
7694,28898,-22.449195,-41.865884,rio das ostras,RJ
7695,28899,-22.479439,-41.910143,rio das ostras,RJ
7696,28900,-22.672249,-42.006488,cabo frio,RJ
7697,28905,-22.884148,-42.025663,cabo frio,RJ
7698,28906,-22.877125,-42.011518,cabo frio,RJ
7699,28907,-22.881525,-42.020857,cabo frio,RJ
7700,28908,-22.894015,-42.032876,cabo frio,RJ
7701,28909,-22.893388,-42.044383,cabo frio,RJ
7702,28910,-22.879657,-42.03742,cabo frio,RJ
7703,28911,-22.87857,-42.044714,cabo frio,RJ
7704,28912,-22.841052,-42.041717,cabo frio,RJ
7705,28913,-22.867561,-42.035431,cabo frio,RJ
7706,28915,-22.863764,-42.026798,cabo frio,RJ
7707,28920,-22.831416,-42.024333,cabo frio,RJ
7708,28921,-22.833412,-42.013271,cabo frio,RJ
7709,28922,-22.863587,-42.010928,cabo frio,RJ
7710,28923,-22.818365,-41.996117,cabo frio,RJ
7711,28924,-22.847692,-42.005118,cabo frio,RJ
7712,28925,-22.642489,-42.004381,cabo frio,RJ
7713,28926,-22.643607,-42.005199,cabo frio,RJ
7714,28927,-22.626446,-42.006449,cabo frio,RJ
7715,28928,-22.680742,-42.007306,cabo frio,RJ
7716,28929,-22.750238,-42.011591,cabo frio,RJ
7717,28930,-22.963251,-42.053281,arraial do cabo,RJ
7718,28940,-22.842664,-42.114038,sao pedro da aldeia,RJ
7719,28941,-22.81239,-42.168207,sao pedro da aldeia,RJ
7720,28942,-22.837935,-42.132415,sao pedro da aldeia,RJ
7721,28943,-22.853971,-42.061863,sao pedro da aldeia,RJ
7722,28944,-22.760917,-42.23257,sao pedro da aldeia,RJ
7723,28945,-19.943343,-43.935855,sao pedro da aldeia,RJ
7724,28948,-22.824579,-42.119638,sao pedro da aldeia,RJ
7725,28949,-22.837731,-42.147955,sao pedro da aldeia,RJ
7726,28950,-22.766016,-41.906263,armacao dos buzios,RJ
7727,28960,-22.838683,-42.221993,iguaba grande,RJ
7728,28970,-22.869018,-42.323247,araruama,RJ
7729,28980,-22.726903,-42.299575,sao vicente de paula,RJ
7730,28990,-22.92331,-42.503736,saquarema,RJ
7731,28991,-22.91269,-42.475254,saquarema,RJ
7732,28992,-22.905677,-42.423492,saquarema,RJ
7733,28993,-22.893946,-42.470322,bacaxa,RJ
7734,28994,-22.895649,-42.469896,saquarema,RJ
7735,28995,-22.880547,-42.474077,saquarema,RJ
7736,28997,-22.85991,-42.596001,saquarema,RJ
7737,28998,-22.882719,-42.599654,saquarema,RJ
7738,28999,-22.927102,-42.602755,saquarema,RJ
7739,29001,-20.321807,-40.338612,vitoria,ES
7740,29010,-20.320202,-40.333947,vitoria,ES
7741,29014,-20.318701,-40.330562,vitoria,ES
7742,29015,-20.317736,-40.337639,vitoria,ES
7743,29016,-20.317767,-40.336486,vitoria,ES
7744,29017,-20.317121,-40.324052,vitoria,ES
7745,29018,-20.31856,-40.341033,vitoria,ES
7746,29020,-20.320572,-40.345594,vitoria,ES
7747,29023,-20.29716,-40.347191,vitoria,ES
7748,29024,-20.290342,-40.341254,vitoria,ES
7749,29025,-20.316116,-40.352109,vitoria,ES
7750,29026,-20.309714,-40.352057,vitoria,ES
7751,29027,-20.308479,-40.346755,vitoria,ES
7752,29030,-20.283,-40.336418,vitoria,ES
7753,29031,-20.282807,-40.330672,vitoria,ES
7754,29032,-20.251373,-40.319089,vitoria,ES
7755,29033,-20.278734,-40.329834,vitoria,ES
7756,29040,-20.309732,-40.3187,vitoria,ES
7757,29041,-20.311892,-40.320026,vitoria,ES
7758,29042,-20.304943,-40.320407,vitoria,ES
7759,29043,-20.29615,-40.320691,vitoria,ES
7760,29045,-20.299129,-40.307425,vitoria,ES
7761,29046,-20.295918,-40.308289,vitoria,ES
7762,29047,-20.298685,-40.309622,vitoria,ES
7763,29048,-20.289865,-40.31575,vitoria,ES
7764,29050,-20.313776,-40.299557,vitoria,ES
7765,29051,-20.312697,-40.318942,vitoria,ES
7766,29052,-20.31295,-40.298842,vitoria,ES
7767,29053,-20.3139,-40.314292,vitoria,ES
7768,29055,-20.300387,-40.294909,vitoria,ES
7769,29056,-20.304285,-40.300029,vitoria,ES
7770,29057,-20.295427,-40.294902,vitoria,ES
7771,29060,-20.284681,-40.295026,vitoria,ES
7772,29062,-20.278266,-40.296444,vitoria,ES
7773,29065,-20.276787,-40.291927,vitoria,ES
7774,29066,-20.276227,-40.289945,vitoria,ES
7775,29070,-20.264032,-40.296349,vitoria,ES
7776,29072,-20.25929,-40.294692,vitoria,ES
7777,29075,-20.268698,-40.301436,vitoria,ES
7778,29090,-20.259043,-40.267022,vitoria,ES
7779,29092,-20.247966,-40.271483,vitoria,ES
7780,29100,-20.337982,-40.294868,vila velha,ES
7781,29101,-20.344896,-40.288069,vila velha,ES
7782,29102,-20.368739,-40.307885,vila velha,ES
7783,29103,-20.38479,-40.32397,vila velha,ES
7784,29104,-20.367131,-40.317283,vila velha,ES
7785,29105,-20.381569,-40.320807,vila velha,ES
7786,29106,-20.349431,-40.306796,vila velha,ES
7787,29107,-20.35496,-40.301779,vila velha,ES
7788,29108,-20.357402,-40.315026,vila velha,ES
7789,29109,-20.356135,-40.316184,vila velha,ES
7790,29110,-20.351398,-40.321715,vila velha,ES
7791,29111,-20.350801,-40.353695,vila velha,ES
7792,29112,-20.361955,-40.353656,vila velha,ES
7793,29113,-20.378763,-40.35041,vila velha,ES
7794,29114,-20.331681,-40.34203,vila velha,ES
7795,29115,-20.335679,-40.330968,vila velha,ES
7796,29116,-20.342849,-40.337539,vila velha,ES
7797,29117,-20.343717,-40.346412,vila velha,ES
7798,29118,-20.348038,-40.337159,vila velha,ES
7799,29119,-20.349311,-40.323083,vila velha,ES
7800,29120,-20.349049,-40.31954,vila velha,ES
7801,29121,-20.338281,-40.319676,vila velha,ES
7802,29122,-20.339049,-40.309073,vila velha,ES
7803,29124,-20.441101,-40.343083,vila velha,ES
7804,29125,-20.426917,-40.327218,vila velha,ES
7805,29126,-20.416639,-40.339227,vila velha,ES
7806,29127,-20.444895,-40.35892,vila velha,ES
7807,29128,-20.509578,-40.373631,vila velha,ES
7808,29129,-20.506777,-40.361189,vila velha,ES
7809,29130,-20.389281,-40.490187,viana,ES
7810,29131,-20.421385,-40.460393,viana,ES
7811,29132,-20.390843,-40.474766,viana,ES
7812,29134,-20.355163,-40.431232,viana,ES
7813,29135,-20.351236,-40.428225,viana,ES
7814,29136,-20.364438,-40.422433,viana,ES
7815,29137,-20.36891,-40.424591,viana,ES
7816,29138,-20.370296,-40.416449,viana,ES
7817,29140,-20.341628,-40.3646,cariacica,ES
7818,29141,-20.352346,-40.37328,cariacica,ES
7819,29142,-20.36294,-40.374905,cariacica,ES
7820,29143,-20.349735,-40.384307,cariacica,ES
7821,29144,-20.346954,-40.395277,cariacica,ES
7822,29145,-20.349004,-40.394634,cariacica,ES
7823,29146,-20.340385,-40.384926,cariacica,ES
7824,29147,-20.336899,-40.390656,cariacica,ES
7825,29148,-20.334382,-40.400777,cariacica,ES
7826,29149,-20.330375,-40.390469,cariacica,ES
7827,29150,-20.323298,-40.37788,cariacica,ES
7828,29151,-20.328523,-40.369554,cariacica,ES
7829,29152,-20.316618,-40.372291,cariacica,ES
7830,29153,-20.306466,-40.371179,cariacica,ES
7831,29154,-20.30961,-40.3912,cariacica,ES
7832,29155,-20.292658,-40.383606,cariacica,ES
7833,29156,-20.279224,-40.411514,cariacica,ES
7834,29157,-20.266113,-40.388804,cariacica,ES
7835,29158,-20.305973,-40.400758,cariacica,ES
7836,29160,-20.236194,-40.271857,serra,ES
7837,29161,-20.221595,-40.275512,serra,ES
7838,29162,-20.197763,-40.271684,serra,ES
7839,29163,-20.217528,-40.241249,serra,ES
7840,29164,-20.212265,-40.237384,serra,ES
7841,29165,-20.197823,-40.256117,serra,ES
7842,29166,-20.180708,-40.244631,serra,ES
7843,29167,-20.175876,-40.254281,serra,ES
7844,29168,-20.158049,-40.246395,serra,ES
7845,29169,-20.150556,-40.264985,serra,ES
7846,29170,-20.154354,-40.268733,serra,ES
7847,29171,-20.138731,-40.247993,serra,ES
7848,29172,-20.171617,-40.203927,serra,ES
7849,29173,-20.156833,-40.192178,serra,ES
7850,29174,-20.06421,-40.182974,serra,ES
7851,29175,-20.139309,-40.192558,serra,ES
7852,29176,-20.135841,-40.299415,serra,ES
7853,29177,-20.121306,-40.305393,serra,ES
7854,29178,-20.133169,-40.297629,serra,ES
7855,29179,-20.117365,-40.293098,serra,ES
7856,29180,-20.072018,-40.362168,serra,ES
7857,29182,-20.064858,-40.202964,serra,ES
7858,29185,-19.945255,-40.381429,fundao,ES
7859,29187,-20.039371,-40.186331,praia grande,ES
7860,29190,-19.822497,-40.271158,aracruz,ES
7861,29192,-19.833978,-40.262527,aracruz,ES
7862,29193,-19.832968,-40.270571,aracruz,ES
7863,29194,-19.825094,-40.263223,aracruz,ES
7864,29195,-19.93011,-40.153651,coqueiral,ES
7865,29197,-19.821666,-40.062325,aracruz,ES
7866,29198,-19.895311,-40.099101,aracruz,ES
7867,29199,-19.92978,-40.143736,aracruz,ES
7868,29200,-20.672191,-40.499881,guarapari,ES
7869,29201,-20.682934,-40.509958,guarapari,ES
7870,29202,-20.672116,-40.517005,guarapari,ES
7871,29203,-20.676391,-40.517395,guarapari,ES
7872,29206,-20.716135,-40.5237,guarapari,ES
7873,29208,-20.683824,-40.520766,guarapari,ES
7874,29209,-20.731312,-40.552749,guarapari,ES
7875,29210,-20.66582,-40.505073,guarapari,ES
7876,29211,-20.644046,-40.512755,guarapari,ES
7877,29212,-20.641716,-40.515124,guarapari,ES
7878,29213,-20.640761,-40.508994,guarapari,ES
7879,29214,-20.656696,-40.505744,guarapari,ES
7880,29215,-20.659103,-40.498166,guarapari,ES
7881,29216,-20.653069,-40.488222,guarapari,ES
7882,29217,-20.655949,-40.491762,guarapari,ES
7883,29220,-20.62807,-40.476216,guarapari,ES
7884,29221,-20.618995,-40.456099,guarapari,ES
7885,29222,-20.642419,-40.500067,guarapari,ES
7886,29227,-20.648084,-40.490802,guarapari,ES
7887,29230,-20.798624,-40.645752,anchieta,ES
7888,29240,-20.629519,-40.748417,alfredo chaves,ES
7889,29255,-20.415814,-40.688928,marechal floriano,ES
7890,29258,-20.415509,-40.644118,araguaia,ES
7891,29260,-20.362024,-40.681696,domingos martins,ES
7892,29263,-20.373783,-40.563102,isabel,ES
7893,29273,-20.340183,-40.73168,domingos martins,ES
7894,29278,-20.195948,-40.854975,arace,ES
7895,29280,-20.788573,-40.814015,iconha,ES
7896,29285,-20.840865,-40.733567,piuma,ES
7897,29290,-20.862548,-40.934728,rio novo do sul,ES
7898,29295,-20.661042,-41.009738,vargem alta,ES
7899,29297,-20.706822,-41.017128,jacigua,ES
7900,29300,-20.847276,-41.120943,cachoeiro de itapemirim,ES
7901,29301,-20.842253,-41.12909,cachoeiro de itapemirim,ES
7902,29302,-20.849653,-41.129288,cachoeiro de itapemirim,ES
7903,29303,-20.852471,-41.118601,cachoeiro de itapemirim,ES
7904,29304,-20.857485,-41.116453,cachoeiro de itapemirim,ES
7905,29305,-20.855086,-41.108521,cachoeiro de itapemirim,ES
7906,29306,-20.850833,-41.105639,cachoeiro de itapemirim,ES
7907,29307,-20.844657,-41.110866,cachoeiro de itapemirim,ES
7908,29308,-20.842313,-41.119305,cachoeiro de itapemirim,ES
7909,29309,-20.836852,-41.117124,cachoeiro de itapemirim,ES
7910,29310,-20.844078,-41.139102,cachoeiro de itapemirim,ES
7911,29311,-20.844813,-41.143171,cachoeiro de itapemirim,ES
7912,29312,-20.848828,-41.152679,cachoeiro de itapemirim,ES
7913,29313,-20.833355,-41.154771,cachoeiro de itapemirim,ES
7914,29314,-20.844356,-41.154077,cachoeiro de itapemirim,ES
7915,29315,-20.847195,-41.15815,cachoeiro de itapemirim,ES
7916,29316,-20.847149,-41.112946,cachoeiro de itapemirim,ES
7917,29317,-20.847017,-41.139694,cachoeiro de itapemirim,ES
7918,29321,-20.988488,-42.237273,vargem grande do soturno,ES
7919,29323,-20.762729,-41.271606,pacotuba,ES
7920,29325,-20.725216,-41.134595,itaoca,ES
7921,29327,-20.102757,-40.562649,burarama,ES
7922,29328,-20.88333,-41.2,corrego dos monos,ES
7923,29329,-20.687704,-41.201952,conduru,ES
7924,29330,-20.948734,-40.806594,itapemirim,ES
7925,29338,-20.897616,-40.780149,itaipava,ES
7926,29345,-21.028978,-40.819922,marataizes,ES
7927,29350,-21.118843,-41.040977,presidente kennedy,ES
7928,29360,-20.605142,-41.205064,castelo,ES
7929,29370,-20.359107,-41.248844,conceicao do castelo,ES
7930,29375,-20.331941,-41.133483,venda nova do imigrante,ES
7931,29378,-20.336688,-41.185112,sao joao de vicosa,ES
7932,29380,-20.461937,-41.41509,muniz freire,ES
7933,29386,-20.335973,-41.390488,muniz freire,ES
7934,29390,-20.349163,-41.533793,iuna,ES
7935,29395,-20.234478,-41.507827,ibatiba,ES
7936,29398,-20.345581,-41.641033,irupi,ES
7937,29400,-21.061438,-41.362994,mimoso do sul,ES
7938,29420,-19.900436,-43.99903,sao jose das torres,ES
7939,29450,-21.153501,-41.567584,apiaca,ES
7940,29460,-21.12617,-41.672396,bom jesus do norte,ES
7941,29470,-21.020105,-41.652573,sao jose do calcado,ES
7942,29475,-20.94611,-41.62,alto calcado,ES
7943,29480,-20.951433,-41.342106,muqui,ES
7944,29490,-20.919328,-41.196079,atilio vivacqua,ES
7945,29500,-20.7613,-41.534755,alegre,ES
7946,29510,-19.942116,-40.672284,celina,ES
7947,29515,-20.771506,-41.535607,cafe,ES
7948,29520,-20.756742,-41.459312,rive,ES
7949,29540,-20.538204,-41.664755,ibitirama,ES
7950,29550,-20.791483,-41.391927,jeronimo monteiro,ES
7951,29560,-20.772679,-41.675061,guacui,ES
7952,29564,-20.78111,-41.80056,são pedro de rates,ES
7953,29580,-20.688075,-41.846127,dores do rio preto,ES
7954,29590,-20.617912,-41.688352,divino de sao lourenco,ES
7955,29600,-20.076743,-41.123686,afonso claudio,ES
7956,29609,-20.078934,-41.124294,afonso claudio,ES
7957,29615,-19.894371,-41.060673,laranja da terra,ES
7958,29619,-19.82528,-41.11111,laranja da terra,ES
7959,29620,-19.876439,-40.874579,itarana,ES
7960,29630,-20.147347,-41.291547,brejetuba,ES
7961,29640,-20.100586,-40.529228,santa leopoldina,ES
7962,29645,-20.029231,-40.74832,santa maria de jetiba,ES
7963,29650,-19.947518,-40.610254,santa teresa,ES
7964,29654,-19.82434,-40.654957,santo antonio do canaa,ES
7965,29660,-19.879861,-40.62674,santa teresa,ES
7966,29665,-19.740486,-40.660208,sao roque do canaa,ES
7967,29670,-19.830945,-40.369092,ibiracu,ES
7968,29680,-19.751472,-40.387132,joao neiva,ES
7969,29687,-19.655909,-40.463365,acioli,ES
7970,29690,-19.791829,-40.85371,itaguacu,ES
7971,29695,-19.664696,-40.836506,itaimbe,ES
7972,29700,-19.540603,-40.626099,colatina,ES
7973,29701,-19.541703,-40.628021,colatina,ES
7974,29702,-19.545933,-40.634176,colatina,ES
7975,29703,-19.523437,-40.639545,colatina,ES
7976,29704,-19.526832,-40.662507,colatina,ES
7977,29705,-19.511489,-40.632303,colatina,ES
7978,29706,-19.521479,-40.646911,colatina,ES
7979,29707,-19.542008,-40.64325,colatina,ES
7980,29708,-19.5461,-40.623359,colatina,ES
7981,29709,-19.520922,-40.679804,colatina,ES
7982,29712,-19.526822,-40.568737,colatina,ES
7983,29714,-19.545996,-40.633042,colatina,ES
7984,29720,-19.252479,-40.461119,governador lindenberg,ES
7985,29724,-19.253833,-40.505694,novo brasil,ES
7986,29725,-19.411968,-40.542889,marilandia,ES
7987,29730,-19.512147,-41.012827,baixo guandu,ES
7988,29735,-19.39859,-40.905291,quilometro 14 do mutum,ES
7989,29737,-19.275,-40.9075,alto mutum preto,ES
7990,29745,-19.140458,-40.616452,sao domingos do norte,ES
7991,29750,-19.198042,-40.8443,pancas,ES
7992,29752,-18.972757,-40.873195,vila verde,ES
7993,29755,-19.491615,-41.055894,lajinha,ES
7994,29760,-19.058138,-41.0188,alto rio novo,ES
7995,29770,-18.863246,-41.119913,mantenopolis,ES
7996,29772,-18.884935,-41.01555,santa luzia de mantenopolis,ES
7997,29780,-19.017212,-40.537168,sao gabriel da palha,ES
7998,29785,-18.996372,-40.384526,vila valerio,ES
7999,29795,-18.985535,-40.742832,aguia branca,ES
8000,29800,-18.751221,-40.887227,barra de sao francisco,ES
8001,29807,-18.586936,-40.887507,monte sinai,ES
8002,29815,-18.66465,-40.795175,paulista,ES
8003,29820,-18.542452,-40.98562,agua doce do norte,ES
8004,29822,-18.476714,-41.018778,vila nelita,ES
8005,29824,-18.41278,-41.03667,santo agostinho,ES
8006,29826,-18.63361,-40.94278,governador lacerda de aguiar,ES
8007,29830,-18.705854,-40.404629,nova venecia,ES
8008,29843,-18.619886,-40.604113,vila pavao,ES
8009,29845,-18.535186,-40.30195,boa esperanca,ES
8010,29850,-18.370238,-40.824675,ecoporanga,ES
8011,29880,-18.083241,-40.522015,mucurici,ES
8012,29884,-12.638524,-37.947255,itabaiana,ES
8013,29885,-18.130841,-40.538064,ponto belo,ES
8014,29890,-18.130836,-40.357554,montanha,ES
8015,29894,-18.198594,-40.263793,vinhatico,ES
8016,29900,-19.394052,-40.067718,linhares,ES
8017,29901,-19.399037,-40.056942,linhares,ES
8018,29902,-19.380697,-40.061806,linhares,ES
8019,29903,-19.392277,-40.048312,linhares,ES
8020,29904,-19.375405,-40.058046,linhares,ES
8021,29905,-19.364661,-40.05258,linhares,ES
8022,29906,-19.354245,-40.053749,linhares,ES
8023,29907,-19.375407,-40.071853,linhares,ES
8024,29908,-19.349623,-40.050018,linhares,ES
8025,29909,-19.308351,-40.067772,linhares,ES
8026,29913,-19.408266,-40.0646,linhares,ES
8027,29918,-19.391727,-40.061085,linhares,ES
8028,29920,-19.263935,-40.32409,rio bananal,ES
8029,29925,-11.115018,-50.199251,sao jorge do tiradentes,ES
8030,29927,-19.188864,-40.100299,sooretama,ES
8031,29930,-18.718648,-39.855047,sao mateus,ES
8032,29931,-18.717502,-39.866134,sao mateus,ES
8033,29932,-18.711989,-39.873277,sao mateus,ES
8034,29933,-18.719208,-39.847357,sao mateus,ES
8035,29934,-18.718329,-39.838595,sao mateus,ES
8036,29936,-18.729611,-39.847359,sao mateus,ES
8037,29937,-18.732788,-39.842359,sao mateus,ES
8038,29938,-18.726016,-39.855779,sao mateus,ES
8039,29940,-18.719041,-39.873491,sao mateus,ES
8040,29941,-18.718032,-39.873937,sao mateus,ES
8041,29942,-18.724972,-39.87458,sao mateus,ES
8042,29943,-18.722153,-39.927285,sao mateus,ES
8043,29944,-18.773464,-39.755005,sao mateus,ES
8044,29945,-18.74051,-39.754796,sao mateus,ES
8045,29946,-18.735368,-39.763747,sao mateus,ES
8046,29950,-18.908986,-40.074012,jaguare,ES
8047,29960,-18.575906,-39.737991,conceicao da barra,ES
8048,29965,-18.418738,-39.708064,itaunas,ES
8049,29967,-19.245934,-40.091153,braco do rio,ES
8050,29970,-18.29124,-39.959665,pedro canario,ES
8051,29978,-18.089158,-40.109599,cristal do norte,ES
8052,29980,-18.410603,-40.219874,pinheiros,ES
8053,29985,-18.320978,-40.405721,sao joao do sobrado,ES
8054,30001,-19.923989,-43.935706,belo horizonte,MG
8055,30035,-19.901155,-43.918429,belo horizonte,MG
8056,30108,-18.99191,-49.450676,belo horizonte,MG
8057,30110,-19.929578,-43.936784,belo horizonte,MG
8058,30111,-19.919162,-43.944311,belo horizonte,MG
8059,30112,-19.937297,-43.936153,belo horizonte,MG
8060,30120,-19.918409,-43.94017,belo horizonte,MG
8061,30130,-19.931997,-43.932281,belo horizonte,MG
8062,30140,-19.930993,-43.935802,belo horizonte,MG
8063,30150,-19.925907,-43.926863,belo horizonte,MG
8064,30160,-19.927779,-43.939708,belo horizonte,MG
8065,30166,-19.926232,-43.937793,belo horizonte,MG
8066,30170,-19.927261,-43.944857,belo horizonte,MG
8067,30171,-19.923999,-43.94436,belo horizonte,MG
8068,30180,-19.926753,-43.946726,belo horizonte,MG
8069,30186,-19.908058,-43.883818,belo horizonte,MG
8070,30190,-19.924776,-43.946945,belo horizonte,MG
8071,30210,-19.950338,-43.916826,belo horizonte,MG
8072,30220,-19.939989,-43.919715,belo horizonte,MG
8073,30230,-19.919304,-43.913934,belo horizonte,MG
8074,30240,-19.931052,-43.918108,belo horizonte,MG
8075,30250,-19.927665,-43.922964,belo horizonte,MG
8076,30260,-19.925024,-43.911597,belo horizonte,MG
8077,30270,-19.921376,-43.906111,belo horizonte,MG
8078,30280,-19.908228,-43.904197,belo horizonte,MG
8079,30285,-19.914041,-43.896882,belo horizonte,MG
8080,30286,-19.948243,-43.962286,belo horizonte,MG
8081,30290,-19.919186,-43.881797,belo horizonte,MG
8082,30295,-19.913477,-43.883877,belo horizonte,MG
8083,30310,-19.947044,-43.928506,belo horizonte,MG
8084,30315,-19.954005,-43.930671,belo horizonte,MG
8085,30320,-19.966328,-43.939428,belo horizonte,MG
8086,30328,-19.969886,-43.942399,belo horizonte,MG
8087,30330,-19.944967,-43.939394,belo horizonte,MG
8088,30335,-19.926554,-43.944835,belo horizonte,MG
8089,30350,-19.949511,-43.947866,belo horizonte,MG
8090,30360,-19.964349,-43.948225,belo horizonte,MG
8091,30380,-19.945126,-43.952226,belo horizonte,MG
8092,30390,-19.992644,-43.966668,belo horizonte,MG
8093,30410,-19.925475,-43.9685,belo horizonte,MG
8094,30411,-19.926481,-43.966471,belo horizonte,MG
8095,30420,-19.930813,-43.998936,belo horizonte,MG
8096,30421,-19.937081,-43.976331,belo horizonte,MG
8097,30430,-19.933517,-43.962789,belo horizonte,MG
8098,30431,-19.934772,-43.966538,belo horizonte,MG
8099,30441,-19.936936,-43.958204,belo horizonte,MG
8100,30451,-19.935786,-43.962972,belo horizonte,MG
8101,30455,-19.969331,-43.962128,belo horizonte,MG
8102,30460,-19.942315,-43.972362,belo horizonte,MG
8103,30480,-19.928666,-43.976882,belo horizonte,MG
8104,30490,-19.951509,-43.9749,belo horizonte,MG
8105,30492,-19.969363,-43.967198,belo horizonte,MG
8106,30493,-19.972911,-43.965469,belo horizonte,MG
8107,30494,-19.961548,-43.960576,belo horizonte,MG
8108,30510,-19.939146,-43.993125,belo horizonte,MG
8109,30512,-19.94276,-44.000012,belo horizonte,MG
8110,30514,-19.952073,-43.992327,belo horizonte,MG
8111,30516,-19.950986,-43.989439,belo horizonte,MG
8112,30518,-19.952478,-44.003162,belo horizonte,MG
8113,30520,-19.941043,-44.018605,belo horizonte,MG
8114,30525,-19.933692,-44.01233,belo horizonte,MG
8115,30530,-19.929281,-44.000133,belo horizonte,MG
8116,30532,-19.939034,-44.004331,belo horizonte,MG
8117,30535,-19.924122,-43.991573,belo horizonte,MG
8118,30540,-19.962974,-43.995197,belo horizonte,MG
8119,30550,-19.943798,-43.981911,belo horizonte,MG
8120,30555,-19.953733,-43.977713,belo horizonte,MG
8121,30570,-19.958333,-43.977363,belo horizonte,MG
8122,30575,-19.973066,-43.972776,belo horizonte,MG
8123,30580,-19.962281,-43.987172,belo horizonte,MG
8124,30590,-19.962491,-43.993628,belo horizonte,MG
8125,30610,-19.963144,-44.003095,belo horizonte,MG
8126,30620,-19.983701,-44.001532,belo horizonte,MG
8127,30622,-19.987931,-43.991236,belo horizonte,MG
8128,30624,-19.995882,-43.996824,belo horizonte,MG
8129,30626,-20.001797,-44.010434,belo horizonte,MG
8130,30627,-19.995301,-44.020532,belo horizonte,MG
8131,30628,-20.003806,-44.001916,belo horizonte,MG
8132,30640,-19.977613,-44.020948,belo horizonte,MG
8133,30642,-19.983061,-44.012185,belo horizonte,MG
8134,30644,-19.990638,-44.014162,belo horizonte,MG
8135,30660,-19.985444,-44.023666,belo horizonte,MG
8136,30662,-19.985406,-44.040822,belo horizonte,MG
8137,30664,-20.000685,-44.036602,belo horizonte,MG
8138,30666,-20.009814,-44.030893,belo horizonte,MG
8139,30668,-20.000073,-44.028465,belo horizonte,MG
8140,30670,-20.001647,-44.021875,belo horizonte,MG
8141,30672,-20.025415,-44.077557,belo horizonte,MG
8142,30686,-19.996132,-44.033213,belo horizonte,MG
8143,30690,-19.977666,-44.04973,belo horizonte,MG
8144,30692,-19.988371,-44.0502,belo horizonte,MG
8145,30710,-19.913312,-43.95954,belo horizonte,MG
8146,30720,-19.913964,-43.976106,belo horizonte,MG
8147,30730,-19.915255,-43.986848,belo horizonte,MG
8148,30750,-19.899617,-43.977947,belo horizonte,MG
8149,30760,-19.908098,-43.961818,belo horizonte,MG
8150,30770,-19.906554,-43.970778,belo horizonte,MG
8151,30775,-19.89666,-43.968834,belo horizonte,MG
8152,30810,-19.896016,-43.984245,belo horizonte,MG
8153,30820,-19.904259,-43.99728,belo horizonte,MG
8154,30830,-19.902617,-44.003236,belo horizonte,MG
8155,30840,-19.890505,-43.999531,belo horizonte,MG
8156,30850,-19.919032,-44.003135,belo horizonte,MG
8157,30855,-19.92285,-44.0135,belo horizonte,MG
8158,30860,-19.922277,-44.011111,belo horizonte,MG
8159,30865,-19.913287,-44.021488,belo horizonte,MG
8160,30870,-19.906597,-44.009312,belo horizonte,MG
8161,30880,-19.902876,-44.017053,belo horizonte,MG
8162,30881,-19.895287,-44.015164,belo horizonte,MG
8163,30882,-19.882081,-44.009809,belo horizonte,MG
8164,31010,-19.915223,-43.917264,belo horizonte,MG
8165,31015,-19.910797,-43.925699,belo horizonte,MG
8166,31030,-19.905869,-43.923902,belo horizonte,MG
8167,31035,-19.898823,-43.919959,belo horizonte,MG
8168,31050,-19.898411,-43.895238,belo horizonte,MG
8169,31060,-19.893869,-43.903359,belo horizonte,MG
8170,31070,-19.888904,-43.897852,belo horizonte,MG
8171,31080,-19.885038,-43.909236,belo horizonte,MG
8172,31110,-19.904659,-43.936953,belo horizonte,MG
8173,31130,-19.891868,-43.942369,belo horizonte,MG
8174,31140,-19.894843,-43.931598,belo horizonte,MG
8175,31150,-19.879617,-43.943844,belo horizonte,MG
8176,31155,-19.873047,-43.938613,belo horizonte,MG
8177,31160,-19.879269,-43.931777,belo horizonte,MG
8178,31170,-19.886335,-43.923673,belo horizonte,MG
8179,31210,-19.906881,-43.949242,belo horizonte,MG
8180,31230,-19.896562,-43.956967,belo horizonte,MG
8181,31235,-19.892043,-43.954315,belo horizonte,MG
8182,31250,-19.886705,-43.958941,belo horizonte,MG
8183,31255,-19.869634,-43.95096,belo horizonte,MG
8184,31260,-19.860403,-43.940502,belo horizonte,MG
8185,31270,-19.858848,-43.955269,belo horizonte,MG
8186,31275,-19.858515,-43.967039,belo horizonte,MG
8187,31310,-19.873022,-43.982143,belo horizonte,MG
8188,31320,-19.884742,-43.984123,belo horizonte,MG
8189,31330,-19.87837,-43.996282,belo horizonte,MG
8190,31340,-19.864541,-43.989479,belo horizonte,MG
8191,31360,-19.873299,-44.010172,belo horizonte,MG
8192,31365,-19.8662,-44.001265,belo horizonte,MG
8193,31370,-19.847405,-44.006533,belo horizonte,MG
8194,31510,-19.814569,-43.965447,belo horizonte,MG
8195,31515,-19.823416,-43.9605,belo horizonte,MG
8196,31520,-19.819289,-43.969167,belo horizonte,MG
8197,31525,-19.825659,-43.97273,belo horizonte,MG
8198,31530,-19.826545,-43.979824,belo horizonte,MG
8199,31535,-19.815031,-43.981546,belo horizonte,MG
8200,31540,-19.828488,-43.988908,belo horizonte,MG
8201,31545,-19.835075,-44.003694,belo horizonte,MG
8202,31550,-19.839677,-43.986061,belo horizonte,MG
8203,31555,-19.841327,-43.979855,belo horizonte,MG
8204,31560,-19.839322,-43.974521,belo horizonte,MG
8205,31565,-19.834262,-43.966826,belo horizonte,MG
8206,31570,-19.807885,-43.980818,belo horizonte,MG
8207,31573,-19.811048,-43.990044,belo horizonte,MG
8208,31575,-19.805587,-43.996366,belo horizonte,MG
8209,31578,-19.813689,-44.001989,belo horizonte,MG
8210,31580,-19.822412,-43.997806,belo horizonte,MG
8211,31585,-19.824271,-44.006627,belo horizonte,MG
8212,31610,-19.812662,-43.954291,belo horizonte,MG
8213,31615,-19.807268,-43.961464,belo horizonte,MG
8214,31620,-19.802411,-43.967188,belo horizonte,MG
8215,31630,-19.801303,-43.956569,belo horizonte,MG
8216,31640,-19.802006,-43.973117,belo horizonte,MG
8217,31650,-19.803021,-43.966336,belo horizonte,MG
8218,31652,-19.798264,-43.977048,belo horizonte,MG
8219,31655,-19.789373,-43.984437,belo horizonte,MG
8220,31660,-19.808983,-43.984228,belo horizonte,MG
8221,31680,-19.800582,-43.993813,belo horizonte,MG
8222,31710,-19.840185,-43.959298,belo horizonte,MG
8223,31720,-19.833278,-43.952877,belo horizonte,MG
8224,31725,-19.83982,-43.944875,belo horizonte,MG
8225,31730,-19.836659,-43.945343,belo horizonte,MG
8226,31741,-19.845611,-43.942037,belo horizonte,MG
8227,31742,-19.831846,-43.936063,belo horizonte,MG
8228,31744,-19.827785,-43.947022,belo horizonte,MG
8229,31746,-19.810452,-43.935676,belo horizonte,MG
8230,31748,-19.802819,-43.938401,belo horizonte,MG
8231,31749,-19.834565,-43.969645,belo horizonte,MG
8232,31760,-19.835798,-43.939785,belo horizonte,MG
8233,31765,-19.831085,-43.935658,belo horizonte,MG
8234,31785,-19.80527,-43.940679,belo horizonte,MG
8235,31810,-19.860404,-43.930952,belo horizonte,MG
8236,31812,-19.854226,-43.932052,belo horizonte,MG
8237,31814,-19.850589,-43.925264,belo horizonte,MG
8238,31820,-19.899635,-44.002399,belo horizonte,MG
8239,31840,-19.840924,-43.927257,belo horizonte,MG
8240,31842,-19.836871,-43.923241,belo horizonte,MG
8241,31844,-19.838453,-43.915761,belo horizonte,MG
8242,31845,-19.850146,-43.916875,belo horizonte,MG
8243,31846,-19.833538,-43.911396,belo horizonte,MG
8244,31870,-19.843457,-43.90393,belo horizonte,MG
8245,31872,-19.825441,-43.897635,belo horizonte,MG
8246,31910,-19.868807,-43.9204,belo horizonte,MG
8247,31920,-19.870744,-43.912776,belo horizonte,MG
8248,31930,-19.864361,-43.908594,belo horizonte,MG
8249,31950,-19.867601,-43.899455,belo horizonte,MG
8250,31960,-19.86192,-43.902386,belo horizonte,MG
8251,31970,-19.85728,-43.884794,belo horizonte,MG
8252,31975,-19.851011,-43.885412,belo horizonte,MG
8253,31980,-19.854509,-43.914681,belo horizonte,MG
8254,31985,-19.854059,-43.905713,belo horizonte,MG
8255,31990,-19.85439,-43.898273,belo horizonte,MG
8256,31995,-19.839619,-43.894637,belo horizonte,MG
8257,31998,-19.843208,-43.875287,belo horizonte,MG
8258,32010,-19.932642,-44.078202,contagem,MG
8259,32013,-19.925361,-44.086268,contagem,MG
8260,32015,-19.923658,-44.091616,contagem,MG
8261,32016,-19.926389,-44.094038,contagem,MG
8262,32017,-19.910308,-44.082767,contagem,MG
8263,32020,-19.911367,-44.0742,contagem,MG
8264,32025,-19.912666,-44.098899,contagem,MG
8265,32040,-19.913463,-44.071467,contagem,MG
8266,32041,-19.91143,-44.073474,contagem,MG
8267,32042,-19.901657,-44.077032,contagem,MG
8268,32043,-19.899052,-44.085877,contagem,MG
8269,32044,-19.894725,-44.092954,contagem,MG
8270,32046,-19.878211,-44.089158,contagem,MG
8271,32050,-19.833522,-44.145876,contagem,MG
8272,32051,-19.826455,-44.136387,contagem,MG
8273,32052,-19.896514,-44.086838,contagem,MG
8274,32055,-19.857919,-44.144326,contagem,MG
8275,32060,-19.864618,-44.115289,contagem,MG
8276,32062,-19.860815,-44.109005,contagem,MG
8277,32065,-19.897487,-44.130798,contagem,MG
8278,32070,-19.914282,-44.103721,contagem,MG
8279,32071,-19.903969,-44.084722,contagem,MG
8280,32072,-19.928477,-44.112331,contagem,MG
8281,32073,-19.928138,-44.11585,contagem,MG
8282,32110,-19.884232,-44.022748,contagem,MG
8283,32113,-19.882458,-44.03432,contagem,MG
8284,32115,-19.893237,-44.027646,contagem,MG
8285,32140,-19.894341,-44.038547,contagem,MG
8286,32141,-19.893361,-44.066972,contagem,MG
8287,32143,-19.911617,-44.043806,contagem,MG
8288,32145,-19.887142,-44.048894,contagem,MG
8289,32146,-19.88117,-44.05786,contagem,MG
8290,32150,-19.890703,-44.055942,contagem,MG
8291,32152,-19.888568,-44.081768,contagem,MG
8292,32180,-19.867847,-44.030824,contagem,MG
8293,32181,-19.897201,-44.034914,contagem,MG
8294,32183,-19.863548,-44.038679,contagem,MG
8295,32185,-19.847782,-44.029712,contagem,MG
8296,32186,-19.847308,-44.020729,contagem,MG
8297,32187,-19.85213,-44.041489,contagem,MG
8298,32210,-19.950877,-44.027795,contagem,MG
8299,32215,-19.963333,-44.017093,contagem,MG
8300,32220,-19.964891,-44.024153,contagem,MG
8301,32223,-19.962451,-44.037796,contagem,MG
8302,32230,-19.969586,-44.035151,contagem,MG
8303,32235,-19.976458,-44.036709,contagem,MG
8304,32240,-19.9592,-44.052254,contagem,MG
8305,32241,-19.96658,-44.056998,contagem,MG
8306,32242,-19.971813,-44.063727,contagem,MG
8307,32250,-19.921959,-44.080481,contagem,MG
8308,32260,-19.953998,-44.038123,contagem,MG
8309,32265,-19.952894,-44.044845,contagem,MG
8310,32280,-19.946661,-44.057765,contagem,MG
8311,32285,-19.936692,-44.069041,contagem,MG
8312,32310,-19.93862,-44.038501,contagem,MG
8313,32315,-19.941145,-44.041685,contagem,MG
8314,32340,-19.939457,-44.05172,contagem,MG
8315,32341,-19.931965,-44.053639,contagem,MG
8316,32342,-19.919355,-44.053436,contagem,MG
8317,32370,-19.928006,-44.036821,contagem,MG
8318,32371,-19.92671,-44.03508,contagem,MG
8319,32372,-19.919822,-44.026504,contagem,MG
8320,32400,-20.01796,-44.066206,ibirite,MG
8321,32404,-20.006971,-44.048958,ibirite,MG
8322,32405,-20.024249,-44.040681,ibirite,MG
8323,32407,-20.024138,-44.06546,ibirite,MG
8324,32410,-20.03815,-44.058947,ibirite,MG
8325,32412,-20.028894,-44.065676,ibirite,MG
8326,32415,-20.018122,-44.091388,ibirite,MG
8327,32417,-20.02075,-44.117785,ibirite,MG
8328,32419,-20.013646,-44.070109,ibirite,MG
8329,32420,-19.980612,-44.064099,ibirite,MG
8330,32421,-20.014209,-44.077427,ibirite,MG
8331,32422,-20.005217,-44.075853,ibirite,MG
8332,32423,-19.994245,-44.065226,ibirite,MG
8333,32424,-19.989585,-44.059947,ibirite,MG
8334,32425,-20.003931,-44.063023,ibirite,MG
8335,32430,-19.996645,-44.072681,ibirite,MG
8336,32431,-20.009974,-44.088777,ibirite,MG
8337,32432,-20.000674,-44.086677,ibirite,MG
8338,32440,-19.989221,-44.058017,ibirite,MG
8339,32450,-20.038774,-44.139519,sarzedo,MG
8340,32470,-20.057715,-44.178024,mario campos,MG
8341,32553,-19.969714,-44.175587,betim,MG
8342,32600,-19.96693,-44.201562,betim,MG
8343,32602,-19.956096,-44.192907,betim,MG
8344,32603,-19.964279,-44.208345,betim,MG
8345,32604,-19.95138,-44.196008,betim,MG
8346,32605,-19.934345,-44.183771,betim,MG
8347,32606,-19.936126,-44.198946,betim,MG
8348,32610,-19.959066,-44.188417,betim,MG
8349,32611,-19.861757,-44.156106,betim,MG
8350,32616,-19.936478,-44.244985,betim,MG
8351,32623,-19.924024,-44.262519,betim,MG
8352,32625,-19.952161,-44.210385,betim,MG
8353,32628,-19.946643,-44.271806,betim,MG
8354,32630,-19.955761,-44.204699,betim,MG
8355,32634,-20.010079,-44.250304,betim,MG
8356,32635,-20.006568,-44.225867,betim,MG
8357,32639,-20.024974,-44.235353,betim,MG
8358,32640,-19.988547,-44.215992,betim,MG
8359,32641,-20.019145,-44.223029,betim,MG
8360,32642,-20.019877,-44.221732,betim,MG
8361,32649,-19.983365,-44.196187,betim,MG
8362,32652,-19.94937,-44.179732,betim,MG
8363,32653,-19.950263,-44.169979,betim,MG
8364,32654,-19.978721,-44.175185,betim,MG
8365,32655,-19.970717,-44.170168,betim,MG
8366,32656,-19.979248,-44.187944,betim,MG
8367,32657,-20.00332,-44.170799,betim,MG
8368,32659,-19.995902,-44.137198,betim,MG
8369,32660,-19.948891,-44.161206,betim,MG
8370,32661,-19.981566,-44.147268,betim,MG
8371,32662,-19.952271,-44.143023,betim,MG
8372,32664,-19.950674,-44.112527,betim,MG
8373,32665,-19.977336,-44.149565,betim,MG
8374,32666,-19.94106,-44.128192,betim,MG
8375,32667,-19.965664,-44.138811,betim,MG
8376,32668,-19.989137,-44.121882,betim,MG
8377,32669,-19.961371,-44.108146,betim,MG
8378,32670,-19.960252,-44.171277,betim,MG
8379,32671,-19.950898,-44.179252,betim,MG
8380,32672,-19.93946,-44.173227,betim,MG
8381,32673,-19.94106,-44.162975,betim,MG
8382,32675,-19.936352,-44.138812,betim,MG
8383,32676,-19.944388,-44.129312,betim,MG
8384,32677,-19.943148,-44.113823,betim,MG
8385,32678,-19.934736,-44.109198,betim,MG
8386,32681,-19.950883,-44.12268,betim,MG
8387,32682,-19.939883,-44.10275,betim,MG
8388,32684,-19.950798,-44.107658,betim,MG
8389,32685,-19.946773,-44.101071,betim,MG
8390,32687,-19.941306,-44.097178,betim,MG
8391,32688,-19.930265,-44.098969,betim,MG
8392,32689,-19.951445,-44.071965,betim,MG
8393,32690,-19.942894,-44.114647,betim,MG
8394,32900,-20.067077,-44.306077,igarape,MG
8395,32920,-20.053677,-44.261084,sao joaquim de bicas,MG
8396,33010,-19.765859,-43.854177,santa luzia,MG
8397,33015,-19.757387,-43.844075,santa luzia,MG
8398,33016,-19.756803,-43.854574,santa luzia,MG
8399,33020,-19.756474,-43.836139,santa luzia,MG
8400,33022,-19.754716,-43.838174,santa luzia,MG
8401,33025,-19.776647,-43.850925,santa luzia,MG
8402,33030,-19.776069,-43.872957,santa luzia,MG
8403,33035,-19.764844,-43.866371,santa luzia,MG
8404,33040,-19.788146,-43.875401,santa luzia,MG
8405,33045,-19.821351,-43.865749,santa luzia,MG
8406,33048,-20.708904,-46.616701,santa luzia,MG
8407,33054,-19.751987,-43.834044,santa luzia,MG
8408,33060,-21.090258,-43.418307,santa luzia,MG
8409,33065,-19.849774,-43.79073,santa luzia,MG
8410,33080,-19.740384,-44.215517,santa luzia,MG
8411,33082,-19.784277,-43.866876,santa luzia,MG
8412,33084,-20.395116,-43.492176,santa luzia,MG
8413,33105,-19.783187,-43.930353,santa luzia,MG
8414,33110,-19.78165,-43.918646,santa luzia,MG
8415,33113,-19.810573,-43.861404,santa luzia,MG
8416,33115,-19.796145,-43.91545,santa luzia,MG
8417,33120,-19.786477,-43.915219,santa luzia,MG
8418,33125,-19.788799,-43.93967,santa luzia,MG
8419,33130,-19.779768,-43.939148,santa luzia,MG
8420,33140,-19.77064,-43.934259,santa luzia,MG
8421,33145,-19.775619,-43.929354,santa luzia,MG
8422,33146,-19.815879,-43.861933,santa luzia,MG
8423,33147,-19.394984,-44.765064,santa luzia,MG
8424,33170,-19.78342,-43.889247,santa luzia,MG
8425,33171,-19.763417,-43.867764,santa luzia,MG
8426,33172,-19.780665,-43.89237,santa luzia,MG
8427,33200,-19.731554,-43.94212,vespasiano,MG
8428,33350,-19.708167,-43.974692,sao jose da lapa,MG
8429,33400,-19.638053,-43.899262,lagoa santa,MG
8430,33500,-19.633922,-43.98533,confins,MG
8431,33600,-19.612569,-44.039758,pedro leopoldo,MG
8432,33680,-19.699756,-44.045317,vera cruz de minas,MG
8433,33805,-19.76859,-44.086888,ribeirao das neves,MG
8434,33808,-19.778024,-44.106368,ribeirao das neves,MG
8435,33809,-19.783407,-44.106761,ribeirao das neves,MG
8436,33820,-19.769756,-44.134827,ribeirao das neves,MG
8437,33821,-19.770123,-44.138307,ribeirao das neves,MG
8438,33822,-19.809029,-44.089468,ribeirao das neves,MG
8439,33823,-19.762894,-44.138483,ribeirao das neves,MG
8440,33825,-19.76353,-44.126354,ribeirao das neves,MG
8441,33826,-19.759302,-44.091308,ribeirao das neves,MG
8442,33830,-19.744596,-44.137822,ribeirao das neves,MG
8443,33833,-19.76126,-44.125781,ribeirao das neves,MG
8444,33836,-19.787405,-44.11526,ribeirao das neves,MG
8445,33840,-19.747228,-44.080865,ribeirao das neves,MG
8446,33841,-19.761153,-44.098213,ribeirao das neves,MG
8447,33855,-19.752279,-44.071062,ribeirao das neves,MG
8448,33858,-19.75706,-44.085015,ribeirao das neves,MG
8449,33860,-19.769645,-44.07379,ribeirao das neves,MG
8450,33861,-19.772616,-44.071429,ribeirao das neves,MG
8451,33863,-19.782267,-44.068462,ribeirao das neves,MG
8452,33880,-19.776244,-44.082744,ribeirao das neves,MG
8453,33882,-19.777387,-44.129261,ribeirao das neves,MG
8454,33900,-19.798216,-44.017431,ribeirao das neves,MG
8455,33902,-19.793244,-44.018418,ribeirao das neves,MG
8456,33903,-19.793648,-44.037893,ribeirao das neves,MG
8457,33910,-19.785872,-44.084297,ribeirao das neves,MG
8458,33913,-19.777777,-44.023744,ribeirao das neves,MG
8459,33914,-19.779883,-44.132578,ribeirao das neves,MG
8460,33915,-19.777987,-44.039096,ribeirao das neves,MG
8461,33920,-19.773888,-44.050119,ribeirao das neves,MG
8462,33921,-19.783939,-44.081012,ribeirao das neves,MG
8463,33925,-19.777793,-43.991248,ribeirao das neves,MG
8464,33927,-19.782028,-44.082537,ribeirao das neves,MG
8465,33930,-19.789613,-44.006998,ribeirao das neves,MG
8466,33933,-19.788588,-44.018572,ribeirao das neves,MG
8467,33934,-19.782524,-43.982886,ribeirao das neves,MG
8468,33935,-19.804411,-44.026159,ribeirao das neves,MG
8469,33936,-19.801814,-44.014493,ribeirao das neves,MG
8470,33937,-19.804921,-44.064957,ribeirao das neves,MG
8471,33938,-19.820615,-44.049865,ribeirao das neves,MG
8472,33939,-19.782584,-44.071871,ribeirao das neves,MG
8473,33940,-19.81402,-44.026644,ribeirao das neves,MG
8474,33943,-19.805636,-44.024489,ribeirao das neves,MG
8475,33944,-19.810792,-44.027809,ribeirao das neves,MG
8476,33980,-19.662559,-43.689301,taquaracu de minas,MG
8477,34000,-20.000839,-43.885403,nova lima,MG
8478,34001,-19.993645,-43.852493,nova lima,MG
8479,34002,-19.999068,-43.848647,nova lima,MG
8480,34003,-19.986613,-43.860932,nova lima,MG
8481,34004,-19.993904,-43.886764,nova lima,MG
8482,34006,-19.98156,-43.941506,nova lima,MG
8483,34007,-20.035319,-43.966555,nova lima,MG
8484,34008,-20.005127,-43.92992,nova lima,MG
8485,34009,-20.057348,-43.928953,nova lima,MG
8486,34010,-20.074271,-43.912829,nova lima,MG
8487,34011,-20.084664,-43.955069,nova lima,MG
8488,34012,-20.005149,-43.851588,nova lima,MG
8489,34015,-20.037114,-43.926542,nova lima,MG
8490,34018,-20.08483,-43.926492,nova lima,MG
8491,34300,-20.089133,-43.788986,rio acima,MG
8492,34400,-19.966179,-43.805409,raposos,MG
8493,34505,-19.889249,-43.808116,sabara,MG
8494,34515,-19.888477,-43.797271,sabara,MG
8495,34525,-19.896665,-43.808011,sabara,MG
8496,34535,-19.90274,-43.825128,sabara,MG
8497,34545,-19.892275,-43.835059,sabara,MG
8498,34555,-19.889946,-43.825941,sabara,MG
8499,34565,-19.880396,-43.830291,sabara,MG
8500,34575,-19.883415,-43.838316,sabara,MG
8501,34576,-19.858147,-43.861067,sabara,MG
8502,34580,-19.882643,-43.850238,sabara,MG
8503,34585,-19.884273,-43.853201,sabara,MG
8504,34590,-19.880956,-43.865134,sabara,MG
8505,34600,-19.862966,-43.860746,sabara,MG
8506,34650,-19.869396,-43.895157,sabara,MG
8507,34700,-19.878087,-43.896,sabara,MG
8508,34710,-19.880535,-43.903555,sabara,MG
8509,34720,-19.841898,-43.864581,sabara,MG
8510,34725,-19.862474,-43.845543,sabara,MG
8511,34730,-19.833367,-43.843105,sabara,MG
8512,34735,-19.833094,-43.862105,sabará,MG
8513,34740,-19.778798,-43.754002,ravena,MG
8514,34800,-19.885496,-43.665152,caete,MG
8515,34940,-19.957252,-43.6981,morro vermelho,MG
8516,34950,-19.759286,-43.633467,rocas novas,MG
8517,34990,-19.701948,-43.582961,nova uniao,MG
8518,35001,-18.855939,-41.948744,governador valadares,MG
8519,35010,-18.855638,-41.946584,governador valadares,MG
8520,35012,-18.857962,-41.956891,governador valadares,MG
8521,35020,-18.861401,-41.938933,governador valadares,MG
8522,35022,-18.842904,-41.911419,governador valadares,MG
8523,35023,-18.878008,-41.9695,governador valadares,MG
8524,35024,-18.84092,-41.915082,governador valadares,MG
8525,35030,-18.87013,-41.956064,governador valadares,MG
8526,35032,-18.867237,-41.960956,governador valadares,MG
8527,35039,-18.869752,-41.959701,governador valadares,MG
8528,35040,-18.897184,-41.979449,governador valadares,MG
8529,35041,-18.898927,-41.956889,governador valadares,MG
8530,35042,-18.898709,-41.950997,governador valadares,MG
8531,35043,-18.895449,-41.949187,governador valadares,MG
8532,35044,-18.885489,-41.947359,governador valadares,MG
8533,35045,-18.883046,-41.963779,governador valadares,MG
8534,35046,-18.889177,-41.968295,governador valadares,MG
8535,35047,-18.857709,-41.97316,governador valadares,MG
8536,35050,-18.877655,-41.967659,governador valadares,MG
8537,35051,-18.872557,-41.973361,governador valadares,MG
8538,35052,-18.859713,-41.972264,governador valadares,MG
8539,35053,-18.861453,-41.965968,governador valadares,MG
8540,35054,-18.845744,-41.975875,governador valadares,MG
8541,35055,-18.849952,-41.99191,governador valadares,MG
8542,35057,-18.843668,-41.958506,governador valadares,MG
8543,35058,-18.84525,-41.953351,governador valadares,MG
8544,35059,-18.842365,-41.953038,governador valadares,MG
8545,35060,-18.85401,-41.948867,governador valadares,MG
8546,35062,-18.837489,-41.963112,governador valadares,MG
8547,35063,-18.848882,-41.975985,governador valadares,MG
8548,35064,-18.841842,-41.932979,governador valadares,MG
8549,35065,-18.847372,-41.961137,governador valadares,MG
8550,35105,-18.871945,-41.963082,baguari,MG
8551,35108,-19.495459,-42.443546,goiabal,MG
8552,35109,-18.978562,-44.046792,chonim,MG
8553,35110,-18.58036,-41.919088,mathias lobato,MG
8554,35112,-18.557046,-41.90856,frei inocencio,MG
8555,35113,-18.441204,-41.499856,nova modica,MG
8556,35114,-18.356799,-41.596652,pescador,MG
8557,35115,-18.508035,-42.082316,marilac,MG
8558,35116,-20.115136,-42.813656,mesquita,MG
8559,35117,-19.225196,-42.329499,naque,MG
8560,35118,-19.358029,-42.296759,periquito,MG
8561,35120,-19.17088,-41.862114,itanhomi,MG
8562,35123,-19.071183,-41.863245,capitao andrade,MG
8563,35125,-18.984353,-41.646764,tumiritinga,MG
8564,35130,-19.192603,-42.042638,engenheiro caldas,MG
8565,35133,-19.05301,-42.022362,sao jose do acacio,MG
8566,35135,-19.153636,-42.079645,fernandes tourinho,MG
8567,35138,-18.978422,-41.979012,alpercata,MG
8568,35140,-19.285516,-42.003908,tarumirim,MG
8569,35143,-19.266117,-41.814269,sao vicente do rio doce,MG
8570,35145,-19.228044,-42.103709,sobralia,MG
8571,35146,-19.344801,-42.158628,sao joao do oriente,MG
8572,35147,-19.160929,-42.647687,acucena,MG
8573,35148,-19.378116,-42.108834,dom cavati,MG
8574,35150,-19.076274,-42.54788,acucena,MG
8575,35156,-19.14429,-42.229552,periquito,MG
8576,35157,-19.226629,-42.330911,naque,MG
8577,35160,-19.498595,-42.545674,ipatinga,MG
8578,35161,-19.440183,-42.56736,ipatinga,MG
8579,35162,-19.469049,-42.564138,ipatinga,MG
8580,35163,-19.441385,-42.560193,ipatinga,MG
8581,35164,-19.453517,-42.54402,ipatinga,MG
8582,35166,-19.225829,-42.614795,mesquita,MG
8583,35167,-19.393543,-42.546384,santana do paraiso,MG
8584,35168,-19.169042,-42.677893,joanesia,MG
8585,35170,-19.506742,-42.628498,coronel fabriciano,MG
8586,35171,-19.511487,-42.611459,coronel fabriciano,MG
8587,35172,-19.476416,-42.642259,coronel fabriciano,MG
8588,35177,-19.645826,-42.866416,antonio dias,MG
8589,35179,-18.911761,-43.870906,santana do paraiso,MG
8590,35180,-19.545908,-42.643408,timoteo,MG
8591,35181,-19.548143,-42.599943,timoteo,MG
8592,35182,-19.576407,-42.643525,timoteo,MG
8593,35183,-19.557347,-42.668762,timoteo,MG
8594,35184,-19.535094,-42.667788,timoteo,MG
8595,35185,-19.711092,-42.722368,marlieria,MG
8596,35188,-19.621929,-42.73997,jaguaracu,MG
8597,35189,-19.208697,-42.976415,braunas,MG
8598,35190,-19.437816,-42.213621,iapu,MG
8599,35192,-19.243884,-42.212996,sao sebastiao da barra,MG
8600,35193,-19.428695,-42.256885,bugre,MG
8601,35194,-19.175148,-42.679076,joanesia,MG
8602,35195,-19.236113,-42.478863,belo oriente,MG
8603,35196,-19.312586,-42.371051,perpetuo socorro,MG
8604,35197,-20.772468,-43.449226,sao sebastiao de braunas,MG
8605,35198,-19.416335,-42.409667,ipaba,MG
8606,35199,-19.60509,-42.29863,vargem alegre,MG
8607,35200,-19.501722,-41.07389,aimores,MG
8608,35202,-19.513282,-41.119643,conceicao do capim,MG
8609,35212,-19.666709,-41.252079,penha do capim,MG
8610,35215,-18.469274,-43.441301,são sebastião da vala,MG
8611,35220,-19.397317,-41.226646,itueta,MG
8612,35222,-19.413304,-41.247786,quatituba,MG
8613,35225,-19.361193,-41.384342,santa rita do itueto,MG
8614,35228,-17.424657,-40.562438,são josé do itueto,MG
8615,35230,-19.3241,-41.248164,resplendor,MG
8616,35232,-19.255386,-41.152229,calixto,MG
8617,35236,-20.007581,-44.041163,independencia,MG
8618,35238,-19.099163,-41.033805,campo alegre de minas,MG
8619,35240,-19.166119,-41.472417,conselheiro pena,MG
8620,35243,-19.068794,-41.530271,barra do cuiete,MG
8621,35245,-19.120201,-41.378267,aldeia,MG
8622,35246,-18.976456,-41.101074,cuparaque,MG
8623,35248,-18.982895,-41.223379,goiabeira,MG
8624,35249,-19.417502,-41.727675,alvarenga,MG
8625,35250,-18.999283,-41.539268,galileia,MG
8626,35255,-18.841226,-41.513854,sapucaia do norte,MG
8627,35258,-18.917455,-41.358323,sao geraldo do baixio,MG
8628,35260,-18.76448,-41.3037,central de minas,MG
8629,35263,-13.799986,-50.805436,floresta,MG
8630,35265,-18.883925,-41.523092,divino das laranjeiras,MG
8631,35267,-18.276242,-42.997849,central de santa helena,MG
8632,35270,-18.659951,-41.404304,mendes pimentel,MG
8633,35275,-18.591014,-41.488017,sao felix de minas,MG
8634,35277,-18.713599,-41.171398,sao joao do manteninha,MG
8635,35280,-18.564602,-41.236096,itabirinha,MG
8636,35285,-18.496551,-41.300369,boa uniao de itabirinha,MG
8637,35290,-18.777689,-40.983476,mantena,MG
8638,35295,-18.665435,-41.100477,barra do ariranha,MG
8639,35296,-18.580177,-41.145196,limeira de mantena,MG
8640,35298,-18.494467,-41.103182,nova belem,MG
8641,35300,-19.787388,-42.139145,caratinga,MG
8642,35301,-19.79468,-42.146009,caratinga,MG
8643,35302,-19.782244,-42.129695,caratinga,MG
8644,35303,-19.781321,-42.151975,caratinga,MG
8645,35304,-19.772621,-42.136374,caratinga,MG
8646,35305,-19.791031,-42.14472,caratinga,MG
8647,35311,-19.852156,-42.20717,sapucaia,MG
8648,35315,-19.701546,-43.424241,caratinga,MG
8649,35319,-20.089808,-43.859559,santa efigenia,MG
8650,35321,-20.241361,-42.03417,santo antonio do manhuacu,MG
8651,35322,-18.908387,-42.829791,sao joao do jacutinga,MG
8652,35323,-19.601639,-41.967795,imbe de minas,MG
8653,35324,-19.62487,-42.230438,entre folhas,MG
8654,35325,-19.760399,-42.075632,piedade de caratinga,MG
8655,35326,-19.873221,-42.132782,santa rita de minas,MG
8656,35328,-20.038164,-42.18967,santa barbara do leste,MG
8657,35330,-19.546043,-42.112503,inhapim,MG
8658,35334,-19.498073,-41.980936,sao sebastiao do anta,MG
8659,35335,-19.542597,-42.052453,sao domingos das dores,MG
8660,35338,-19.634606,-42.102886,ubaporanga,MG
8661,35340,-19.706761,-42.566344,bom jesus do galho,MG
8662,35345,-19.834638,-42.402772,corrego novo,MG
8663,35348,-19.727724,-42.411424,pingo-d'agua,MG
8664,35350,-20.093926,-42.439285,raul soares,MG
8665,35352,-20.081785,-42.34352,bicuiba,MG
8666,35354,-20.016644,-42.303504,vermelho velho,MG
8667,35355,-19.960533,-42.442479,sao vicente da estrela,MG
8668,35358,-19.929914,-42.198793,santana do tabuleiro,MG
8669,35359,-20.036744,-42.267208,vermelho novo,MG
8670,35360,-20.170568,-42.524557,sao pedro dos ferros,MG
8671,35362,-20.093409,-42.625692,aguas ferreas,MG
8672,35364,-20.520776,-42.330181,pedra bonita,MG
8673,35365,-20.292725,-42.47272,abre campo,MG
8674,35367,-20.295725,-42.344615,matipo,MG
8675,35368,-20.473706,-42.483123,sericita,MG
8676,35370,-20.221715,-42.649167,rio casca,MG
8677,35380,-20.35213,-42.746803,urucania,MG
8678,35382,-20.246132,-42.736214,piedade de ponte nova,MG
8679,35384,-20.237002,-42.813766,santa cruz do escalvado,MG
8680,35388,-20.31673,-42.608656,santo antonio do grama,MG
8681,35390,-20.458001,-42.658834,jequeri,MG
8682,35395,-20.409131,-42.555284,grota,MG
8683,35398,-20.509924,-42.526244,sao vicente do grama,MG
8684,35400,-20.390406,-43.505816,ouro preto,MG
8685,35406,-20.309998,-43.577924,sao bartolomeu,MG
8686,35407,-20.419688,-43.614545,rodrigo silva,MG
8687,35409,-20.413037,-43.641128,santa rita de ouro preto,MG
8688,35410,-20.338071,-43.682614,cachoeira do campo,MG
8689,35411,-20.292871,-43.480262,antonio pereira,MG
8690,35412,-20.31339,-43.699486,amarantina,MG
8691,35413,-20.318173,-43.939316,santo antonio do leite,MG
8692,35418,-20.470616,-43.516642,lavras novas,MG
8693,35420,-20.374938,-43.418189,mariana,MG
8694,35421,-20.393863,-43.446095,passagem de mariana,MG
8695,35423,-23.132896,-50.374805,bandeirantes,MG
8696,35424,-20.394763,-43.277929,cachoeira do brumado,MG
8697,35425,-20.345949,-43.297422,monsenhor horta,MG
8698,35426,-20.359104,-43.211505,furquim,MG
8699,35428,-20.19112,-43.510513,santa rita durao,MG
8700,35429,-20.213344,-43.199841,claudio manuel,MG
8701,35430,-20.410225,-42.89931,ponte nova,MG
8702,35431,-20.422131,-42.918597,ponte nova,MG
8703,35435,-20.462663,-42.904135,vau-acu,MG
8704,35436,-20.571777,-43.009627,guaraciaba,MG
8705,35437,-20.486339,-43.198575,diogo de vasconcelos,MG
8706,35438,-20.363171,-43.143691,acaiaca,MG
8707,35439,-20.431373,-42.803807,oratorios,MG
8708,35440,-20.163405,-42.968187,dom silverio,MG
8709,35441,-20.102222,-42.841217,sem peixe,MG
8710,35442,-20.244872,-42.897083,rio doce,MG
8711,35444,-20.508568,-42.801339,amparo da serra,MG
8712,35447,-20.283442,-43.039668,barra longa,MG
8713,35450,-20.252282,-43.8005,itabirito,MG
8714,35460,-20.139634,-44.176867,brumadinho,MG
8715,35464,-20.142774,-44.037378,brumadinho,MG
8716,35470,-20.331491,-44.051372,moeda,MG
8717,35473,-20.411094,-44.025436,belo vale,MG
8718,35475,-12.979554,-44.05292,santana do paraopeba,MG
8719,35476,-20.466802,-44.357247,piedade dos gerais,MG
8720,35478,-20.393561,-44.338332,crucilandia,MG
8721,35480,-20.330833,-44.03986,bonfim,MG
8722,35485,-20.421059,-44.440277,rio manso,MG
8723,35488,-20.3816,-44.442184,itaguara,MG
8724,35490,-20.670324,-44.066349,entre rios de minas,MG
8725,35494,-20.6586,-44.329987,desterro de entre rios,MG
8726,35495,-20.626144,-43.949808,sao bras do suacui,MG
8727,35498,-20.537686,-43.983093,jeceaba,MG
8728,35500,-20.140471,-44.883685,divinopolis,MG
8729,35501,-20.161916,-44.901602,divinopolis,MG
8730,35502,-20.13,-44.891061,divinopolis,MG
8731,35503,-20.150708,-44.875506,divinopolis,MG
8732,35504,-20.160353,-44.886387,divinopolis,MG
8733,35505,-20.09997,-44.972767,santo antonio dos campos,MG
8734,35506,-20.274836,-45.004981,sao sebastiao do oeste,MG
8735,35510,-20.187808,-44.770243,carmo do cajuru,MG
8736,35514,-20.385881,-44.481288,itaguara,MG
8737,35515,-19.952925,-45.083207,perdigao,MG
8738,35516,-19.983169,-44.857162,sao goncalo do para,MG
8739,35517,-18.842657,-43.247095,boa vista de minas,MG
8740,35519,-19.873623,-44.987052,nova serrana,MG
8741,35520,-20.395417,-44.338902,crucilandia,MG
8742,35521,-20.328024,-44.24059,bonfim,MG
8743,35525,-20.267741,-44.307696,rio manso,MG
8744,35526,-20.469,-44.223088,piedade dos gerais,MG
8745,35530,-20.438749,-44.76411,claudio,MG
8746,35532,-20.367749,-44.687161,monsenhor joao alexandre,MG
8747,35534,-20.539637,-44.636381,carmopolis de minas,MG
8748,35536,-20.509936,-44.476228,piracema,MG
8749,35537,-20.651995,-44.492462,passa tempo,MG
8750,35540,-20.698539,-44.826748,oliveira,MG
8751,35541,-20.768193,-44.578792,morro do ferro,MG
8752,35543,-20.410377,-44.977785,sao francisco de paula,MG
8753,35544,-19.985197,-44.854185,sao goncalo do para,MG
8754,35545,-19.987272,-45.056762,perdigao,MG
8755,35547,-20.559684,-44.869202,carmo da mata,MG
8756,35550,-20.469287,-45.123459,itapecerica,MG
8757,35551,-20.472854,-45.054076,lamounier,MG
8758,35552,-20.432254,-45.130922,neolandia,MG
8759,35555,-20.626884,-45.155725,camacho,MG
8760,35557,-20.292881,-44.838095,carmo do cajuru,MG
8761,35558,-20.251465,-43.787706,sao jose dos salgados,MG
8762,35560,-20.087471,-45.288616,santo antonio do monte,MG
8763,35565,-20.259063,-45.20981,pedra do indaia,MG
8764,35567,-18.477757,-43.684501,sao sebastiao do oeste,MG
8765,35568,-20.44818,-45.557144,corrego fundo,MG
8766,35570,-20.462288,-45.433426,formiga,MG
8767,35578,-20.449847,-45.553592,corrego fundo,MG
8768,35580,-20.1405,-45.506277,japaraiba,MG
8769,35582,-20.370472,-45.663628,pains,MG
8770,35585,-20.481483,-45.803217,pimenta,MG
8771,35588,-20.288002,-45.541376,arcos,MG
8772,35590,-20.024339,-45.537111,lagoa da prata,MG
8773,35593,-28.467526,-52.820346,martins guimaraes,MG
8774,35595,-19.794342,-45.682019,luz,MG
8775,35596,-19.924807,-45.702716,esteios,MG
8776,35600,-19.74014,-45.258611,bom despacho,MG
8777,35602,-19.573864,-45.304802,engenho do ribeiro,MG
8778,35603,-19.944315,-45.166275,araujos,MG
8779,35604,-19.842307,-45.412284,moema,MG
8780,35606,-19.340656,-45.225511,martinho campos,MG
8781,35607,-19.461223,-45.052756,ibitira,MG
8782,35608,-19.692468,-45.135662,alberto isaacson,MG
8783,35610,-19.466518,-45.600313,dores do indaia,MG
8784,35613,-19.532003,-45.787813,estrela do indaia,MG
8785,35617,-19.440509,-45.793752,serra da saudade,MG
8786,35620,-19.158364,-45.446897,abaete,MG
8787,35621,-18.781845,-45.505076,biquinhas,MG
8788,35622,-18.904435,-45.533817,paineiras,MG
8789,35623,-18.877926,-45.41273,pocoes de paineiras,MG
8790,35624,-19.147111,-45.71454,cedro do abaete,MG
8791,35625,-19.271303,-45.555261,quartel geral,MG
8792,35628,-18.605714,-45.352791,morada nova de minas,MG
8793,35640,-19.224084,-45.000091,pompeu,MG
8794,35650,-19.684058,-44.891769,pitangui,MG
8795,35655,-19.734882,-44.807615,onca de pitangui,MG
8796,35657,-19.717602,-45.024838,leandro ferreira,MG
8797,35660,-19.853807,-44.608966,para de minas,MG
8798,35661,-19.869998,-44.593059,para de minas,MG
8799,35662,-19.88149,-44.742779,para de minas,MG
8800,35663,-19.827216,-44.577545,para de minas,MG
8801,35665,-19.880812,-44.743807,torneiros,MG
8802,35666,-19.515363,-44.676927,maravilhas,MG
8803,35667,-19.630407,-44.660619,pequi,MG
8804,35668,-19.750342,-44.897056,conceicao do para,MG
8805,35669,-19.446783,-44.746872,papagaios,MG
8806,35670,-19.991649,-44.428983,mateus leme,MG
8807,35672,-20.007394,-44.471838,azurita,MG
8808,35674,-20.094176,-44.433648,serra azul,MG
8809,35675,-19.959621,-44.337954,juatuba,MG
8810,35680,-20.078156,-44.576153,itauna,MG
8811,35681,-20.080203,-44.595435,itauna,MG
8812,35685,-20.199294,-44.426921,itatiaiucu,MG
8813,35688,-20.22824,-44.400777,santa terezinha de minas,MG
8814,35690,-19.889938,-44.431139,florestal,MG
8815,35694,-19.786939,-44.444836,sao jose da varginha,MG
8816,35695,-19.95485,-44.707963,igaratinga,MG
8817,35698,-19.919079,-44.700123,antunes,MG
8818,35700,-19.458111,-44.248128,sete lagoas,MG
8819,35701,-19.458434,-44.230747,sete lagoas,MG
8820,35702,-19.44601,-44.229331,sete lagoas,MG
8821,35703,-19.433525,-44.203874,sete lagoas,MG
8822,35706,-19.288796,-43.953614,baldim,MG
8823,35707,-19.325264,-43.934706,sao vicente,MG
8824,35709,-19.387426,-44.056023,funilandia,MG
8825,35710,-19.493733,-44.386808,inhauma,MG
8826,35715,-19.47727,-44.158009,prudente de morais,MG
8827,35720,-19.561395,-44.075122,matozinhos,MG
8828,35725,-19.541638,-44.030415,mocambeiro,MG
8829,35730,-19.547221,-44.131406,capim branco,MG
8830,35732,-19.367805,-43.961129,baldim,MG
8831,35733,-20.363171,-44.442731,são vicente,MG
8832,35736,-19.357877,-44.070639,funilandia,MG
8833,35738,-19.478494,-44.158173,prudente de morais,MG
8834,35740,-19.783149,-44.254705,esmeraldas,MG
8835,35750,-19.697918,-44.176758,melo viana,MG
8836,35760,-19.569172,-44.449693,fortuna de minas,MG
8837,35763,-19.492447,-44.388531,inhauma,MG
8838,35765,-19.524745,-44.450654,cachoeira da prata,MG
8839,35767,-19.231943,-44.02361,jequitiba,MG
8840,35770,-19.304097,-44.409442,caetanopolis,MG
8841,35774,-19.278741,-44.400937,paraopeba,MG
8842,35777,-19.201411,-44.247249,aracai,MG
8843,35780,-19.127247,-44.320078,cordisburgo,MG
8844,35785,-19.219051,-44.158221,santana de pirapama,MG
8845,35790,-18.762328,-44.432826,curvelo,MG
8846,35791,-18.806533,-44.154015,santa rita do cedro,MG
8847,35793,-19.140459,-44.656344,anguereta,MG
8848,35794,-18.75685,-44.899508,felixlandia,MG
8849,35796,-18.729288,-44.361343,inimutaba,MG
8850,35798,-18.543771,-44.603337,morro da garca,MG
8851,35800,-19.247721,-42.966503,ferros,MG
8852,35804,-19.33056,-42.87806,esmeraldas de ferros,MG
8853,35810,-19.352513,-43.140593,passabem,MG
8854,35815,-19.292562,-43.175065,sao sebastiao do rio preto,MG
8855,35820,-19.416584,-43.321725,itambe do mato dentro,MG
8856,35830,-19.50429,-43.769904,jaboticatubas,MG
8857,35845,-19.656128,-44.049076,santana do riacho,MG
8858,35850,-18.813848,-43.675929,congonhas do norte,MG
8859,35860,-19.029919,-43.427967,conceicao do mato dentro,MG
8860,35863,-18.807586,-43.512086,santo antonio do norte,MG
8861,35865,-18.95865,-43.255286,dom joaquim,MG
8862,35868,-18.808202,-43.23471,gororos,MG
8863,35875,-19.219198,-43.382009,morro do pilar,MG
8864,35878,-19.086351,-43.140393,carmesia,MG
8865,35880,-19.228269,-43.25345,santo antonio do rio abaixo,MG
8866,35894,-19.055248,-42.926259,dores de guanhaes,MG
8867,35900,-19.630952,-43.222337,itabira,MG
8868,35901,-19.655492,-43.234143,itabira,MG
8869,35902,-19.651608,-43.205841,itabira,MG
8870,35903,-19.657001,-43.222416,itabira,MG
8871,35904,-19.594472,-43.19818,itabira,MG
8872,35905,-19.620493,-43.434967,ipoema,MG
8873,35907,-19.510484,-43.367349,senhora do carmo,MG
8874,35908,-19.707708,-43.47525,bom jesus do amparo,MG
8875,35910,-19.42825,-43.448379,santa maria de itabira,MG
8876,35920,-19.764988,-43.029864,nova era,MG
8877,35930,-19.81476,-43.1701,joao monlevade,MG
8878,35931,-19.836367,-43.179194,joao monlevade,MG
8879,35932,-19.850208,-43.176996,joao monlevade,MG
8880,35935,-19.796186,-43.491632,sao goncalo do rio abaixo,MG
8881,35938,-19.827974,-43.090555,bela vista de minas,MG
8882,35940,-19.928869,-43.163467,rio piracicaba,MG
8883,35950,-20.108847,-43.061528,alvinopolis,MG
8884,35955,-20.161593,-43.300653,fonseca,MG
8885,35960,-19.961941,-43.410615,santa barbara,MG
8886,35963,-19.963798,-43.458102,barra feliz,MG
8887,35969,-20.075812,-43.407345,catas altas,MG
8888,35970,-19.935258,-43.480814,barao de cocais,MG
8889,35975,-19.85989,-43.450534,cocais,MG
8890,35984,-19.838328,-42.765763,dionisio,MG
8891,35986,-19.925454,-42.708957,sao jose do goiabal,MG
8892,35995,-19.871122,-42.963195,sao domingos do prata,MG
8893,36010,-21.7644,-43.345812,juiz de fora,MG
8894,36011,-21.762869,-43.343235,juiz de fora,MG
8895,36013,-21.757938,-43.349923,juiz de fora,MG
8896,36015,-21.757258,-43.354188,juiz de fora,MG
8897,36016,-21.768045,-43.353444,juiz de fora,MG
8898,36020,-21.77157,-43.333505,juiz de fora,MG
8899,36021,-21.775219,-43.340724,juiz de fora,MG
8900,36025,-21.775255,-43.354034,juiz de fora,MG
8901,36026,-21.779046,-43.348884,juiz de fora,MG
8902,36030,-21.789498,-43.345279,juiz de fora,MG
8903,36031,-21.796845,-43.347682,juiz de fora,MG
8904,36032,-21.799207,-43.357623,juiz de fora,MG
8905,36033,-21.788011,-43.364279,juiz de fora,MG
8906,36035,-21.751133,-43.365606,juiz de fora,MG
8907,36036,-21.760958,-43.367499,juiz de fora,MG
8908,36037,-21.771938,-43.383002,juiz de fora,MG
8909,36038,-21.784349,-43.383209,juiz de fora,MG
8910,36039,-21.793245,-43.398552,juiz de fora,MG
8911,36045,-21.741527,-43.359353,juiz de fora,MG
8912,36046,-21.731953,-43.359371,juiz de fora,MG
8913,36047,-21.719297,-43.354592,juiz de fora,MG
8914,36048,-21.689006,-43.342122,juiz de fora,MG
8915,36050,-21.734455,-43.348687,juiz de fora,MG
8916,36051,-21.737713,-43.344413,juiz de fora,MG
8917,36052,-21.746979,-43.346134,juiz de fora,MG
8918,36060,-21.741689,-43.335592,juiz de fora,MG
8919,36061,-21.750656,-43.332692,juiz de fora,MG
8920,36062,-21.756313,-43.338112,juiz de fora,MG
8921,36070,-21.765967,-43.330402,juiz de fora,MG
8922,36071,-21.772902,-43.316193,juiz de fora,MG
8923,36072,-21.76968,-43.296128,juiz de fora,MG
8924,36073,-21.790212,-43.306142,juiz de fora,MG
8925,36080,-21.742392,-43.374067,juiz de fora,MG
8926,36081,-21.740526,-43.388281,juiz de fora,MG
8927,36083,-21.736989,-43.401793,juiz de fora,MG
8928,36084,-21.742571,-43.410927,juiz de fora,MG
8929,36085,-21.715489,-43.40574,juiz de fora,MG
8930,36087,-21.706554,-43.426005,juiz de fora,MG
8931,36088,-21.711812,-43.436775,juiz de fora,MG
8932,36090,-21.692679,-43.432933,juiz de fora,MG
8933,36091,-21.703812,-43.469927,juiz de fora,MG
8934,36092,-21.666335,-43.433427,juiz de fora,MG
8935,36094,-21.582146,-43.486734,juiz de fora,MG
8936,36104,-21.829142,-43.188144,sarandira,MG
8937,36106,-21.714028,-43.608445,rosario de minas,MG
8938,36108,-21.55107,-43.512101,ewbank da camara,MG
8939,36110,-21.675439,-43.220117,chacara,MG
8940,36120,-21.870059,-43.319245,matias barbosa,MG
8941,36123,-21.963452,-43.314453,simao pereira,MG
8942,36126,-21.949206,-43.41388,belmiro braga,MG
8943,36130,-22.08568,-43.8267,rio preto,MG
8944,36132,-21.957809,-43.703597,santa barbara do monte verde,MG
8945,36135,-22.149034,-44.094409,santa rita de jacutinga,MG
8946,36140,-21.841732,-43.80352,lima duarte,MG
8947,36144,-16.975563,-41.429956,conceicao da ibitipoca,MG
8948,36145,-21.860843,-43.935408,olaria,MG
8949,36146,-21.608747,-44.089569,santana do garambeu,MG
8950,36148,-21.706196,-43.745021,pedro teixeira,MG
8951,36150,-21.475604,-43.126594,rio novo,MG
8952,36152,-21.536423,-43.200952,goiana,MG
8953,36155,-21.593699,-43.273746,coronel pacheco,MG
8954,36157,-21.506684,-43.320144,piau,MG
8955,36160,-21.357535,-43.048152,guarani,MG
8956,36165,-21.360106,-43.247793,tabuleiro,MG
8957,36170,-21.272855,-43.028266,pirauba,MG
8958,36180,-21.271568,-43.178922,rio pomba,MG
8959,36185,-21.160417,-43.216272,silveirania,MG
8960,36190,-21.197209,-43.342599,merces,MG
8961,36195,-21.290249,-43.417578,paiva,MG
8962,36200,-21.227676,-43.772254,barbacena,MG
8963,36201,-21.225637,-43.789039,barbacena,MG
8964,36202,-21.210381,-43.779063,barbacena,MG
8965,36204,-21.208455,-43.759178,barbacena,MG
8966,36205,-21.222215,-43.755707,barbacena,MG
8967,36206,-21.262969,-43.674726,costas da mantiqueira,MG
8968,36207,-21.19544,-43.652307,senhora das dores,MG
8969,36208,-21.300341,-43.628236,correia de almeida,MG
8970,36210,-21.148927,-43.513641,desterro do melo,MG
8971,36212,-21.191248,-43.974961,barroso,MG
8972,36213,-21.109888,-44.023142,dores de campos,MG
8973,36215,-21.244647,-43.559369,santa barbara do tugurio,MG
8974,36220,-21.322407,-43.752122,antonio carlos,MG
8975,36225,-21.433524,-43.962985,ibertioga,MG
8976,36227,-21.469403,-44.194226,piedade do rio grande,MG
8977,36230,-21.607145,-43.757133,bias fortes,MG
8978,36235,-21.562744,-43.916019,santa rita do ibitipoca,MG
8979,36240,-21.459887,-43.552488,santos dumont,MG
8980,36243,-21.515056,-43.618048,dores do paraibuna,MG
8981,36245,-23.405413,-46.455047,sao joao da serra,MG
8982,36250,-21.339466,-43.458809,oliveira fortes,MG
8983,36255,-21.340995,-43.377637,aracitaba,MG
8984,36260,-21.023139,-43.412729,alto rio doce,MG
8985,36263,-18.977746,-48.269238,abreus,MG
8986,36264,-19.638548,-43.759652,vitorinos,MG
8987,36265,-20.905667,-43.36481,cipotanea,MG
8988,36270,-21.06292,-43.762957,ressaquinha,MG
8989,36272,-21.149444,-43.767193,alfredo vasconcelos,MG
8990,36275,-21.030073,-43.583302,senhora dos remedios,MG
8991,36280,-20.950087,-43.803783,carandai,MG
8992,36290,-20.925344,-43.620568,capela nova,MG
8993,36300,-21.134738,-44.26238,sao joao del rei,MG
8994,36301,-21.123243,-44.250299,sao joao del rei,MG
8995,36302,-21.105564,-44.228596,sao joao del rei,MG
8996,36303,-21.109024,-44.233331,sao joao del rei,MG
8997,36305,-21.13135,-44.236941,sao joao del rei,MG
8998,36307,-21.139132,-44.256622,sao joao del rei,MG
8999,36309,-21.14574,-44.27692,sao joao del rei,MG
9000,36315,-21.225802,-44.324589,rio das mortes,MG
9001,36316,-21.243836,-44.412185,sao sebastiao da vitoria,MG
9002,36318,-21.305707,-44.315464,sao joao del rei,MG
9003,36320,-21.059052,-44.084489,prados,MG
9004,36325,-21.110126,-44.174229,tiradentes,MG
9005,36328,-21.136997,-44.203358,santa cruz de minas,MG
9006,36330,-21.024169,-44.222404,coronel xavier chaves,MG
9007,36335,-21.026098,-44.323586,ritapolis,MG
9008,36340,-20.918972,-44.239405,resende costa,MG
9009,36345,-20.918837,-44.068391,lagoa dourada,MG
9010,36350,-20.913945,-44.5119,sao tiago,MG
9011,36352,-21.063429,-44.422471,merces de agua limpa,MG
9012,36360,-21.129349,-44.47607,conceicao da barra de minas,MG
9013,36370,-21.218518,-44.615947,nazareno,MG
9014,36390,-21.297844,-44.657712,itutinga,MG
9015,36400,-20.655379,-43.776331,conselheiro lafaiete,MG
9016,36401,-20.657543,-43.776084,conselheiro lafaiete,MG
9017,36402,-20.663216,-43.775831,conselheiro lafaiete,MG
9018,36404,-20.673709,-43.777495,conselheiro lafaiete,MG
9019,36405,-20.676224,-43.788077,conselheiro lafaiete,MG
9020,36406,-20.670898,-43.797348,conselheiro lafaiete,MG
9021,36407,-20.659212,-43.806927,conselheiro lafaiete,MG
9022,36408,-20.653491,-43.797979,conselheiro lafaiete,MG
9023,36415,-20.510858,-43.8624,congonhas,MG
9024,36417,-20.562229,-43.856807,alto maranhao,MG
9025,36419,-20.521406,-43.801376,congonhas,MG
9026,36420,-20.520432,-43.704761,ouro branco,MG
9027,36422,-20.793564,-43.931635,casa grande,MG
9028,36424,-20.743764,-43.880644,queluzito,MG
9029,36426,-20.827395,-43.80914,cristiano otoni,MG
9030,36428,-20.873907,-43.737531,caranaiba,MG
9031,36430,-20.787673,-43.68589,santana dos montes,MG
9032,36440,-20.678128,-43.60969,itaverava,MG
9033,36450,-20.691351,-43.498188,catas altas da noruega,MG
9034,36455,-20.788029,-43.473403,lamim,MG
9035,36460,-20.856316,-43.482657,rio espera,MG
9036,36465,-20.840978,-43.548536,rio melo,MG
9037,36470,-20.795663,-43.345444,senhora de oliveira,MG
9038,36475,-20.769223,-43.183118,presidente bernardes,MG
9039,36480,-20.672972,-43.298615,piranga,MG
9040,36485,-20.608124,-43.332793,santo antonio do pirapetinga,MG
9041,36490,-20.626791,-43.286658,pinheiros altos,MG
9042,36500,-21.117601,-42.943284,uba,MG
9043,36501,-21.022795,-43.024773,uba,MG
9044,36502,-21.125044,-42.927173,uba,MG
9045,36503,-21.118768,-42.91947,uba,MG
9046,36504,-21.113687,-42.937331,uba,MG
9047,36505,-21.108294,-42.94764,uba,MG
9048,36506,-21.111341,-42.958742,uba,MG
9049,36507,-21.115882,-42.956732,uba,MG
9050,36510,-21.200521,-42.865654,rodeiro,MG
9051,36512,-21.172824,-43.021824,tocantins,MG
9052,36513,-20.976164,-43.188999,dores do turvo,MG
9053,36515,-21.151044,-42.797924,guidoval,MG
9054,36520,-21.009867,-42.837967,visconde do rio branco,MG
9055,36525,-21.004668,-42.719463,guiricema,MG
9056,36530,-20.92358,-42.833265,sao geraldo,MG
9057,36532,-20.91576,-42.836931,sao geraldo,MG
9058,36540,-20.913834,-43.101291,senador firmino,MG
9059,36542,-20.854304,-43.242622,bras pires,MG
9060,36544,-20.873245,-42.981025,paula candido,MG
9061,36546,-20.989466,-43.005056,divinesia,MG
9062,36550,-20.858309,-42.801635,coimbra,MG
9063,36555,-20.840436,-42.655352,ervalia,MG
9064,36560,-20.789165,-42.795498,cajuri,MG
9065,36568,-20.616474,-43.149732,porto firme,MG
9066,36570,-20.754545,-42.87787,vicosa,MG
9067,36572,-20.760034,-42.885604,vicosa,MG
9068,36574,-20.812972,-42.925334,vicosa,MG
9069,36576,-20.702669,-42.98679,porto firme,MG
9070,36580,-20.653693,-42.855411,teixeiras,MG
9071,36585,-20.596465,-42.716424,pedra do anta,MG
9072,36590,-20.712159,-42.718148,sao miguel do anta,MG
9073,36592,-20.687211,-42.620268,canaa,MG
9074,36594,-20.667114,-42.520806,araponga,MG
9075,36600,-21.719207,-43.065615,bicas,MG
9076,36604,-21.624179,-43.017639,rochedo de minas,MG
9077,36606,-21.728991,-43.041787,guarara,MG
9078,36608,-21.696933,-42.961173,maripa de minas,MG
9079,36610,-21.839658,-43.121909,pequeri,MG
9080,36620,-21.950147,-43.166803,santana do deserto,MG
9081,36630,-22.05702,-43.090084,chiador,MG
9082,36640,-21.865801,-43.00875,mar de espanha,MG
9083,36649,-21.865659,-42.998749,mar de espanha,MG
9084,36650,-21.804296,-42.945877,senador cortes,MG
9085,36660,-21.872567,-42.69446,alem paraiba,MG
9086,36664,-21.868314,-42.69874,angustura,MG
9087,36666,-21.841518,-42.619433,alem paraiba,MG
9088,36670,-21.355222,-43.03375,santo antonio do aventureiro,MG
9089,36675,-21.227571,-42.826825,sao domingos,MG
9090,36680,-21.537858,-43.011476,sao joao nepomuceno,MG
9091,36688,-30.005202,-51.190992,sao joao nepomuceno,MG
9092,36690,-21.460288,-42.963798,descoberto,MG
9093,36700,-21.529913,-42.640829,leopoldina,MG
9094,36702,-21.552094,-42.685025,tebas,MG
9095,36707,-19.821904,-44.009953,ribeiro junqueira,MG
9096,36708,-20.676797,-43.351605,piacatuba,MG
9097,36710,-21.613512,-42.836837,argirita,MG
9098,36720,-21.772598,-42.537015,volta grande,MG
9099,36725,-21.743247,-42.460684,estrela dalva,MG
9100,36730,-21.66154,-42.349315,pirapetinga,MG
9101,36740,-21.523972,-42.465711,recreio,MG
9102,36750,-21.375883,-42.315724,palma,MG
9103,36753,-21.440712,-42.360001,cisneiros,MG
9104,36756,-21.923455,-46.392846,itapirucu,MG
9105,36760,-21.359922,-42.475113,laranjal,MG
9106,36770,-21.387488,-42.690077,cataguases,MG
9107,36771,-21.411394,-42.678899,cataguases,MG
9108,36772,-21.397578,-42.700753,cataguases,MG
9109,36773,-21.383044,-42.704141,cataguases,MG
9110,36774,-21.377548,-42.690001,cataguases,MG
9111,36777,-21.2816,-43.689003,sereno,MG
9112,36778,-18.957459,-49.449254,vista alegre,MG
9113,36779,-21.294357,-42.728765,cataguarino,MG
9114,36780,-21.314239,-42.864371,astolfo dutra,MG
9115,36784,-21.316679,-42.813553,dona euzebia,MG
9116,36787,-21.344652,-42.831871,sao manoel do guaiacu,MG
9117,36788,-21.416441,-42.816418,itamarati de minas,MG
9118,36790,-21.192953,-42.614524,mirai,MG
9119,36793,-20.876075,-42.555301,sao sebastiao da vargem alegre,MG
9120,36795,-21.287746,-42.555167,santana de cataguases,MG
9121,36800,-20.732404,-42.02985,carangola,MG
9122,36803,-19.888967,-45.149237,alvorada,MG
9123,36805,-20.700898,-42.215782,ponte alta de minas,MG
9124,36810,-20.784781,-42.525145,sao francisco do gloria,MG
9125,36815,-20.725281,-42.307428,fervedouro,MG
9126,36820,-20.609611,-42.146529,divino,MG
9127,36828,-20.50626,-42.205788,orizania,MG
9128,36830,-20.647546,-41.909101,espera feliz,MG
9129,36832,-20.697899,-41.922451,caiana,MG
9130,36834,-20.523925,-41.906308,caparao,MG
9131,36840,-20.805672,-42.012381,faria lemos,MG
9132,36844,-20.910684,-42.038051,tombos,MG
9133,36846,-20.033951,-44.140308,catune,MG
9134,36847,-20.831916,-42.155865,pedra dourada,MG
9135,36850,-21.016353,-42.114402,antonio prado de minas,MG
9136,36855,-21.097922,-42.184047,eugenopolis,MG
9137,36860,-21.15218,-42.212033,patrocinio do muriae,MG
9138,36870,-21.242845,-42.235712,barao de monte alto,MG
9139,36873,-23.543365,-46.889442,silveira carvalho,MG
9140,36876,-21.237017,-42.306857,cachoeira alegre,MG
9141,36878,-20.979623,-42.509636,rosario da limeira,MG
9142,36880,-21.130096,-42.368541,muriae,MG
9143,36881,-21.136713,-42.360026,muriae,MG
9144,36883,-21.138819,-42.373488,muriae,MG
9145,36884,-21.130416,-42.380974,muriae,MG
9146,36886,-21.136388,-42.399283,muriae,MG
9147,36887,-21.128014,-42.397348,muriae,MG
9148,36888,-21.125393,-42.385945,muriae,MG
9149,36889,-21.129336,-42.356768,muriae,MG
9150,36891,-21.581898,-42.741376,macuco,MG
9151,36892,-19.955069,-43.943872,vermelho,MG
9152,36893,-20.890742,-42.344282,miradouro,MG
9153,36895,-20.8649,-42.2449,vieiras,MG
9154,36900,-20.252989,-42.04081,manhuacu,MG
9155,36905,-20.236624,-42.14535,realeza,MG
9156,36906,-20.190958,-42.187161,sao pedro do avai,MG
9157,36908,-20.097462,-42.160608,sao sebastiao do sacramento,MG
9158,36910,-20.383071,-42.251768,santa margarida,MG
9159,36913,-20.384476,-42.251119,santa margarida,MG
9160,36915,-15.33267,-40.267541,ribeirao de sao domingos,MG
9161,36918,-20.39237,-42.152138,sao joao do manhuacu,MG
9162,36920,-20.244462,-41.983287,reduto,MG
9163,36923,-20.439751,-42.103438,luisburgo,MG
9164,36925,-20.172712,-42.270837,caputira,MG
9165,36930,-20.116453,-42.002446,simonesia,MG
9166,36935,-19.923198,-41.921171,alegria,MG
9167,36940,-20.097269,-41.92199,santana do manhuacu,MG
9168,36947,-19.933002,-41.693445,conceicao de ipanema,MG
9169,36950,-19.800131,-41.715501,ipanema,MG
9170,36953,-19.763488,-41.613997,taparuba,MG
9171,36955,-19.828787,-41.437597,mutum,MG
9172,36958,-19.892641,-41.369244,roseiral,MG
9173,36960,-19.618396,-41.630057,pocrane,MG
9174,36970,-20.356789,-41.956771,manhumirim,MG
9175,36972,-20.257699,-41.875051,martins soares,MG
9176,36974,-20.200383,-41.80053,durande,MG
9177,36976,-20.42676,-41.964122,alto jequitiba,MG
9178,36979,-20.443545,-41.869957,alto caparao,MG
9179,36980,-20.147113,-41.616207,lajinha,MG
9180,36985,-20.044423,-41.691884,chale,MG
9181,36990,-20.006938,-41.748664,sao jose do mantimento,MG
9182,37002,-21.555179,-45.437173,varginha,MG
9183,37004,-21.560459,-45.431777,varginha,MG
9184,37006,-21.565774,-45.438659,varginha,MG
9185,37007,-21.037931,-45.000859,varginha,MG
9186,37010,-21.558982,-45.445962,varginha,MG
9187,37011,-21.58145,-45.433789,varginha,MG
9188,37012,-21.567528,-45.448991,varginha,MG
9189,37014,-21.550328,-45.446382,varginha,MG
9190,37018,-21.548243,-45.437398,varginha,MG
9191,37022,-21.599974,-45.428528,varginha,MG
9192,37026,-21.573204,-45.441221,varginha,MG
9193,37030,-21.543293,-45.449801,varginha,MG
9194,37031,-21.557832,-45.46191,varginha,MG
9195,37034,-21.545259,-45.455746,varginha,MG
9196,37036,-21.531908,-45.453336,varginha,MG
9197,37038,-21.538614,-45.446587,varginha,MG
9198,37044,-21.557797,-45.422503,varginha,MG
9199,37045,-21.555867,-45.41721,varginha,MG
9200,37048,-21.570276,-45.418745,varginha,MG
9201,37056,-21.574296,-45.423596,varginha,MG
9202,37060,-21.581485,-45.421298,varginha,MG
9203,37062,-21.585527,-45.440252,varginha,MG
9204,37064,-21.587499,-45.432126,varginha,MG
9205,37066,-21.59838,-45.430924,varginha,MG
9206,37068,-21.583358,-45.436147,varginha,MG
9207,37070,-21.592161,-45.447107,varginha,MG
9208,37072,-21.590374,-45.452448,varginha,MG
9209,37074,-21.59037,-45.447447,varginha,MG
9210,37077,-21.581695,-45.454607,varginha,MG
9211,37110,-21.608421,-45.56598,eloi mendes,MG
9212,37115,-21.325258,-46.368038,monte belo,MG
9213,37120,-21.550267,-45.734948,paraguacu,MG
9214,37130,-21.426819,-45.946522,alfenas,MG
9215,37131,-21.436109,-45.942754,alfenas,MG
9216,37132,-21.437832,-45.952208,alfenas,MG
9217,37133,-21.428726,-45.966602,alfenas,MG
9218,37134,-21.508799,-46.198246,divisa nova,MG
9219,37135,-21.422139,-45.964502,alfenas,MG
9220,37136,-21.419428,-45.9627,alfenas,MG
9221,37137,-21.410727,-45.948675,alfenas,MG
9222,37138,-21.409021,-45.829367,fama,MG
9223,37140,-21.358892,-46.144548,areado,MG
9224,37142,-21.509945,-46.195571,divisa nova,MG
9225,37143,-21.530008,-46.127172,serrania,MG
9226,37144,-21.294129,-45.561929,fama,MG
9227,37145,-21.256544,-46.145387,alterosa,MG
9228,37147,-20.426133,-44.923256,divino espirito santo,MG
9229,37148,-21.096507,-46.204709,conceicao da aparecida,MG
9230,37150,-20.971414,-46.121663,carmo do rio claro,MG
9231,37160,-21.237009,-45.760021,campos gerais,MG
9232,37163,-21.371841,-45.775703,corrego do ouro,MG
9233,37165,-21.109665,-45.829469,campo do meio,MG
9234,37170,-21.095667,-45.560762,boa esperanca,MG
9235,37175,-20.940712,-45.827195,ilicinea,MG
9236,37177,-20.761754,-45.926525,guape,MG
9237,37190,-21.370484,-45.512932,tres pontas,MG
9238,37195,-21.250681,-45.505983,santana da vargem,MG
9239,37200,-21.244906,-44.998902,lavras,MG
9240,37205,-21.175418,-44.927725,ijaci,MG
9241,37210,-21.317439,-44.869979,itumirim,MG
9242,37212,-21.018757,-44.607785,macuco de minas,MG
9243,37215,-21.40247,-44.920812,ingai,MG
9244,37218,-20.694637,-45.201128,ijaci,MG
9245,37220,-21.033055,-44.756981,bom sucesso,MG
9246,37223,-21.154414,-44.753823,ibituruna,MG
9247,37225,-21.461189,-45.220694,carmo da cachoeira,MG
9248,37235,-21.189749,-45.439371,coqueiral,MG
9249,37240,-21.511637,-44.903212,luminarias,MG
9250,37245,-21.489064,-44.642331,carrancas,MG
9251,37250,-21.236397,-45.236488,nepomuceno,MG
9252,37260,-21.096213,-45.088095,perdoes,MG
9253,37262,-20.899756,-44.893173,santo antonio do amparo,MG
9254,37264,-21.185651,-45.059892,ribeirao vermelho,MG
9255,37267,-21.020265,-45.182479,cana verde,MG
9256,37270,-20.893531,-45.275723,campo belo,MG
9257,37273,-20.942183,-45.387432,aguanil,MG
9258,37275,-20.874939,-45.515883,cristais,MG
9259,37278,-20.938518,-45.145201,santana do jacare,MG
9260,37280,-20.770727,-45.274541,candeias,MG
9261,37300,-21.739643,-44.309764,andrelandia,MG
9262,37305,-21.483224,-44.331569,madre de deus de minas,MG
9263,37310,-21.948659,-44.185647,bom jardim de minas,MG
9264,37315,-21.987068,-44.032598,tabuao,MG
9265,37330,-22.208222,-44.234636,passa vinte,MG
9266,37340,-22.177723,-44.427054,bocaina de minas,MG
9267,37350,-22.026418,-44.319923,liberdade,MG
9268,37360,-21.915095,-44.254005,arantina,MG
9269,37370,-21.701758,-44.444566,sao vicente de minas,MG
9270,37400,-21.834693,-45.401856,campanha,MG
9271,37405,-21.756808,-45.541906,monsenhor paulo,MG
9272,37407,-21.584879,-45.071423,sao bento abade,MG
9273,37408,-21.722296,-44.983544,sao thome das letras,MG
9274,37410,-21.693233,-45.259366,tres coracoes,MG
9275,37411,-21.695053,-45.258793,tres coracoes,MG
9276,37412,-21.678667,-45.252943,tres coracoes,MG
9277,37413,-21.687516,-45.237144,três corações,MG
9278,37414,-21.698348,-45.2527,tres coracoes,MG
9279,37415,-21.706707,-45.2636,três corações,MG
9280,37416,-21.720208,-45.265494,três corações,MG
9281,37417,-21.684086,-45.264722,três corações,MG
9282,37418,-21.665947,-45.281046,três corações,MG
9283,37420,-21.854639,-45.296884,cambuquira,MG
9284,37430,-21.882745,-45.087546,conceicao do rio verde,MG
9285,37440,-21.980541,-44.931759,caxambu,MG
9286,37443,-21.96084,-44.887991,baependi,MG
9287,37445,-21.8389,-44.810404,cruzilia,MG
9288,37447,-21.681809,-44.601162,minduri,MG
9289,37450,-21.978936,-44.605714,aiuruoca,MG
9290,37452,-21.889845,-44.51191,serranos,MG
9291,37454,-21.908933,-44.519542,seritinga,MG
9292,37456,-22.001582,-44.462179,carvalhos,MG
9293,37458,-22.171975,-44.642742,alagoa,MG
9294,37460,-22.386998,-44.967559,passa quatro,MG
9295,37464,-22.296846,-44.936713,itanhandu,MG
9296,37465,-22.332268,-45.092484,virginia,MG
9297,37466,-22.284128,-44.86774,itamonte,MG
9298,37467,-22.218981,-44.977574,sao sebastiao do rio verde,MG
9299,37468,-22.190486,-44.972465,pouso alto,MG
9300,37469,-22.248296,-44.935251,santana do capivari,MG
9301,37470,-22.118146,-45.054761,sao lourenco,MG
9302,37472,-22.121099,-45.125183,carmo de minas,MG
9303,37474,-22.250397,-45.15654,dom vicoso,MG
9304,37476,-22.210769,-45.264067,cristina,MG
9305,37478,-22.056333,-45.044035,soledade de minas,MG
9306,37480,-21.974298,-45.349051,lambari,MG
9307,37484,-22.066952,-45.541956,heliodora,MG
9308,37485,-22.001298,-45.288275,jesuania,MG
9309,37488,-22.069088,-45.262241,olimpio noronha,MG
9310,37490,-21.845777,-45.566391,sao goncalo do sapucai,MG
9311,37496,-21.876412,-45.78825,turvolandia,MG
9312,37498,-21.791971,-45.701604,cordislandia,MG
9313,37500,-22.42034,-45.452675,itajuba,MG
9314,37501,-22.431773,-45.440326,itajuba,MG
9315,37502,-22.434662,-45.451195,itajuba,MG
9316,37503,-22.440154,-45.471497,itajuba,MG
9317,37504,-22.429596,-45.475659,itajuba,MG
9318,37505,-22.420278,-45.466619,itajuba,MG
9319,37508,-22.395484,-45.540824,piranguinho,MG
9320,37510,-22.328395,-45.526188,sao jose do alegre,MG
9321,37511,-22.529538,-45.496254,pirangucu,MG
9322,37512,-22.53378,-45.360537,wenceslau braz,MG
9323,37514,-22.506451,-45.277008,delfim moreira,MG
9324,37516,-22.44895,-45.163451,marmelopolis,MG
9325,37517,-22.3089,-45.373297,maria da fe,MG
9326,37520,-22.245913,-45.465649,pedralva,MG
9327,37524,-22.118255,-45.512017,natercia,MG
9328,37527,-22.159182,-45.45315,conceicao das pedras,MG
9329,37530,-22.479179,-45.61696,brasopolis,MG
9330,37535,-22.58186,-45.635039,luminosa,MG
9331,37540,-22.246366,-45.706828,santa rita do sapucai,MG
9332,37542,-22.463488,-46.017125,estiva,MG
9333,37545,-22.35618,-45.782709,cachoeira de minas,MG
9334,37546,-22.38684,-45.885313,itaim,MG
9335,37548,-22.413819,-45.79624,conceicao dos ouros,MG
9336,37550,-22.235747,-45.934103,pouso alegre,MG
9337,37551,-22.228653,-45.945014,pouso alegre,MG
9338,37552,-22.219949,-45.937893,pouso alegre,MG
9339,37553,-22.222267,-45.929032,pouso alegre,MG
9340,37554,-22.224819,-45.923119,pouso alegre,MG
9341,37555,-22.213661,-45.911171,pouso alegre,MG
9342,37556,-22.206875,-45.853149,pouso alegre,MG
9343,37557,-22.249164,-45.93676,pouso alegre,MG
9344,37558,-22.248034,-45.935997,pouso alegre,MG
9345,37559,-22.179801,-46.072844,ipuiuna,MG
9346,37560,-22.264668,-45.916288,pouso alegre,MG
9347,37561,-22.26563,-45.916315,pouso alegre,MG
9348,37563,-22.369653,-46.09599,tocos do moji,MG
9349,37564,-22.262802,-46.170735,borda da mata,MG
9350,37566,-22.037574,-45.955317,espirito santo do dourado,MG
9351,37567,-22.161487,-45.760984,sao sebastiao da bela vista,MG
9352,37568,-21.934746,-45.923454,sao joao da mata,MG
9353,37570,-22.278748,-46.371651,ouro fino,MG
9354,37572,-20.590934,-44.636994,crisolia,MG
9355,37576,-22.319193,-46.326571,inconfidentes,MG
9356,37578,-22.442697,-46.348732,bueno brandao,MG
9357,37580,-22.430613,-46.573341,monte siao,MG
9358,37582,-21.867689,-45.868684,careacu,MG
9359,37584,-21.839363,-45.614964,congonhal,MG
9360,37586,-22.159587,-46.175455,senador jose bento,MG
9361,37588,-21.934313,-46.126337,ipuiuna,MG
9362,37589,-20.908261,-45.830957,silvianopolis,MG
9363,37590,-22.288145,-46.612001,jacutinga,MG
9364,37596,-22.200911,-46.615412,albertina,MG
9365,37600,-22.611936,-46.058053,cambui,MG
9366,37605,-22.631162,-46.019255,corrego do bom jesus,MG
9367,37610,-22.470863,-46.146601,bom repouso,MG
9368,37615,-22.587154,-46.177158,senador amaral,MG
9369,37620,-22.613794,-46.362476,munhoz,MG
9370,37630,-22.743217,-46.373708,toledo,MG
9371,37640,-22.855321,-46.31935,extrema,MG
9372,37650,-22.755745,-46.139547,camanducaia,MG
9373,37652,-22.70741,-46.035262,sao mateus de minas,MG
9374,37653,-22.860062,-46.03284,monte verde,MG
9375,37655,-22.768642,-46.222547,itapeva,MG
9376,37660,-22.551351,-45.778393,paraisopolis,MG
9377,37670,-22.550441,-45.92132,consolacao,MG
9378,37680,-22.659704,-45.854523,goncalves,MG
9379,37690,-22.750362,-45.748241,sapucai-mirim,MG
9380,37701,-21.78923,-46.567349,pocos de caldas,MG
9381,37702,-21.787567,-46.539207,pocos de caldas,MG
9382,37703,-21.790281,-46.537615,pocos de caldas,MG
9383,37704,-21.79293,-46.566487,pocos de caldas,MG
9384,37705,-21.80741,-46.544054,pocos de caldas,MG
9385,37706,-21.830712,-46.54947,pocos de caldas,MG
9386,37709,-21.800274,-46.51558,pocos de caldas,MG
9387,37710,-21.806976,-46.509997,pocos de caldas,MG
9388,37713,-21.832048,-46.559142,pocos de caldas,MG
9389,37714,-21.798318,-46.600434,pocos de caldas,MG
9390,37716,-21.797198,-46.589077,pocos de caldas,MG
9391,37718,-21.88129,-46.616255,pocos de caldas,MG
9392,37720,-21.648005,-46.398186,botelhos,MG
9393,37723,-21.595473,-46.319495,botelhos,MG
9394,37725,-21.638177,-46.51675,palmeiral,MG
9395,37730,-21.710828,-46.246751,campestre,MG
9396,37740,-21.730196,-46.386205,bandeira do sul,MG
9397,37750,-21.680633,-45.920395,machado,MG
9398,37757,-21.780233,-45.96751,poco fundo,MG
9399,37760,-21.778529,-45.842901,carvalhopolis,MG
9400,37775,-22.034148,-46.332531,santa rita de caldas,MG
9401,37780,-21.913252,-46.393062,caldas,MG
9402,37785,-23.4897,-46.637426,santana de caldas,MG
9403,37790,-22.063841,-46.44065,ibitiura de minas,MG
9404,37795,-22.07056,-46.573545,andradas,MG
9405,37800,-21.30617,-46.714379,guaxupe,MG
9406,37805,-21.253013,-46.578907,juruaia,MG
9407,37810,-21.302852,-46.794001,guaranesia,MG
9408,37815,-19.321725,-48.922008,santa cruz do prata,MG
9409,37820,-21.364023,-46.939742,arceburgo,MG
9410,37855,-21.129835,-46.625872,sao pedro da uniao,MG
9411,37860,-21.102678,-46.420069,nova resende,MG
9412,37865,-21.011184,-46.401662,petunia,MG
9413,37880,-21.474113,-46.395619,cabo verde,MG
9414,37890,-21.369072,-46.523424,muzambinho,MG
9415,37900,-20.719692,-46.604612,passos,MG
9416,37901,-20.73624,-46.598973,passos,MG
9417,37902,-20.729493,-46.614045,passos,MG
9418,37903,-20.714608,-46.627459,passos,MG
9419,37904,-20.708564,-46.618028,passos,MG
9420,37905,-20.85618,-46.720159,fortaleza de minas,MG
9421,37910,-20.353353,-46.842645,delfinopolis,MG
9422,37920,-20.543887,-46.574407,sao joao batista do gloria,MG
9423,37922,-20.329764,-46.370866,vargem bonita,MG
9424,37925,-20.46955,-45.960993,piumhi,MG
9425,37926,-20.290345,-45.901364,doresopolis,MG
9426,37927,-20.345744,-46.483877,são josé do barreiro,MG
9427,37928,-20.243253,-46.378767,sao roque de minas,MG
9428,37930,-20.616104,-46.046707,capitolio,MG
9429,37940,-20.859761,-46.386952,alpinopolis,MG
9430,37945,-20.716282,-46.316067,sao jose da barra,MG
9431,37948,-21.018067,-46.518845,bom jesus da penha,MG
9432,37950,-20.913999,-46.986071,sao sebastiao do paraiso,MG
9433,37952,-20.915764,-47.156198,guardinha,MG
9434,37955,-21.082146,-47.044502,itamogi,MG
9435,37958,-21.187579,-46.97569,monte santo de minas,MG
9436,37960,-20.780638,-47.098617,sao tomas de aquino,MG
9437,37965,-21.018507,-46.74328,jacui,MG
9438,37968,-20.995354,-46.797248,monte santo de minas,MG
9439,37970,-20.74446,-46.861295,pratapolis,MG
9440,37973,-20.827122,-46.785074,itamogi,MG
9441,37975,-20.744272,-46.751527,itau de minas,MG
9442,37980,-20.582774,-46.922185,cassia,MG
9443,37990,-20.463802,-47.125526,ibiraci,MG
9444,37993,-20.6211,-47.055166,capetinga,MG
9445,37997,-20.402211,-47.285589,claraval,MG
9446,38010,-19.748525,-47.936414,uberaba,MG
9447,38015,-19.747998,-47.92624,uberaba,MG
9448,38017,-19.73999,-47.924643,uberaba,MG
9449,38020,-19.760603,-47.946607,uberaba,MG
9450,38022,-19.759677,-47.939172,uberaba,MG
9451,38025,-19.756531,-47.929894,uberaba,MG
9452,38026,-19.761316,-47.92071,uberaba,MG
9453,38030,-19.767433,-47.93234,uberaba,MG
9454,38031,-19.772515,-47.929024,uberaba,MG
9455,38035,-19.763041,-47.899779,uberaba,MG
9456,38036,-19.768495,-47.914286,uberaba,MG
9457,38037,-19.779896,-47.91372,uberaba,MG
9458,38038,-19.777982,-47.89397,uberaba,MG
9459,38040,-19.779069,-47.937779,uberaba,MG
9460,38041,-19.783482,-47.923489,uberaba,MG
9461,38045,-19.774046,-47.954843,uberaba,MG
9462,38046,-19.77377,-47.996636,uberaba,MG
9463,38048,-19.770179,-47.944846,uberaba,MG
9464,38050,-19.758604,-47.95581,uberaba,MG
9465,38051,-19.757298,-47.982674,uberaba,MG
9466,38055,-19.751037,-47.967233,uberaba,MG
9467,38056,-19.734864,-47.9869,uberaba,MG
9468,38057,-19.73696,-47.965936,uberaba,MG
9469,38060,-19.745914,-47.945171,uberaba,MG
9470,38061,-19.744847,-47.954715,uberaba,MG
9471,38064,-19.709709,-47.966522,uberaba,MG
9472,38065,-19.73957,-47.935327,uberaba,MG
9473,38066,-19.733635,-47.943611,uberaba,MG
9474,38067,-19.728684,-47.93589,uberaba,MG
9475,38070,-19.730727,-47.9231,uberaba,MG
9476,38071,-19.724313,-47.916783,uberaba,MG
9477,38072,-19.731354,-47.913209,uberaba,MG
9478,38073,-19.735005,-47.89334,uberaba,MG
9479,38080,-19.742145,-47.914413,uberaba,MG
9480,38081,-19.75264,-47.912778,uberaba,MG
9481,38082,-19.749846,-47.898611,uberaba,MG
9482,38106,-19.236578,-46.266621,ponte alta,MG
9483,38108,-19.975428,-47.776025,delta,MG
9484,38110,-20.057792,-48.108118,agua comprida,MG
9485,38120,-19.920926,-48.375002,conceicao das alagoas,MG
9486,38130,-19.762417,-48.575045,campo florido,MG
9487,38140,-19.306819,-48.922458,prata,MG
9488,38150,-19.668619,-48.309521,verissimo,MG
9489,38160,-19.486331,-46.611154,nova ponte,MG
9490,38170,-19.361895,-47.284447,perdizes,MG
9491,38175,-19.313632,-47.529107,santa juliana,MG
9492,38178,-19.228275,-47.464572,pedrinopolis,MG
9493,38180,-19.582121,-46.953841,araxa,MG
9494,38181,-19.575305,-46.932032,araxa,MG
9495,38182,-19.60525,-46.925845,araxa,MG
9496,38183,-19.596461,-46.93745,araxa,MG
9497,38184,-19.601323,-46.944826,araxa,MG
9498,38185,-19.925393,-46.828329,tapira,MG
9499,38190,-19.869696,-47.444425,sacramento,MG
9500,38195,-19.932443,-47.55283,conquista,MG
9501,38198,-19.858528,-47.58342,guaxima,MG
9502,38200,-20.026894,-48.93338,frutal,MG
9503,38205,-18.867063,-48.264117,aparecida de minas,MG
9504,38210,-19.907688,-48.702139,pirajuba,MG
9505,38220,-20.137985,-48.702333,planura,MG
9506,38230,-20.279405,-49.20133,fronteira,MG
9507,38240,-19.900801,-49.36873,itapagipe,MG
9508,38250,-19.695749,-49.083301,comendador gomes,MG
9509,38260,-19.857917,-49.772758,sao francisco de sales,MG
9510,38270,-19.53535,-49.491609,campina verde,MG
9511,38272,-19.561504,-50.016073,honorópolis,MG
9512,38280,-19.72962,-50.199432,iturama,MG
9513,38282,-19.701747,-50.424531,alexandrita,MG
9514,38288,-19.519689,-50.334462,uniao de minas,MG
9515,38290,-19.712182,-50.721251,carneirinho,MG
9516,38292,-22.416053,-47.639359,sao sebastiao do pontal,MG
9517,38294,-19.905152,-50.726012,estrela da barra,MG
9518,38295,-19.548007,-50.580608,limeira do oeste,MG
9519,38300,-18.976419,-49.462962,ituiutaba,MG
9520,38301,-18.954409,-49.458533,ituiutaba,MG
9521,38302,-18.968465,-49.449667,ituiutaba,MG
9522,38303,-18.983529,-49.438387,ituiutaba,MG
9523,38304,-18.98936,-49.45213,ituiutaba,MG
9524,38305,-19.002674,-49.47889,ituiutaba,MG
9525,38307,-18.977522,-49.480781,ituiutaba,MG
9526,38308,-18.961754,-49.477951,ituiutaba,MG
9527,38310,-19.212769,-49.784677,gurinhata,MG
9528,38320,-18.847898,-50.13209,santa vitoria,MG
9529,38325,-19.04329,-50.488052,chaveslandia,MG
9530,38328,-19.040394,-50.490755,perdilandia,MG
9531,38350,-18.69286,-49.943609,ipiacu,MG
9532,38360,-18.684477,-49.572557,capinopolis,MG
9533,38370,-18.523672,-49.498095,cachoeira dourada,MG
9534,38380,-18.723803,-49.198981,canapolis,MG
9535,38390,-18.585062,-49.200761,centralina,MG
9536,38400,-18.912914,-48.278268,uberlandia,MG
9537,38401,-18.89155,-48.290415,uberlandia,MG
9538,38402,-18.874301,-48.273904,uberlandia,MG
9539,38405,-18.893655,-48.24997,uberlandia,MG
9540,38406,-18.878308,-48.229177,uberlandia,MG
9541,38407,-18.914697,-48.193124,uberlandia,MG
9542,38408,-18.924395,-48.248526,uberlandia,MG
9543,38409,-18.928051,-48.214582,uberlandia,MG
9544,38410,-18.954643,-48.236823,uberlandia,MG
9545,38411,-18.944152,-48.276565,uberlandia,MG
9546,38412,-18.949867,-48.310695,uberlandia,MG
9547,38413,-18.932887,-48.315315,uberlandia,MG
9548,38414,-18.92083,-48.329609,uberlandia,MG
9549,38415,-18.897001,-48.329739,uberlandia,MG
9550,38420,-18.868496,-48.879625,monte alegre de minas,MG
9551,38421,-18.977465,-48.358551,uberlandia,MG
9552,38425,-18.977367,-48.273617,uberlandia,MG
9553,38430,-18.598372,-48.694903,tupaciguara,MG
9554,38433,-18.898801,-48.157514,uberlandia,MG
9555,38435,-18.43296,-49.184508,arapora,MG
9556,38439,-18.947674,-48.175912,martinesia,MG
9557,38440,-18.65275,-48.192254,araguari,MG
9558,38441,-18.656508,-48.209656,araguari,MG
9559,38442,-18.644978,-48.205193,araguari,MG
9560,38443,-18.634565,-48.204543,araguari,MG
9561,38444,-18.629761,-48.188794,araguari,MG
9562,38445,-18.642531,-48.178099,araguari,MG
9563,38446,-18.660659,-48.181122,araguari,MG
9564,38447,-18.662261,-48.189496,araguari,MG
9565,38455,-18.534013,-48.196295,amanhece,MG
9566,38460,-18.595631,-47.880322,cascalho rico,MG
9567,38465,-18.433445,-49.185701,arapora,MG
9568,38470,-18.497151,-47.722884,grupiara,MG
9569,38475,-18.868438,-48.878351,monte alegre de minas,MG
9570,38480,-18.597253,-48.69724,tupaciguara,MG
9571,38490,-19.036955,-47.918203,indianopolis,MG
9572,38500,-18.733827,-47.495035,monte carmelo,MG
9573,38510,-18.98623,-47.462789,irai de minas,MG
9574,38520,-18.884659,-47.586041,romaria,MG
9575,38525,-18.740423,-47.703739,estrela do sul,MG
9576,38530,-18.434939,-47.60812,douradoquara,MG
9577,38540,-18.477752,-47.406319,abadia dos dourados,MG
9578,38550,-18.476114,-47.195927,coromandel,MG
9579,38570,-17.769439,-47.098134,guarda-mor,MG
9580,38600,-17.22425,-46.87426,paracatu,MG
9581,38602,-17.225621,-46.8824,paracatu,MG
9582,38603,-17.232293,-46.879894,paracatu,MG
9583,38606,-18.129837,-46.170893,paracatu,MG
9584,38607,-17.22521,-46.855595,paracatu,MG
9585,38610,-16.363524,-46.895519,unai,MG
9586,38625,-16.055885,-47.14427,cabeceira grande,MG
9587,38630,-16.060196,-46.255323,uruana de minas,MG
9588,38640,-16.228943,-45.991048,riachinho,MG
9589,38649,-15.972687,-45.095827,urucuia,MG
9590,38650,-16.563527,-45.993358,bonfinopolis de minas,MG
9591,38654,-16.651563,-46.269415,dom bosco,MG
9592,38658,-16.507776,-46.493175,natalandia,MG
9593,38660,-15.627602,-46.426428,buritis,MG
9594,38665,-15.214249,-46.815739,serra bonita,MG
9595,38680,-15.922558,-46.1081,arinos,MG
9596,38689,-15.300068,-45.625177,chapada gaucha,MG
9597,38690,-14.954768,-46.23198,formoso,MG
9598,38700,-18.595302,-46.518893,patos de minas,MG
9599,38701,-18.575981,-46.526618,patos de minas,MG
9600,38702,-18.571814,-46.51652,patos de minas,MG
9601,38703,-18.577939,-46.49587,patos de minas,MG
9602,38705,-18.595222,-46.500725,patos de minas,MG
9603,38706,-18.619968,-46.505313,patos de minas,MG
9604,38711,-18.833077,-46.594795,santana de patos,MG
9605,38717,-19.173988,-45.418344,pilar,MG
9606,38720,-18.776049,-46.40376,lagoa formosa,MG
9607,38730,-18.844908,-46.7949,guimarania,MG
9608,38735,-18.948295,-46.672828,cruzeiro da fortaleza,MG
9609,38738,-21.851339,-50.714561,brejo bonito,MG
9610,38740,-18.94724,-46.991265,patrocinio,MG
9611,38741,-18.967552,-47.000692,patrocinio,MG
9612,38742,-18.936635,-47.001778,patrocinio,MG
9613,38743,-18.928336,-47.000379,patrocinio,MG
9614,38744,-18.935666,-46.986744,patrocinio,MG
9615,38745,-18.924546,-46.964497,patrocinio,MG
9616,38747,-18.942935,-46.985462,patrocinio,MG
9617,38748,-18.961111,-46.992279,patrocinio,MG
9618,38749,-18.839127,-46.946722,sao joao da serra negra,MG
9619,38750,-18.411804,-46.416909,presidente olegario,MG
9620,38755,-17.839094,-46.517674,lagoa grande,MG
9621,38760,-19.11141,-46.682419,serra do salitre,MG
9622,38770,-17.729898,-46.165821,joao pinheiro,MG
9623,38772,-17.595444,-45.889846,olhos d'agua do oeste,MG
9624,38773,-17.397343,-45.833057,canabrava,MG
9625,38775,-17.641477,-45.826078,joao pinheiro,MG
9626,38776,-17.227435,-47.740969,luizlandia do oeste,MG
9627,38779,-17.006316,-46.008412,brasilandia de minas,MG
9628,38780,-17.990208,-46.903958,vazante,MG
9629,38785,-18.172195,-46.801167,lagamar,MG
9630,38790,-18.337892,-45.82749,sao goncalo do abaete,MG
9631,38794,-18.381996,-46.033263,varjao de minas,MG
9632,38800,-19.31641,-46.05209,sao gotardo,MG
9633,38803,-19.36778,-46.12321,guarda dos ferreiros,MG
9634,38805,-19.661808,-45.944676,santa rosa da serra,MG
9635,38810,-19.198899,-46.242508,rio paranaiba,MG
9636,38819,-19.676989,-51.188937,rio paranaiba,MG
9637,38840,-18.998627,-46.309953,carmo do paranaiba,MG
9638,38845,-18.859847,-46.086017,carmo do paranaiba,MG
9639,38860,-19.036129,-46.152687,arapua,MG
9640,38870,-19.222609,-45.970579,matutina,MG
9641,38880,-19.000654,-45.961183,tiros,MG
9642,38900,-20.015075,-45.976501,bambui,MG
9643,38910,-20.176699,-45.70782,iguatama,MG
9644,38930,-19.996581,-46.220257,medeiros,MG
9645,38950,-19.49268,-46.547489,ibia,MG
9646,38960,-19.751984,-46.383399,pratinha,MG
9647,38970,-19.696901,-46.170077,campos altos,MG
9648,38980,-19.888792,-46.020713,tapirai,MG
9649,38990,-19.824529,-45.906005,corrego danta,MG
9650,39100,-18.240527,-43.600621,diamantina,MG
9651,39110,-18.088435,-43.742272,sao joao da chapada,MG
9652,39112,-17.811328,-43.421727,senador mourao,MG
9653,39113,-17.696128,-43.331549,desembargador otoni,MG
9654,39120,-18.466103,-43.757123,gouveia,MG
9655,39130,-18.448031,-43.658674,datas,MG
9656,39135,-18.618136,-43.569952,presidente kubitschek,MG
9657,39140,-18.740064,-43.377362,alvorada de minas,MG
9658,39150,-18.60029,-43.387503,serro,MG
9659,39153,-18.419474,-43.495419,sao goncalo do rio das pedras,MG
9660,39155,-18.472273,-43.496928,milho verde,MG
9661,39160,-18.464092,-43.304617,santo antonio do itambe,MG
9662,39165,-18.362894,-43.171886,serra azul de minas,MG
9663,39170,-18.294006,-43.010188,rio vermelho,MG
9664,39175,-21.358677,-46.150543,pedra menina,MG
9665,39180,-18.078788,-43.247157,felicio dos santos,MG
9666,39185,-18.003874,-43.379152,sao goncalo do rio preto,MG
9667,39188,-18.070227,-43.47326,couto de magalhaes de minas,MG
9668,39190,-17.94838,-43.223061,senador modestino goncalves,MG
9669,39200,-18.365777,-44.4545,corinto,MG
9670,39205,-18.208819,-45.226662,tres marias,MG
9671,39207,-18.25623,-45.06662,andrequice,MG
9672,39210,-18.296864,-44.22117,santo hipolito,MG
9673,39215,-18.322883,-44.118107,monjolos,MG
9674,39219,-18.108898,-44.261729,augusto de lima,MG
9675,39220,-18.107472,-44.259809,augusto de lima,MG
9676,39230,-17.87506,-44.169511,buenopolis,MG
9677,39237,-18.855147,-44.857215,felixlandia,MG
9678,39238,-18.711284,-45.153521,felixlandia,MG
9679,39240,-17.758099,-44.169706,joaquim felicio,MG
9680,39243,-18.731903,-44.361795,inimutaba,MG
9681,39245,-18.637625,-44.059281,presidente juscelino,MG
9682,39248,-18.543012,-44.601809,morro da garca,MG
9683,39250,-17.872891,-44.599405,lassance,MG
9684,39260,-17.603253,-44.751136,varzea da palma,MG
9685,39265,-19.864032,-43.906414,guaicui,MG
9686,39270,-17.341385,-44.933941,pirapora,MG
9687,39280,-17.362873,-44.972749,buritizeiro,MG
9688,39290,-16.36624,-45.071722,sao romao,MG
9689,39295,-17.052001,-45.284265,santa fe de minas,MG
9690,39300,-15.97005,-44.86149,sao francisco,MG
9691,39314,-15.30541,-45.618889,chapada gaucha,MG
9692,39315,-16.125307,-45.740564,urucuia,MG
9693,39317,-16.053076,-45.146088,pintopolis,MG
9694,39318,-16.215191,-44.908152,icarai de minas,MG
9695,39320,-16.28979,-44.782742,ubai,MG
9696,39325,-16.374894,-45.015403,bentópolis de minas,MG
9697,39328,-16.631339,-45.064224,ponto chique,MG
9698,39330,-16.214278,-44.432686,brasilia de minas,MG
9699,39335,-15.9922,-44.278585,japonvar,MG
9700,39336,-16.120977,-44.584493,luislandia,MG
9701,39338,-16.505728,-44.811678,campo azul,MG
9702,39340,-16.651445,-44.341402,coracao de jesus,MG
9703,39344,-16.498652,-44.260945,luiz pires de minas,MG
9704,39347,-16.408133,-44.217717,alvacao,MG
9705,39350,-16.863205,-44.878616,ibiai,MG
9706,39355,-16.852487,-44.347321,sao joao da lagoa,MG
9707,39360,-16.985899,-44.58981,lagoa dos patos,MG
9708,39363,-17.284991,-43.949932,engenheiro navarro,MG
9709,39365,-16.534144,-44.530531,sao joao do pacui,MG
9710,39370,-17.228786,-44.43252,jequitai,MG
9711,39373,-16.253916,-44.164327,mirabela,MG
9712,39378,-16.864981,-44.068303,patis,MG
9713,39380,-17.05252,-44.209086,claro dos pocoes,MG
9714,39385,-19.263841,-45.24696,vista alegre,MG
9715,39387,-17.313346,-44.232417,francisco dumont,MG
9716,39390,-17.113996,-43.813787,bocaiuva,MG
9717,39397,-17.013675,-43.670856,guaraciama,MG
9718,39398,-17.40188,-43.571081,olhos d'agua,MG
9719,39400,-16.72263,-43.86291,montes claros,MG
9720,39401,-16.723207,-43.87206,montes claros,MG
9721,39402,-16.740242,-43.847958,montes claros,MG
9722,39403,-16.752797,-43.871646,montes claros,MG
9723,39404,-16.702107,-43.832008,montes claros,MG
9724,39405,-16.713838,-43.850498,montes claros,MG
9725,39406,-16.722156,-43.832883,montes claros,MG
9726,39407,-16.735539,-43.859475,montes claros,MG
9727,39408,-16.727736,-43.885311,montes claros,MG
9728,39414,-19.932284,-44.543575,nova esperanca,MG
9729,39416,-16.45149,-43.82176,vila nova de minas,MG
9730,39417,-17.285461,-43.950264,engenheiro navarro,MG
9731,39425,-16.080358,-44.08046,patis,MG
9732,39430,-15.934979,-44.001749,sao joao da ponte,MG
9733,39437,-15.900641,-44.300625,lontra,MG
9734,39440,-15.807714,-43.309377,janauba,MG
9735,39442,-15.801399,-43.310325,janaúba,MG
9736,39445,-15.847165,-43.334974,janauba,MG
9737,39447,-15.821083,-43.300051,janaúba,MG
9738,39450,-15.703377,-44.021246,varzelandia,MG
9739,39455,-15.657789,-44.157044,ibiracatu,MG
9740,39458,-15.590666,-43.610554,verdelandia,MG
9741,39460,-14.752912,-43.940599,manga,MG
9742,39465,-14.749085,-44.410437,miravania,MG
9743,39467,-14.301322,-44.168661,juvenilia,MG
9744,39470,-15.097198,-44.099828,itacarambi,MG
9745,39472,-16.557082,-43.748553,capitao eneas,MG
9746,39473,-16.041442,-43.554171,cacarema,MG
9747,39475,-14.881929,-44.086799,sao joao das missoes,MG
9748,39478,-14.854583,-43.919837,matias cardoso,MG
9749,39480,-15.483004,-44.375238,januaria,MG
9750,39489,-15.296763,-44.412741,conego marinho,MG
9751,39490,-15.323134,-44.757891,bonito de minas,MG
9752,39492,-15.605549,-44.383627,pedras de maria da cruz,MG
9753,39495,-14.417582,-44.381895,montalvania,MG
9754,39497,-14.519816,-44.394846,sao sebastiao dos pocoes,MG
9755,39500,-15.152354,-42.870946,monte azul,MG
9756,39505,-15.0829,-43.119231,gameleiras,MG
9757,39508,-15.342218,-43.672214,jaiba,MG
9758,39510,-14.924175,-42.812878,espinosa,MG
9759,39516,-15.047681,-42.951877,mamonas,MG
9760,39517,-15.531583,-43.068185,pai pedro,MG
9761,39518,-15.809555,-42.871384,serranopolis de minas,MG
9762,39520,-15.74274,-43.028057,porteirinha,MG
9763,39523,-15.654885,-43.065408,tocandira,MG
9764,39525,-15.803142,-43.301099,nova porteirinha,MG
9765,39526,-15.364647,-42.982164,catuti,MG
9766,39527,-15.392729,-42.86047,mato verde,MG
9767,39529,-16.003197,-43.046391,riacho dos machados,MG
9768,39530,-15.618008,-42.542192,rio pardo de minas,MG
9769,39535,-15.396562,-42.309527,vargem grande do rio pardo,MG
9770,39536,-15.50716,-42.213583,indaiabira,MG
9771,39538,-16.292094,-43.156629,santo antonio do retiro,MG
9772,39540,-15.315192,-42.019104,sao joao do paraiso,MG
9773,39547,-15.171333,-42.500331,montezuma,MG
9774,39550,-15.81197,-42.226965,taiobeiras,MG
9775,39553,-15.331451,-41.734771,ninheira,MG
9776,39555,-15.620776,-41.746141,berizal,MG
9777,39558,-16.116234,-42.530425,fruta de leite,MG
9778,39560,-16.163513,-42.292924,salinas,MG
9779,39563,-16.091314,-41.75016,santa cruz de salinas,MG
9780,39565,-16.405287,-42.262064,rubelita,MG
9781,39568,-16.012376,-42.415553,novorizonte,MG
9782,39569,-15.919997,-41.809305,curral de dentro,MG
9783,39570,-16.513734,-42.859035,grao mogol,MG
9784,39573,-16.345532,-42.532476,padre carvalho,MG
9785,39575,-16.544987,-42.51626,josenopolis,MG
9786,39580,-16.494801,-43.407835,francisco sa,MG
9787,39585,-16.240051,-43.274955,catuni,MG
9788,39590,-16.845872,-43.588045,juramento,MG
9789,39592,-16.850554,-43.697264,glaucilandia,MG
9790,39594,-17.058051,-43.317236,itacambira,MG
9791,39596,-16.864347,-43.003591,botumirim,MG
9792,39597,-0.933179,-48.279885,adao colares,MG
9793,39598,-16.719068,-42.865027,cristalia,MG
9794,39600,-16.887454,-42.094797,aracuai,MG
9795,39602,-17.007993,-42.073931,aracuai,MG
9796,39610,-16.607071,-41.771165,itinga,MG
9797,39615,-16.757788,-41.497051,ponto dos volantes,MG
9798,39620,-16.227401,-41.478366,medina,MG
9799,39623,-19.893237,-43.986305,tuparece,MG
9800,39625,-16.560232,-41.50316,itaobim,MG
9801,39628,-16.296861,-41.794491,comercinho,MG
9802,39629,-16.19208,-41.726168,agua branca de minas,MG
9803,39630,-16.802618,-42.338665,virgem da lapa,MG
9804,39635,-16.613377,-42.182403,coronel murta,MG
9805,39640,-16.918031,-42.481529,berilo,MG
9806,39642,-16.901815,-42.610451,jose goncalves de minas,MG
9807,39644,-17.007206,-42.350118,francisco badaro,MG
9808,39645,-17.086066,-42.255281,jenipapo de minas,MG
9809,39648,-17.092067,-42.541831,chapada do norte,MG
9810,39650,-17.222956,-42.586772,minas novas,MG
9811,39655,-17.086755,-42.705313,leme do prado,MG
9812,39660,-17.304258,-42.725137,turmalina,MG
9813,39662,-17.2575,-43.04361,cacaratiba,MG
9814,39663,-17.407134,-42.729921,veredinha,MG
9815,39664,-21.770599,-43.35523,mendonca,MG
9816,39665,-17.535874,-43.01646,carbonita,MG
9817,39670,-17.860675,-42.862233,itamarandiba,MG
9818,39678,-17.868016,-42.556109,aricanduva,MG
9819,39680,-17.695889,-42.517352,capelinha,MG
9820,39685,-17.729129,-42.270197,angelandia,MG
9821,39688,-17.601562,-42.149046,setubinha,MG
9822,39690,-17.84771,-42.081195,malacacheta,MG
9823,39695,-17.959788,-42.008004,franciscopolis,MG
9824,39700,-18.545757,-42.560886,pecanha,MG
9825,39703,-18.530421,-42.623265,cantagalo,MG
9826,39704,-19.648883,-42.814201,sao geraldo do baguari,MG
9827,39705,-18.545122,-42.765631,sao joao evangelista,MG
9828,39706,-18.623383,-46.508874,nelson de sena,MG
9829,39707,-18.277177,-42.6719,sao jose do jacuri,MG
9830,39708,-18.167596,-42.766302,frei lagonegro,MG
9831,39710,-18.620044,-42.282697,coroaci,MG
9832,39711,-19.931409,-41.69191,conceição de tronqueiras,MG
9833,39715,-18.474473,-42.309369,virgolandia,MG
9834,39716,-18.474657,-42.308155,virgolandia,MG
9835,39718,-18.456345,-42.248609,nacip raydan,MG
9836,39720,-18.82506,-42.480719,gonzaga,MG
9837,39723,-19.161634,-42.504299,sao geraldo da piedade,MG
9838,39725,-18.827906,-42.439344,santa efigenia de minas,MG
9839,39728,-18.781958,-42.366981,sardoa,MG
9840,39730,-18.8105,-42.700266,virginopolis,MG
9841,39735,-18.801562,-42.612663,divinolandia de minas,MG
9842,39740,-18.775579,-42.931885,guanhaes,MG
9843,39741,-18.678746,-42.775728,correntinho,MG
9844,39742,-18.84701,-42.77594,sapucaia de guanhaes,MG
9845,39745,-18.906532,-43.081237,senhora do porto,MG
9846,39750,-18.668031,-43.082013,sabinopolis,MG
9847,39755,-18.472809,-43.059431,materlandia,MG
9848,39765,-18.434416,-42.868355,paulistas,MG
9849,39770,-18.231706,-42.83987,coluna,MG
9850,39775,-18.232682,-42.490955,jose raydan,MG
9851,39780,-18.191786,-42.410285,santa maria do suacui,MG
9852,39784,-18.356324,-42.596344,sao pedro do suacui,MG
9853,39785,-18.318298,-42.141501,sao jose da safira,MG
9854,39790,-17.976536,-42.392806,agua boa,MG
9855,39795,-18.088807,-42.569795,sao sebastiao do maranhao,MG
9856,39800,-17.854293,-41.508365,teofilo otoni,MG
9857,39801,-17.857908,-41.495395,teofilo otoni,MG
9858,39802,-17.871466,-41.499158,teofilo otoni,MG
9859,39803,-17.877899,-41.507952,teofilo otoni,MG
9860,39804,-17.856875,-41.519048,teofilo otoni,MG
9861,39807,-21.781733,-43.341563,topazio,MG
9862,39809,-18.905198,-42.747018,mucuri,MG
9863,39810,-17.187384,-41.697341,carai,MG
9864,39812,-9.290888,-44.954423,ponto do marambaia,MG
9865,39813,-17.158211,-41.565015,marambainha,MG
9866,39814,-17.429925,-41.000126,pavao,MG
9867,39815,-17.400414,-41.66909,itaipe,MG
9868,39816,-17.05931,-41.69837,catuji,MG
9869,39817,-17.413618,-41.219497,novo oriente de minas,MG
9870,39818,-17.074511,-41.48757,padre paraiso,MG
9871,39820,-17.46103,-41.883554,novo cruzeiro,MG
9872,39823,-17.275829,-42.014992,queixada,MG
9873,39825,-17.630622,-41.744275,ladainha,MG
9874,39826,-17.67972,-41.87639,concordia de mucuri,MG
9875,39827,-17.80501,-41.787553,pote,MG
9876,39830,-18.038445,-41.683273,itambacuri,MG
9877,39835,-18.240003,-41.728055,campanario,MG
9878,39837,-18.477381,-41.785466,jampruca,MG
9879,39840,-18.072821,-41.488878,frei gaspar,MG
9880,39848,-18.480398,-41.387683,sao jose do divino,MG
9881,39850,-18.057551,-41.135231,ataleia,MG
9882,39855,-18.069572,-41.273284,ouro verde de minas,MG
9883,39860,-17.843864,-40.349299,nanuque,MG
9884,39862,-18.407157,-41.145491,vila pereira,MG
9885,39864,-17.648783,-40.889212,carlos chagas,MG
9886,39865,-17.699381,-40.765843,presidente pena,MG
9887,39866,-17.91,-41.01361,epaminondas otoni,MG
9888,39868,-17.784386,-40.244573,serra dos aimores,MG
9889,39870,-16.890803,-40.913584,fronteira dos vales,MG
9890,39873,-17.077073,-40.718357,machacalis,MG
9891,39874,-16.937793,-40.684332,santa helena de minas,MG
9892,39875,-17.02741,-40.555761,bertopolis,MG
9893,39878,-17.261076,-40.585453,umburatiba,MG
9894,39880,-17.082139,-40.939365,aguas formosas,MG
9895,39885,-17.254759,-40.982501,crisolita,MG
9896,39888,-19.76161,-43.849922,nova santa luzia,MG
9897,39890,-16.66856,-41.026071,joaima,MG
9898,39893,-16.862245,-41.255475,monte formoso,MG
9899,39895,-16.641018,-40.760327,felisburgo,MG
9900,39900,-16.176775,-40.693788,almenara,MG
9901,39912,-15.721755,-41.003077,divisopolis,MG
9902,39915,-15.690736,-40.73827,mata verde,MG
9903,39917,-15.885971,-40.562243,bandeira,MG
9904,39920,-15.895845,-40.18654,jordania,MG
9905,39923,-22.675086,-46.117527,estrela de jordania,MG
9906,39925,-16.001989,-39.951152,salto da divisa,MG
9907,39928,-16.250937,-40.1495,santa maria do salto,MG
9908,39930,-16.157243,-40.294448,jacinto,MG
9909,39931,-16.145358,-40.296888,avaí do jacinto,MG
9910,39935,-16.534706,-40.184362,santo antonio do jacinto,MG
9911,39940,-16.656163,-40.566441,rio do prado,MG
9912,39945,-16.745105,-40.413846,palmopolis,MG
9913,39948,-16.84128,-40.31872,dois de abril,MG
9914,39950,-16.383992,-40.535584,rubim,MG
9915,39955,-16.519932,-40.444475,itapiru,MG
9916,39960,-16.440102,-41.009026,jequitinhonha,MG
9917,39970,-15.995262,-41.27334,pedra azul,MG
9918,39980,-15.959864,-41.484424,cachoeira de pajeu,MG
9919,39990,-15.657728,-41.480473,aguas vermelhas,MG
9920,39995,-15.724004,-41.342155,divisa alegre,MG
9921,39999,-15.526818,-41.494232,aguas vermelhas,MG
9922,40010,-12.970241,-38.512409,salvador,BA
9923,40015,-12.969829,-38.507232,salvador,BA
9924,40020,-12.975484,-38.512341,salvador,BA
9925,40024,-12.977665,-38.514562,salvador,BA
9926,40025,-12.97177,-38.506628,salvador,BA
9927,40040,-12.978409,-38.509367,salvador,BA
9928,40045,-12.972627,-38.50525,salvador,BA
9929,40050,-12.97829,-38.504541,salvador,BA
9930,40055,-12.971245,-38.501123,salvador,BA
9931,40060,-12.982509,-38.517011,salvador,BA
9932,40070,-12.985247,-38.513916,salvador,BA
9933,40080,-12.988622,-38.521323,salvador,BA
9934,40081,-12.995476,-38.527555,salvador,BA
9935,40100,-12.990956,-38.514338,salvador,BA
9936,40105,-12.993223,-38.508915,salvador,BA
9937,40110,-12.993059,-38.521188,salvador,BA
9938,40130,-13.001833,-38.529004,salvador,BA
9939,40140,-13.005016,-38.522591,salvador,BA
9940,40150,-12.99721,-38.520349,salvador,BA
9941,40155,-13.004201,-38.51828,salvador,BA
9942,40157,-13.003068,-38.519831,salvador,BA
9943,40170,-13.008092,-38.510335,salvador,BA
9944,40210,-13.001173,-38.509456,salvador,BA
9945,40213,-12.996332,-38.510083,salvador,BA
9946,40215,-12.980942,-38.459202,salvador,BA
9947,40220,-12.997332,-38.491793,salvador,BA
9948,40221,-13.001461,-38.49582,salvador,BA
9949,40223,-13.002005,-38.498784,salvador,BA
9950,40226,-13.001886,-38.514152,salvador,BA
9951,40230,-12.996466,-38.503242,salvador,BA
9952,40231,-12.995534,-38.504096,salvador,BA
9953,40240,-12.988498,-38.499876,salvador,BA
9954,40241,-12.980365,-38.49698,salvador,BA
9955,40243,-12.97728,-38.49673,salvador,BA
9956,40245,-12.986254,-38.504293,salvador,BA
9957,40250,-12.9792,-38.490468,salvador,BA
9958,40251,-12.976585,-38.490656,salvador,BA
9959,40252,-12.98152,-38.491515,salvador,BA
9960,40253,-12.98193,-38.487163,salvador,BA
9961,40254,-12.980688,-38.489188,salvador,BA
9962,40255,-12.974012,-38.496331,salvador,BA
9963,40260,-12.9741,-38.491514,salvador,BA
9964,40265,-12.974696,-38.481205,salvador,BA
9965,40270,-12.971188,-38.488707,salvador,BA
9966,40275,-12.978486,-38.46575,salvador,BA
9967,40276,-12.982932,-38.479418,salvador,BA
9968,40279,-12.985954,-38.472101,salvador,BA
9969,40280,-12.982696,-38.472346,salvador,BA
9970,40283,-12.985967,-38.491355,salvador,BA
9971,40285,-12.989205,-38.487239,salvador,BA
9972,40286,-12.990349,-38.485852,salvador,BA
9973,40290,-12.992508,-38.493133,salvador,BA
9974,40295,-13.000346,-38.487326,salvador,BA
9975,40296,-12.994307,-38.48092,salvador,BA
9976,40300,-12.964183,-38.495485,salvador,BA
9977,40301,-12.965413,-38.501636,salvador,BA
9978,40302,-12.965757,-38.495736,salvador,BA
9979,40310,-12.959209,-38.481317,salvador,BA
9980,40313,-12.964178,-38.48634,salvador,BA
9981,40314,-12.958966,-38.486728,salvador,BA
9982,40315,-12.965832,-38.481956,salvador,BA
9983,40318,-12.961242,-38.488184,salvador,BA
9984,40320,-12.958471,-38.492656,salvador,BA
9985,40321,-12.957797,-38.491307,salvador,BA
9986,40323,-12.95779,-38.487882,salvador,BA
9987,40325,-12.950547,-38.488887,salvador,BA
9988,40327,-12.946387,-38.492181,salvador,BA
9989,40330,-12.952096,-38.480785,salvador,BA
9990,40335,-12.95028,-38.488113,salvador,BA
9991,40340,-12.951451,-38.483152,salvador,BA
9992,40342,-12.94989,-38.484217,salvador,BA
9993,40349,-12.935313,-38.484761,salvador,BA
9994,40350,-12.946596,-38.476357,salvador,BA
9995,40352,-12.935854,-38.478664,salvador,BA
9996,40353,-12.944094,-38.473929,salvador,BA
9997,40354,-12.945882,-38.478093,salvador,BA
9998,40355,-12.924904,-38.480342,salvador,BA
9999,40357,-12.945454,-38.476165,salvador,BA
10000,40365,-12.954882,-38.484864,salvador,BA
10001,40366,-12.946266,-38.48752,salvador,BA
10002,40367,-12.94556,-38.493111,salvador,BA
10003,40368,-12.947165,-38.491796,salvador,BA
10004,40370,-12.944144,-38.487049,salvador,BA
10005,40375,-12.948607,-38.493203,salvador,BA
10006,40385,-12.927833,-38.477802,salvador,BA
10007,40386,-12.922686,-38.477914,salvador,BA
10008,40387,-12.926727,-38.479502,salvador,BA
10009,40390,-12.936201,-38.476079,salvador,BA
10010,40391,-12.932853,-38.478323,salvador,BA
10011,40393,-12.939225,-38.485887,salvador,BA
10012,40394,-12.916221,-38.482368,salvador,BA
10013,40396,-12.884093,-38.433639,salvador,BA
10014,40410,-12.944717,-38.49642,salvador,BA
10015,40411,-12.946187,-38.500712,salvador,BA
10016,40414,-12.932306,-38.511452,salvador,BA
10017,40415,-12.926305,-38.507154,salvador,BA
10018,40420,-12.916922,-38.497934,salvador,BA
10019,40421,-12.917238,-38.496144,salvador,BA
10020,40425,-12.927717,-38.513286,salvador,BA
10021,40430,-12.932061,-38.497321,salvador,BA
10022,40433,-12.944793,-38.367103,salvador,BA
10023,40435,-12.927057,-38.490521,salvador,BA
10024,40436,-12.937274,-38.467828,salvador,BA
10025,40440,-12.929187,-38.503513,salvador,BA
10026,40444,-12.937522,-38.498135,salvador,BA
10027,40445,-12.940785,-38.502695,salvador,BA
10028,40450,-12.935692,-38.496317,salvador,BA
10029,40451,-12.934015,-38.488641,salvador,BA
10030,40454,-12.932018,-38.493429,salvador,BA
10031,40455,-12.933502,-38.502558,salvador,BA
10032,40460,-12.95849,-38.502867,salvador,BA
10033,40470,-12.918449,-38.484171,salvador,BA
10034,40480,-12.920211,-38.476751,salvador,BA
10035,40483,-12.920865,-38.482062,salvador,BA
10036,40484,-12.909739,-38.474564,salvador,BA
10037,40487,-12.926546,-38.481921,salvador,BA
10038,40490,-12.901266,-38.477907,salvador,BA
10039,40710,-12.903826,-38.484116,salvador,BA
10040,40711,-12.886524,-38.465899,salvador,BA
10041,40713,-12.895238,-38.483351,salvador,BA
10042,40715,-12.891075,-38.470066,salvador,BA
10043,40717,-12.897048,-38.482639,salvador,BA
10044,40718,-12.897525,-38.479896,salvador,BA
10045,40720,-12.889598,-38.45691,salvador,BA
10046,40725,-12.885879,-38.473947,salvador,BA
10047,40726,-12.884421,-38.439283,salvador,BA
10048,40730,-12.892026,-38.459385,salvador,BA
10049,40731,-12.892988,-38.443033,salvador,BA
10050,40735,-12.897578,-38.477845,salvador,BA
10051,40740,-12.862953,-38.472178,salvador,BA
10052,40750,-12.881528,-38.465701,salvador,BA
10053,40760,-12.868306,-38.46273,salvador,BA
10054,40800,-12.885616,-38.468645,salvador,BA
10055,40810,-12.86108,-38.477299,salvador,BA
10056,40820,-12.877193,-38.464618,salvador,BA
10057,40830,-12.965239,-38.475597,salvador,BA
10058,41100,-12.969723,-38.467225,salvador,BA
10059,41110,-12.971337,-38.461419,salvador,BA
10060,41120,-12.97021,-38.462745,salvador,BA
10061,41130,-12.964482,-38.449038,salvador,BA
10062,41150,-12.957536,-38.467516,salvador,BA
10063,41152,-12.954691,-38.450361,salvador,BA
10064,41180,-12.959155,-38.449234,salvador,BA
10065,41181,-12.95448,-38.438869,salvador,BA
10066,41185,-12.948106,-38.455523,salvador,BA
10067,41190,-12.93796,-38.467358,salvador,BA
10068,41192,-12.957454,-38.448413,salvador,BA
10069,41194,-12.960138,-38.442109,salvador,BA
10070,41195,-12.944639,-38.457218,salvador,BA
10071,41197,-12.94826,-38.46157,salvador,BA
10072,41200,-12.947857,-38.461095,salvador,BA
10073,41204,-12.938772,-38.467578,salvador,BA
10074,41205,-12.930243,-38.444942,salvador,BA
10075,41207,-12.942106,-38.450127,salvador,BA
10076,41210,-12.949265,-38.448502,salvador,BA
10077,41211,-12.946925,-38.443239,salvador,BA
10078,41213,-12.937378,-38.446331,salvador,BA
10079,41214,-12.930435,-38.443043,salvador,BA
10080,41215,-12.937553,-38.437307,salvador,BA
10081,41217,-12.938267,-38.448158,salvador,BA
10082,41218,-12.94452,-38.437426,salvador,BA
10083,41219,-12.9301,-38.451732,salvador,BA
10084,41220,-12.958747,-38.477746,salvador,BA
10085,41225,-12.932315,-38.461396,salvador,BA
10086,41227,-12.934213,-38.467622,salvador,BA
10087,41230,-12.918713,-38.449728,salvador,BA
10088,41231,-12.917177,-38.442543,salvador,BA
10089,41233,-12.909241,-38.452884,salvador,BA
10090,41235,-12.921772,-38.444128,salvador,BA
10091,41245,-12.917719,-38.440545,salvador,BA
10092,41247,-12.915465,-38.445928,salvador,BA
10093,41250,-12.93321,-38.428058,salvador,BA
10094,41253,-12.936503,-38.436734,salvador,BA
10095,41260,-12.926911,-38.419109,salvador,BA
10096,41262,-12.9278,-38.407205,salvador,BA
10097,41270,-12.923845,-38.463034,salvador,BA
10098,41275,-12.917325,-38.465573,salvador,BA
10099,41280,-12.911743,-38.463371,salvador,BA
10100,41285,-12.915326,-38.470988,salvador,BA
10101,41290,-12.907443,-38.458518,salvador,BA
10102,41291,-12.936124,-38.460847,salvador,BA
10103,41295,-12.897689,-38.4633,salvador,BA
10104,41297,-12.901798,-38.46722,salvador,BA
10105,41300,-12.863847,-38.43559,salvador,BA
10106,41301,-12.880719,-38.437645,salvador,BA
10107,41305,-12.894757,-38.449926,salvador,BA
10108,41306,-12.932182,-38.483064,salvador,BA
10109,41307,-12.941623,-38.464736,salvador,BA
10110,41308,-12.872508,-38.428096,salvador,BA
10111,41310,-12.894029,-38.43226,salvador,BA
10112,41311,-12.898014,-38.437232,salvador,BA
10113,41315,-12.903464,-38.446528,salvador,BA
10114,41320,-12.903946,-38.43817,salvador,BA
10115,41321,-12.903733,-38.432805,salvador,BA
10116,41322,-12.902685,-38.431207,salvador,BA
10117,41330,-12.900136,-38.422304,salvador,BA
10118,41333,-12.891104,-38.434926,salvador,BA
10119,41334,-12.947797,-38.442959,salvador,BA
10120,41335,-12.894121,-38.421416,salvador,BA
10121,41336,-12.902933,-38.430102,salvador,BA
10122,41337,-12.923588,-38.433592,salvador,BA
10123,41338,-12.899508,-38.414166,salvador,BA
10124,41339,-12.893569,-38.407882,salvador,BA
10125,41340,-12.894229,-38.408487,salvador,BA
10126,41341,-12.886019,-38.412908,salvador,BA
10127,41342,-12.902006,-38.405216,salvador,BA
10128,41343,-12.903777,-38.403165,salvador,BA
10129,41345,-12.909469,-38.400452,salvador,BA
10130,41349,-12.90731,-38.459388,salvador,BA
10131,41350,-12.919543,-38.413148,salvador,BA
10132,41351,-12.904711,-38.40091,salvador,BA
10133,41370,-12.913239,-38.42068,salvador,BA
10134,41385,-12.914446,-38.434153,salvador,BA
10135,41386,-12.916603,-38.433655,salvador,BA
10136,41387,-12.94406,-38.475268,salvador,BA
10137,41388,-12.912214,-38.399932,salvador,BA
10138,41390,-12.912656,-38.440364,salvador,BA
10139,41400,-12.987828,-38.483077,salvador,BA
10140,41402,-12.965139,-38.495938,salvador,BA
10141,41410,-12.975612,-38.434644,salvador,BA
10142,41480,-12.91728,-38.377957,salvador,BA
10143,41483,-12.929709,-38.385689,salvador,BA
10144,41490,-12.910112,-38.399042,salvador,BA
10145,41500,-12.923802,-38.391666,salvador,BA
10146,41502,-12.899595,-38.353933,salvador,BA
10147,41505,-12.87322,-38.402722,salvador,BA
10148,41510,-12.914798,-38.373122,salvador,BA
10149,41515,-12.929539,-38.374179,salvador,BA
10150,41520,-12.913448,-38.334985,salvador,BA
10151,41590,-12.999659,-38.461919,salvador,BA
10152,41600,-12.935462,-38.339315,salvador,BA
10153,41603,-12.925288,-38.318873,salvador,BA
10154,41610,-12.943517,-38.366318,salvador,BA
10155,41611,-12.934514,-38.365524,salvador,BA
10156,41612,-12.946785,-38.375531,salvador,BA
10157,41613,-12.957199,-38.394961,salvador,BA
10158,41615,-12.940542,-38.372438,salvador,BA
10159,41620,-12.944699,-38.359781,salvador,BA
10160,41630,-12.925408,-38.379412,salvador,BA
10161,41635,-12.936748,-38.362752,salvador,BA
10162,41640,-12.941637,-38.367668,salvador,BA
10163,41650,-12.946875,-38.380357,salvador,BA
10164,41651,-12.952609,-38.39017,salvador,BA
10165,41680,-12.94789,-38.40637,salvador,BA
10166,41681,-12.961908,-38.406854,salvador,BA
10167,41701,-12.940371,-38.40279,salvador,BA
10168,41705,-12.975058,-38.428132,salvador,BA
10169,41706,-12.973619,-38.429338,salvador,BA
10170,41710,-12.976101,-38.430938,salvador,BA
10171,41717,-12.876502,-38.335574,lauro de freitas,BA
10172,41720,-12.96953,-38.434944,salvador,BA
10173,41730,-12.937247,-38.376069,salvador,BA
10174,41740,-12.964119,-38.411172,salvador,BA
10175,41741,-12.968479,-38.416035,salvador,BA
10176,41745,-12.936061,-38.411044,salvador,BA
10177,41750,-12.985072,-38.438923,salvador,BA
10178,41760,-12.992413,-38.446084,salvador,BA
10179,41770,-12.983198,-38.447113,salvador,BA
10180,41800,-12.991139,-38.466152,salvador,BA
10181,41810,-12.992558,-38.453997,salvador,BA
10182,41815,-12.993829,-38.466111,salvador,BA
10183,41820,-12.982755,-38.457272,salvador,BA
10184,41825,-12.994075,-38.465307,salvador,BA
10185,41830,-13.001547,-38.461967,salvador,BA
10186,41900,-13.011743,-38.471417,salvador,BA
10187,41905,-13.00178,-38.474804,salvador,BA
10188,41906,-12.997504,-38.468392,salvador,BA
10189,41915,-12.999974,-38.477372,salvador,BA
10190,41920,-13.003805,-38.480212,salvador,BA
10191,41925,-12.998558,-38.47471,salvador,BA
10192,41927,-12.992992,-38.475708,salvador,BA
10193,41940,-13.010015,-38.486617,salvador,BA
10194,41941,-13.012662,-38.479517,salvador,BA
10195,41950,-13.009019,-38.495324,salvador,BA
10196,41970,-13.002054,-38.503596,salvador,BA
10197,41980,-13.010147,-38.495507,salvador,BA
10198,42600,-12.742076,-38.614946,madre de deus,BA
10199,42700,-12.885201,-38.313868,lauro de freitas,BA
10200,42701,-12.885758,-38.311966,lauro de freitas,BA
10201,42702,-12.888605,-38.315341,lauro de freitas,BA
10202,42703,-12.889787,-38.324459,lauro de freitas,BA
10203,42704,-12.899273,-38.316953,lauro de freitas,BA
10204,42705,-12.898584,-38.310758,lauro de freitas,BA
10205,42706,-12.899462,-38.302857,lauro de freitas,BA
10206,42707,-12.891832,-38.298215,lauro de freitas,BA
10207,42708,-12.883613,-38.29863,lauro de freitas,BA
10208,42709,-12.877644,-38.295364,lauro de freitas,BA
10209,42710,-12.874273,-38.28912,lauro de freitas,BA
10210,42711,-12.873112,-38.320272,lauro de freitas,BA
10211,42712,-12.873607,-38.308139,lauro de freitas,BA
10212,42713,-12.866883,-38.303851,lauro de freitas,BA
10213,42714,-12.869465,-38.304152,lauro de freitas,BA
10214,42717,-12.87484,-38.333019,lauro de freitas,BA
10215,42721,-12.888307,-38.33782,lauro de freitas,BA
10216,42722,-12.88634,-38.343392,lauro de freitas,BA
10217,42733,-12.84139,-38.338426,lauro de freitas,BA
10218,42738,-12.893815,-38.338936,lauro de freitas,BA
10219,42739,-12.894927,-38.345125,lauro de freitas,BA
10220,42740,-12.885268,-38.351434,lauro de freitas,BA
10221,42800,-12.70197,-38.324473,camacari,BA
10222,42801,-12.7139,-38.313416,camacari,BA
10223,42802,-12.711808,-38.318909,camacari,BA
10224,42803,-12.712109,-38.318431,camacari,BA
10225,42804,-12.717239,-38.327528,camacari,BA
10226,42805,-12.709986,-38.333474,camacari,BA
10227,42806,-12.70335,-38.333699,camacari,BA
10228,42807,-12.694629,-38.333017,camacari,BA
10229,42808,-12.690906,-38.33143,camacari,BA
10230,42809,-12.694886,-38.322945,camacari,BA
10231,42810,-12.670815,-38.303476,camacari,BA
10232,42820,-12.625403,-38.074461,monte gordo,BA
10233,42827,-12.660831,-38.090912,camacari,BA
10234,42833,-11.869525,-40.219606,barra do jacuipe,BA
10235,42835,-12.724845,-38.21639,arembepe,BA
10236,42840,-12.828448,-38.262242,abrantes,BA
10237,42841,-12.83453,-38.264495,catu de abrantes,BA
10238,42849,-12.764135,-38.322694,camacari,BA
10239,42850,-12.613335,-38.300955,dias d'avila,BA
10240,43700,-12.792232,-38.392304,simoes filho,BA
10241,43805,-12.672034,-38.54468,candeias,BA
10242,43806,-12.838254,-38.732015,candeias,BA
10243,43810,-12.893005,-38.756718,candeias,BA
10244,43813,-12.662003,-38.494208,candeias,BA
10245,43815,-12.667681,-38.537182,candeias,BA
10246,43820,-12.673181,-38.539173,candeias,BA
10247,43825,-12.815626,-38.678277,candeias,BA
10248,43840,-12.72946,-38.525362,passé,BA
10249,43843,-12.713408,-38.45153,candeias,BA
10250,43845,-12.7342,-38.446635,passagem dos teixeiras,BA
10251,43850,-12.494698,-38.835246,sao sebastiao do passe,BA
10252,43900,-12.625843,-38.673304,sao francisco do conde,BA
10253,44001,-12.256095,-38.960464,feira de santana,BA
10254,44002,-12.253809,-38.967662,feira de santana,BA
10255,44003,-12.265982,-38.959842,feira de santana,BA
10256,44004,-12.266108,-38.967722,feira de santana,BA
10257,44005,-12.266809,-38.972193,feira de santana,BA
10258,44006,-12.274826,-38.976594,feira de santana,BA
10259,44007,-12.263671,-38.978315,feira de santana,BA
10260,44008,-12.25158,-38.970378,feira de santana,BA
10261,44009,-12.250812,-38.97921,feira de santana,BA
10262,44010,-12.273638,-38.965055,feira de santana,BA
10263,44013,-12.284829,-38.985864,feira de santana,BA
10264,44018,-12.245637,-38.970303,feira de santana,BA
10265,44019,-12.247893,-38.988427,feira de santana,BA
10266,44020,-12.239637,-38.967776,feira de santana,BA
10267,44021,-12.242119,-38.972528,feira de santana,BA
10268,44022,-12.244652,-38.974394,feira de santana,BA
10269,44023,-12.250348,-38.975816,feira de santana,BA
10270,44024,-12.244491,-38.979278,feira de santana,BA
10271,44025,-12.247289,-38.989311,feira de santana,BA
10272,44028,-12.238488,-38.979136,feira de santana,BA
10273,44030,-12.220335,-38.996366,feira de santana,BA
10274,44031,-12.223212,-38.983548,feira de santana,BA
10275,44032,-12.224892,-38.971684,feira de santana,BA
10276,44033,-12.220693,-38.973563,feira de santana,BA
10277,44034,-12.207886,-38.969656,feira de santana,BA
10278,44035,-12.194262,-38.988184,feira de santana,BA
10279,44036,-12.184807,-38.961774,feira de santana,BA
10280,44038,-12.234716,-38.951854,feira de santana,BA
10281,44042,-12.215627,-38.996032,feira de santana,BA
10282,44043,-12.243345,-38.943693,feira de santana,BA
10283,44044,-12.210204,-38.990219,feira de santana,BA
10284,44045,-12.248426,-38.948554,feira de santana,BA
10285,44046,-12.194981,-38.996539,feira de santana,BA
10286,44050,-12.240107,-38.958754,feira de santana,BA
10287,44051,-12.241875,-38.951168,feira de santana,BA
10288,44052,-12.244741,-38.943716,feira de santana,BA
10289,44053,-12.229727,-38.959574,feira de santana,BA
10290,44054,-12.2179,-38.959237,feira de santana,BA
10291,44055,-12.208452,-38.962749,feira de santana,BA
10292,44056,-12.226186,-38.949283,feira de santana,BA
10293,44057,-12.219881,-38.937686,feira de santana,BA
10294,44059,-12.205948,-38.942843,feira de santana,BA
10295,44061,-12.215384,-38.957264,feira de santana,BA
10296,44062,-12.267752,-38.956552,feira de santana,BA
10297,44063,-12.280588,-38.958951,feira de santana,BA
10298,44065,-12.234795,-38.93823,feira de santana,BA
10299,44066,-12.230835,-38.936286,feira de santana,BA
10300,44067,-12.235626,-38.925832,feira de santana,BA
10301,44070,-12.263958,-38.943032,feira de santana,BA
10302,44071,-12.242177,-38.919746,feira de santana,BA
10303,44072,-12.233925,-38.905825,feira de santana,BA
10304,44073,-12.24387,-38.890215,feira de santana,BA
10305,44075,-12.253775,-38.951072,feira de santana,BA
10306,44076,-12.25781,-38.944466,feira de santana,BA
10307,44077,-12.261775,-38.939546,feira de santana,BA
10308,44078,-12.267828,-38.93341,feira de santana,BA
10309,44079,-12.259091,-38.931666,feira de santana,BA
10310,44082,-12.257685,-38.933651,feira de santana,BA
10311,44085,-12.251458,-38.928034,feira de santana,BA
10312,44086,-12.253969,-38.90665,feira de santana,BA
10313,44088,-12.269132,-38.950011,feira de santana,BA
10314,44089,-12.26575,-38.9427,feira de santana,BA
10315,44090,-12.281727,-38.956886,feira de santana,BA
10316,44091,-12.291587,-38.952115,feira de santana,BA
10317,44092,-12.299315,-38.95211,feira de santana,BA
10318,44094,-12.276504,-38.941759,feira de santana,BA
10319,44095,-12.288689,-38.940638,feira de santana,BA
10320,44096,-12.295229,-38.917321,feira de santana,BA
10321,44097,-12.312182,-38.895993,feira de santana,BA
10322,44150,-11.95699,-38.973494,santa barbara,BA
10323,44160,-11.974648,-39.10634,tanquinho,BA
10324,44180,-12.437616,-39.120346,antonio cardoso,BA
10325,44190,-12.433844,-39.253671,santo estevao,BA
10326,44200,-12.550955,-38.706588,santo amaro,BA
10327,44218,-12.661775,-38.751329,acupe,BA
10328,44220,-12.744183,-38.768804,saubara,BA
10329,44230,-12.401347,-38.754277,amelia rodrigues,BA
10330,44245,-12.318716,-38.774635,conceicao do jacuipe,BA
10331,44250,-12.229143,-38.757794,coracao de maria,BA
10332,44255,-12.044582,-38.765972,irara,BA
10333,44260,-12.024771,-38.866107,santanópolis,BA
10334,44270,-12.404122,-38.621406,terra nova,BA
10335,44280,-12.304099,-38.640738,teodoro sampaio,BA
10336,44300,-12.60054,-38.964837,cachoeira,BA
10337,44320,-12.48195,-38.994315,conceicao da feira,BA
10338,44330,-12.430805,-38.949224,sao goncalo dos campos,BA
10339,44340,-12.622673,-38.989529,muritiba,BA
10340,44345,-12.545655,-39.171561,cabaceiras do paraguacu,BA
10341,44350,-12.601369,-39.044789,governador mangabeira,BA
10342,44360,-12.606963,-38.969233,sao felix,BA
10343,44380,-12.669575,-39.103754,cruz das almas,BA
10344,44400,-13.025324,-39.013375,nazare,BA
10345,44420,-12.7847,-38.916065,maragogipe,BA
10346,44428,-23.514303,-47.130839,sao roque do paraguacu,BA
10347,44450,-12.874151,-38.760661,salinas da margarida,BA
10348,44460,-12.899496,-38.668208,itaparica,BA
10349,44470,-12.986771,-38.642827,vera cruz,BA
10350,44480,-13.102382,-38.885804,jaguaripe,BA
10351,44490,-13.073063,-38.993933,aratuipe,BA
10352,44500,-12.766519,-39.422261,castro alves,BA
10353,44520,-12.44088,-39.504262,rafael jambeiro,BA
10354,44530,-12.730613,-39.186641,sapeacu,BA
10355,44540,-12.778728,-39.167248,conceicao do almeida,BA
10356,44550,-12.845698,-39.089871,sao felipe,BA
10357,44560,-12.906138,-39.192076,dom macedo costa,BA
10358,44565,-12.975638,-39.395173,varzedo,BA
10359,44570,-12.973015,-39.266788,santo antonio de jesus,BA
10360,44571,-12.967301,-39.229855,santo antonio de jesus,BA
10361,44572,-12.897626,-39.248024,santo antonio de jesus,BA
10362,44573,-12.961481,-39.248696,santo antonio de jesus,BA
10363,44574,-12.970273,-39.250974,santo antonio de jesus,BA
10364,44575,-13.001441,-39.103634,muniz ferreira,BA
10365,44580,-13.048567,-39.455673,sao miguel das matas,BA
10366,44590,-12.74135,-39.519466,santa teresinha,BA
10367,44600,-12.153729,-39.740535,ipira,BA
10368,44610,-11.812443,-39.90695,pintadas,BA
10369,44620,-11.960977,-40.167711,baixa grande,BA
10370,44630,-11.710513,-40.149551,mairi,BA
10371,44635,-11.606057,-40.132617,varzea da roca,BA
10372,44640,-11.80879,-39.382295,riachao do jacuipe,BA
10373,44642,-11.608046,-39.63091,nova fatima,BA
10374,44645,-11.671607,-39.835906,capela do alto alegre,BA
10375,44650,-11.471286,-39.78269,gaviao,BA
10376,44655,-11.837035,-39.612811,pe de serra,BA
10377,44660,-12.156444,-39.437202,serra preta,BA
10378,44670,-12.15015,-39.246087,anguera,BA
10379,44680,-12.311407,-39.309509,ipecaeta,BA
10380,44690,-11.257672,-40.943502,varzea nova,BA
10381,44695,-11.380621,-40.011466,capim grosso,BA
10382,44698,-11.456212,-39.954864,sao jose do jacuipe,BA
10383,44700,-11.186623,-40.508474,jacobina,BA
10384,44710,-11.418925,-40.29195,serrolandia,BA
10385,44713,-11.4192,-40.123797,quixabeira,BA
10386,44715,-11.527259,-40.316615,varzea do poco,BA
10387,44718,-10.898626,-41.142578,ourolandia,BA
10388,44720,-11.429867,-40.597147,miguel calmon,BA
10389,44730,-11.118311,-40.38589,caém,BA
10390,44740,-10.940026,-40.421129,saude,BA
10391,44745,-10.943869,-40.568113,mirangaba,BA
10392,44750,-11.107564,-40.070572,caldeirao grande,BA
10393,44755,-10.876824,-40.128154,ponto novo,BA
10394,44770,-10.739782,-40.380494,pindobacu,BA
10395,44775,-10.742262,-40.133396,filadelfia,BA
10396,44780,-10.572357,-40.275946,antonio goncalves,BA
10397,44790,-10.505535,-40.323896,campo formoso,BA
10398,44798,-10.731455,-41.323308,umburanas,BA
10399,44800,-11.883727,-40.49132,mundo novo,BA
10400,44830,-11.730444,-40.55531,piritiba,BA
10401,44840,-11.847737,-40.792211,tapiramuta,BA
10402,44850,-11.547926,-41.159161,morro do chapeu,BA
10403,44880,-11.686678,-41.465403,cafarnaum,BA
10404,44885,-11.984826,-41.60885,mulungu do morro,BA
10405,44890,-11.722303,-41.766476,canarana,BA
10406,44892,-11.86046,-41.75397,salobro,BA
10407,44895,-11.769488,-41.901853,barro alto,BA
10408,44900,-11.304145,-41.856055,irece,BA
10409,44905,-11.383519,-41.83193,lapao,BA
10410,44910,-11.455347,-41.457922,america dourada,BA
10411,44915,-11.215761,-41.860439,sao gabriel,BA
10412,44920,-11.347072,-41.660932,joao dourado,BA
10413,44925,-11.035846,-41.952375,jussara,BA
10414,44930,-11.29553,-41.988435,presidente dutra,BA
10415,44940,-11.136794,-42.106337,central,BA
10416,44950,-11.328601,-42.133923,uibai,BA
10417,44960,-11.543546,-41.975606,ibitita,BA
10418,44970,-11.61374,-42.059045,ibipeba,BA
10419,44990,-11.817682,-42.059329,barra do mendes,BA
10420,45000,-14.852579,-40.842894,vitoria da conquista,BA
10421,45002,-14.844031,-40.842447,vitoria da conquista,BA
10422,45003,-14.842222,-40.833889,vitoria da conquista,BA
10423,45005,-14.849954,-40.830117,vitoria da conquista,BA
10424,45008,-14.81712,-40.77611,vitoria da conquista,BA
10425,45009,-14.852564,-40.812621,vitoria da conquista,BA
10426,45010,-14.853568,-40.845274,vitoria da conquista,BA
10427,45012,-14.853988,-40.80375,vitoria da conquista,BA
10428,45015,-14.847991,-40.845781,vitoria da conquista,BA
10429,45020,-14.859833,-40.836906,vitoria da conquista,BA
10430,45023,-14.865376,-40.846102,vitoria da conquista,BA
10431,45025,-14.856427,-40.852185,vitoria da conquista,BA
10432,45026,-14.879795,-40.836561,vitoria da conquista,BA
10433,45027,-14.874447,-40.846312,vitoria da conquista,BA
10434,45028,-14.862653,-40.824213,vitoria da conquista,BA
10435,45029,-14.873267,-40.811908,vitória da conquista,BA
10436,45031,-14.882156,-40.812627,vitoria da conquista,BA
10437,45035,-14.841868,-40.842552,vitoria da conquista,BA
10438,45037,-14.904388,-40.835661,vitoria da conquista,BA
10439,45050,-14.882839,-40.830671,vitoria da conquista,BA
10440,45051,-14.855475,-40.854691,vitoria da conquista,BA
10441,45052,-14.871699,-40.861291,vitoria da conquista,BA
10442,45053,-14.857817,-40.850209,vitoria da conquista,BA
10443,45055,-14.862556,-40.840841,vitoria da conquista,BA
10444,45058,-14.930478,-40.887092,vitoria da conquista,BA
10445,45061,-14.882826,-40.873527,vitoria da conquista,BA
10446,45065,-14.873485,-40.857374,vitoria da conquista,BA
10447,45066,-14.879518,-40.853466,vitoria da conquista,BA
10448,45070,-14.850704,-40.874024,vitoria da conquista,BA
10449,45075,-14.845796,-40.854053,vitoria da conquista,BA
10450,45077,-14.864803,-40.859404,vitoria da conquista,BA
10451,45078,-14.838323,-40.875991,vitoria da conquista,BA
10452,45079,-14.842201,-40.890733,vitória da conquista,BA
10453,45085,-14.839383,-40.846911,vitoria da conquista,BA
10454,45089,-14.828166,-40.82744,vitoria da conquista,BA
10455,45095,-14.90849,-40.840394,vitoria da conquista,BA
10456,45104,-14.879821,-40.891212,vitoria da conquista,BA
10457,45120,-14.791368,-40.626192,barra do choca,BA
10458,45130,-14.978211,-40.409244,caatiba,BA
10459,45140,-15.246023,-40.623537,itambe,BA
10460,45150,-15.533259,-40.910207,encruzilhada,BA
10461,45155,-15.485118,-40.681054,ribeirao do largo,BA
10462,45157,-15.473399,-41.247442,candido sales,BA
10463,45160,-15.036469,-41.260324,belo campo,BA
10464,45170,-14.975692,-41.411948,tremedal,BA
10465,45177,-14.706062,-41.264244,caraibas,BA
10466,45180,-14.611423,-41.136307,anage,BA
10467,45190,-14.671259,-40.479417,planalto,BA
10468,45195,-17.733263,-42.527508,lucaia,BA
10469,45200,-13.860034,-40.085258,jequie,BA
10470,45201,-13.857576,-40.101359,jequie,BA
10471,45202,-13.860444,-40.095628,jequie,BA
10472,45203,-13.853484,-40.081808,jequie,BA
10473,45204,-13.856298,-40.062425,jequie,BA
10474,45205,-13.868183,-40.066614,jequie,BA
10475,45206,-13.868811,-40.059627,jequie,BA
10476,45207,-13.869194,-40.05451,jequie,BA
10477,45208,-13.866785,-40.06955,jequie,BA
10478,45209,-13.871931,-40.066436,jequie,BA
10479,45210,-13.870854,-40.082238,jequie,BA
10480,45211,-13.872087,-40.094511,jequie,BA
10481,45215,-13.655886,-40.212716,lafaiete coutinho,BA
10482,45220,-14.126493,-39.889907,aiquara,BA
10483,45225,-14.017073,-39.890595,jitauna,BA
10484,45230,-14.163788,-40.005503,itagi,BA
10485,45240,-14.129885,-40.297245,manoel vitorino,BA
10486,45245,-14.045719,-40.562251,catingal,BA
10487,45250,-14.364198,-40.207549,boa nova,BA
10488,45255,-14.240923,-40.769625,mirante,BA
10489,45260,-14.528106,-40.368005,pocoes,BA
10490,45263,-14.373533,-40.507128,bom jesus da serra,BA
10491,45265,-14.340477,-40.907727,caetanos,BA
10492,45270,-14.658292,-40.12033,nova canaa,BA
10493,45280,-14.75336,-40.088572,iguai,BA
10494,45285,-14.752162,-40.090126,iguaibi,BA
10495,45290,-14.843088,-39.986171,ibicui,BA
10496,45300,-13.028283,-39.601304,amargosa,BA
10497,45305,-12.945754,-39.52142,elisio medrado,BA
10498,45310,-13.266554,-39.668256,ubaira,BA
10499,45312,-13.2425,-39.75806,engenheiro franca,BA
10500,45315,-12.872538,-39.85121,milagres,BA
10501,45320,-13.292728,-39.818934,santa ines,BA
10502,45325,-13.100003,-39.809154,brejoes,BA
10503,45330,-13.358402,-39.813792,cravolandia,BA
10504,45340,-13.448817,-39.938448,itaquara,BA
10505,45345,-13.52934,-39.975778,jaguaquara,BA
10506,45350,-13.533099,-40.151248,itirucu,BA
10507,45355,-13.856203,-39.74443,apuarema,BA
10508,45360,-13.439421,-40.433319,maracas,BA
10509,45365,-13.475128,-40.221229,lajedo do tabocal,BA
10510,45370,-13.253441,-40.085865,irajuba,BA
10511,45375,-13.401466,-40.380081,planaltino,BA
10512,45390,-13.026517,-40.066792,nova itarana,BA
10513,45400,-13.366253,-39.070294,valenca,BA
10514,45416,-13.454458,-39.425329,presidente tancredo neves,BA
10515,45420,-13.484783,-39.02506,cairu,BA
10516,45428,-16.746868,-41.474088,morro de sao paulo,BA
10517,45430,-13.53509,-39.100749,taperoa,BA
10518,45435,-13.734941,-39.146822,itubera,BA
10519,45436,-13.766221,-39.376855,pirai do norte,BA
10520,45440,-13.603554,-39.100606,nilo peçanha,BA
10521,45443,-13.82278,-39.142141,igrapiuna,BA
10522,45445,-13.953359,-39.116264,camamu,BA
10523,45450,-13.744774,-39.486533,gandu,BA
10524,45452,-13.810467,-39.623186,nova ibia,BA
10525,45455,-13.779466,-39.684752,itamari,BA
10526,45460,-13.6755,-39.493502,wenceslau guimaraes,BA
10527,45465,-13.247299,-39.407199,teolandia,BA
10528,45470,-13.256751,-39.571963,jequirica,BA
10529,45480,-13.228348,-39.506291,mutuipe,BA
10530,45490,-13.172363,-39.42386,laje,BA
10531,45500,-14.156705,-39.387507,ibirapitanga,BA
10532,45520,-14.069037,-39.003003,marau,BA
10533,45530,-14.279705,-38.993789,itacare,BA
10534,45534,-14.277952,-38.995374,itacare,BA
10535,45540,-14.323905,-39.466244,gongogi,BA
10536,45545,-14.311564,-39.318648,ubaitaba,BA
10537,45550,-14.213509,-39.522696,ubata,BA
10538,45560,-14.208802,-39.602125,barra do rocha,BA
10539,45570,-14.134454,-39.73653,ipiau,BA
10540,45580,-14.06821,-39.639846,ibirataia,BA
10541,45585,-14.270192,-39.84008,itagiba,BA
10542,45590,-14.432376,-39.904642,dario meira,BA
10543,45600,-14.793174,-39.278224,itabuna,BA
10544,45601,-14.816728,-39.30368,itabuna,BA
10545,45602,-14.787232,-39.283998,itabuna,BA
10546,45603,-14.781409,-39.272711,itabuna,BA
10547,45604,-14.77639,-39.265753,itabuna,BA
10548,45605,-14.795487,-39.271286,itabuna,BA
10549,45606,-14.804919,-39.265729,itabuna,BA
10550,45607,-14.810565,-39.274848,itabuna,BA
10551,45608,-14.813218,-39.280276,itabuna,BA
10552,45610,-15.19128,-39.495025,jussari,BA
10553,45611,-14.811486,-39.301119,itabuna,BA
10554,45613,-14.824511,-39.311053,itabuna,BA
10555,45615,-14.957693,-39.30372,buerarema,BA
10556,45620,-15.084011,-39.339561,sao jose da vitoria,BA
10557,45622,-14.597056,-39.847827,jussari,BA
10558,45625,-14.808885,-39.473271,barro preto,BA
10559,45630,-14.674968,-39.376796,itajuipe,BA
10560,45638,-14.635468,-39.555893,coaraci,BA
10561,45640,-14.704283,-39.637629,almadina,BA
10562,45645,-14.429705,-39.564464,itapitanga,BA
10563,45650,-14.79645,-39.042809,ilheus,BA
10564,45651,-14.785769,-39.046563,ilheus,BA
10565,45652,-14.790908,-39.035295,ilheus,BA
10566,45653,-14.799133,-39.034538,ilheus,BA
10567,45654,-14.81179,-39.032053,ilheus,BA
10568,45655,-14.821504,-39.033458,ilheus,BA
10569,45656,-14.822669,-39.034202,ilheus,BA
10570,45657,-14.798196,-39.059532,ilheus,BA
10571,45658,-14.77862,-39.056906,ilheus,BA
10572,45661,-14.790687,-39.05852,ilheus,BA
10573,45662,-14.805138,-39.039484,ilheus,BA
10574,45675,-14.3294,-39.374917,aurelino leal,BA
10575,45680,-14.590416,-39.286175,urucuca,BA
10576,45690,-15.291869,-39.074254,una,BA
10577,45695,-15.262323,-39.418028,arataca,BA
10578,45700,-15.250539,-40.244381,itapetinga,BA
10579,45710,-15.109116,-40.066917,itororo,BA
10580,45712,-12.980285,-38.435655,rio do meio,BA
10581,45720,-14.959674,-39.920899,firmino alves,BA
10582,45725,-14.962521,-39.810764,santa cruz da vitoria,BA
10583,45730,-15.150717,-39.68291,itaju do colonia,BA
10584,45740,-14.859158,-39.65928,floresta azul,BA
10585,45745,-14.864949,-39.591565,ibicarai,BA
10586,45750,-14.895677,-39.425319,itape,BA
10587,45760,-15.56017,-40.425355,macarani,BA
10588,45770,-15.625524,-40.263765,maiquinique,BA
10589,45780,-15.654612,-40.063555,itarantim,BA
10590,45790,-15.632234,-39.789165,potiragua,BA
10591,45800,-15.861451,-38.878747,belmonte,BA
10592,45807,-16.24463,-39.022628,santa cruz cabralia,BA
10593,45810,-16.432325,-39.076204,porto seguro,BA
10594,45816,-16.381853,-39.304253,arraial d'ajuda,BA
10595,45818,-16.584494,-39.12915,trancoso,BA
10596,45820,-16.373461,-39.586752,eunapolis,BA
10597,45821,-16.365604,-39.588817,eunapolis,BA
10598,45822,-16.358294,-39.587124,eunapolis,BA
10599,45823,-16.340329,-39.576695,eunapolis,BA
10600,45824,-16.367639,-39.573648,eunapolis,BA
10601,45825,-16.369173,-39.573052,eunapolis,BA
10602,45826,-16.36729,-39.57626,eunapolis,BA
10603,45828,-16.368657,-39.572926,eunapolis,BA
10604,45829,-16.371933,-39.575662,eunapolis,BA
10605,45830,-16.381271,-39.572337,eunapolis,BA
10606,45834,-16.840941,-40.142063,jucurucu,BA
10607,45836,-17.03748,-39.53348,itamaraju,BA
10608,45840,-16.583957,-39.781497,guaratinga,BA
10609,45848,-16.576951,-39.559278,itabela,BA
10610,45850,-16.088493,-39.614599,itagimirim,BA
10611,45855,-15.969721,-39.532247,itapebi,BA
10612,45860,-15.673675,-38.949596,canavieiras,BA
10613,45865,-15.432443,-39.329224,santa luzia,BA
10614,45870,-15.588263,-39.373548,mascote,BA
10615,45880,-15.414474,-39.495731,camacan,BA
10616,45890,-15.464654,-39.653334,pau brasil,BA
10617,45900,-17.729723,-39.264415,caravelas,BA
10618,45910,-17.510144,-39.234138,alcobaca,BA
10619,45920,-17.898045,-39.373106,nova vicosa,BA
10620,45928,-17.887378,-39.861225,posto da mata,BA
10621,45930,-18.071054,-39.566524,mucuri,BA
10622,45936,-15.875778,-39.707407,itabata,BA
10623,45940,-17.686726,-40.108405,ibirapua,BA
10624,45950,-17.612033,-40.345154,lajedao,BA
10625,45955,-17.256417,-40.020705,vereda,BA
10626,45960,-17.374893,-40.220599,medeiros neto,BA
10627,45968,-17.474623,-40.297628,itupeva,BA
10628,45970,-17.155949,-40.330722,itanhem,BA
10629,45972,-17.162221,-40.26566,ibiraja,BA
10630,45975,-12.933428,-38.498472,batinga,BA
10631,45980,-17.327091,-39.224734,prado,BA
10632,45983,-14.0965,-37.762553,cumuruxatiba,BA
10633,45985,-17.518349,-39.763111,teixeira de freitas,BA
10634,45986,-17.480966,-39.808745,teixeira de freitas,BA
10635,45987,-17.53495,-39.734571,teixeira de freitas,BA
10636,45988,-17.528751,-39.713713,teixeira de freitas,BA
10637,45989,-17.541285,-39.71721,teixeira de freitas,BA
10638,45990,-17.544293,-39.727168,teixeira de freitas,BA
10639,45991,-17.550361,-39.745719,teixeira de freitas,BA
10640,45992,-17.547026,-39.743319,teixeira de freitas,BA
10641,45993,-17.541817,-39.75271,teixeira de freitas,BA
10642,45994,-17.533718,-39.759223,teixeira de freitas,BA
10643,45995,-17.520851,-39.754427,teixeira de freitas,BA
10644,45996,-17.53271,-39.735622,teixeira de freitas,BA
10645,45997,-17.540585,-39.734884,teixeira de freitas,BA
10646,45998,-17.540705,-39.749019,teixeira de freitas,BA
10647,46100,-14.20539,-41.671352,brumado,BA
10648,46103,-14.03735,-41.73431,itaquarai,BA
10649,46110,-14.384332,-41.879614,malhada de pedras,BA
10650,46130,-14.417742,-41.449894,aracatu,BA
10651,46140,-13.652157,-41.848669,livramento de nossa senhora,BA
10652,46165,-13.778424,-41.768963,dom basilio,BA
10653,46170,-13.570079,-41.805814,rio de contas,BA
10654,46180,-13.422992,-42.129089,erico cardoso,BA
10655,46190,-13.452903,-42.238511,paramirim,BA
10656,46200,-14.900027,-41.969655,condeuba,BA
10657,46205,-14.551905,-41.955702,guajeru,BA
10658,46220,-14.402586,-42.07775,rio do antonio,BA
10659,46225,-14.205944,-42.116261,ibitira,BA
10660,46250,-14.685719,-41.680697,presidente janio quadros,BA
10661,46255,-14.664949,-41.492205,maetinga,BA
10662,46270,-14.943183,-41.717652,piripa,BA
10663,46280,-15.039131,-41.934249,cordeiros,BA
10664,46290,-15.024266,-42.369716,mortugaba,BA
10665,46300,-14.501526,-42.223041,cacule,BA
10666,46310,-14.842837,-42.424026,jacaraci,BA
10667,46315,-14.792131,-42.271253,irundiara,BA
10668,46330,-14.680469,-42.50351,licinio de almeida,BA
10669,46335,-14.589244,-42.438117,tauape,BA
10670,46350,-14.768,-42.655732,urandi,BA
10671,46360,-14.487803,-42.685205,pindai,BA
10672,46380,-14.410582,-42.867186,candiba,BA
10673,46390,-14.271311,-42.257124,ibiassuce,BA
10674,46400,-14.065827,-42.487835,caetite,BA
10675,46410,-12.401242,-38.754022,maniacu,BA
10676,46425,-14.036183,-42.141699,lagoa real,BA
10677,46430,-14.222684,-42.78247,guanambi,BA
10678,46438,-14.411786,-43.553729,iuiu,BA
10679,46440,-14.332532,-43.762313,malhada,BA
10680,46445,-14.293489,-43.771014,carinhanha,BA
10681,46446,-14.212688,-44.283211,feira da mata,BA
10682,46450,-14.557002,-42.982485,sebastiao laranjeiras,BA
10683,46460,-14.259196,-43.166418,palmas de monte alto,BA
10684,46470,-13.611724,-42.936687,riacho de santana,BA
10685,46480,-13.90986,-42.845362,matina,BA
10686,46490,-13.776066,-42.713719,igapora,BA
10687,46500,-13.020257,-42.692556,macaubas,BA
10688,46530,-12.810421,-42.72196,boquira,BA
10689,46540,-12.88061,-42.487135,ibipitanga,BA
10690,46550,-13.124566,-42.284998,rio do pires,BA
10691,46560,-12.989122,-42.220055,ibiajara,BA
10692,46570,-13.379028,-42.522374,botupora,BA
10693,46575,-13.330602,-42.292799,caturama,BA
10694,46580,-13.548823,-42.496252,tanque novo,BA
10695,46600,-14.062406,-41.233561,tanhacu,BA
10696,46620,-13.77012,-41.06811,contendas do sincora,BA
10697,46640,-13.815428,-41.298739,ituacu,BA
10698,46650,-13.62722,-41.327467,barra da estiva,BA
10699,46670,-13.515575,-41.593067,jussiape,BA
10700,46690,-13.250662,-41.664153,abaira,BA
10701,46700,-12.628276,-42.234687,ibitiara,BA
10702,46730,-12.811869,-42.160488,novo horizonte,BA
10703,46740,-12.710702,-41.830397,boninal,BA
10704,46750,-13.009192,-41.375193,mucuge,BA
10705,46760,-13.385231,-41.319862,ibicoara,BA
10706,46765,-13.113421,-41.671798,piata,BA
10707,46766,-13.025071,-40.186483,inubia,BA
10708,46770,-13.293709,-40.95756,iramaia,BA
10709,46780,-13.029445,-40.582302,marcionilio souza,BA
10710,46790,-13.003859,-41.000856,itaete,BA
10711,46800,-12.284027,-40.497169,ruy barbosa,BA
10712,46805,-12.138661,-40.326114,macajuba,BA
10713,46810,-12.079938,-41.09528,utinga,BA
10714,46820,-11.969009,-41.266377,bonito,BA
10715,46825,-12.355009,-40.903527,lajedinho,BA
10716,46830,-12.79379,-41.294653,andarai,BA
10717,46833,-12.593721,-41.014423,ubiraita,BA
10718,46835,-12.815953,-41.069659,nova redencao,BA
10719,46840,-12.647789,-40.933356,ibiquera,BA
10720,46850,-12.672867,-40.646659,boa vista do tupim,BA
10721,46860,-12.77175,-40.20933,iacu,BA
10722,46865,-12.799917,-40.354005,joão amaro,BA
10723,46875,-12.710003,-39.698028,itatim,BA
10724,46880,-12.526603,-40.306329,itaberaba,BA
10725,46900,-12.419259,-41.772395,seabra,BA
10726,46930,-12.516908,-41.577808,palmeiras,BA
10727,46960,-12.545804,-41.382636,lencois,BA
10728,46970,-12.282236,-41.167854,wagner,BA
10729,46980,-12.248285,-41.605179,iraquara,BA
10730,46985,-12.283642,-41.512624,iraporanga,BA
10731,46990,-12.085219,-41.650846,souto soares,BA
10732,47100,-11.091421,-43.145574,barra,BA
10733,47115,-12.102418,-43.552358,muquem do sao francisco,BA
10734,47120,-10.71472,-43.634268,buritirama,BA
10735,47150,-10.98846,-44.50692,santa rita de cassia,BA
10736,47160,-10.719509,-44.034708,mansidao,BA
10737,47200,-9.621104,-42.08142,remanso,BA
10738,47220,-9.513954,-43.018039,campo alegre de lourdes,BA
10739,47240,-9.996855,-42.484996,pilao arcado,BA
10740,47300,-9.179311,-40.979425,casa nova,BA
10741,47310,-12.764684,-41.997813,santana do sobrado,BA
10742,47350,-9.743664,-41.867826,sento se,BA
10743,47400,-10.823082,-42.726976,xique-xique,BA
10744,47440,-11.009288,-42.398968,itaguacu da bahia,BA
10745,47450,-11.430397,-42.505533,gentio do ouro,BA
10746,47500,-12.693975,-43.182655,paratinga,BA
10747,47520,-12.176878,-43.216045,ibotirama,BA
10748,47530,-12.316543,-42.8845,oliveira dos brejinhos,BA
10749,47560,-12.003587,-42.623333,brotas de macaubas,BA
10750,47580,-11.563712,-43.276813,morpara,BA
10751,47590,-11.819543,-42.616786,ipupiara,BA
10752,47600,-13.253728,-43.412132,bom jesus da lapa,BA
10753,47610,-13.085306,-43.468164,sitio do mato,BA
10754,47630,-13.540838,-43.582495,serra do ramalho,BA
10755,47640,-13.388793,-44.200455,santa maria da vitoria,BA
10756,47650,-13.351613,-44.651659,correntina,BA
10757,47655,-13.623721,-44.466832,jaborandi,BA
10758,47665,-13.40343,-44.194363,sao felix do coribe,BA
10759,47680,-14.180515,-44.53528,cocos,BA
10760,47690,-13.826368,-44.45537,coribe,BA
10761,47700,-12.980679,-44.04973,santana,BA
10762,47730,-13.076519,-44.202023,canapolis,BA
10763,47740,-12.75979,-43.946159,serra dourada,BA
10764,47750,-12.484797,-43.961173,brejolandia,BA
10765,47760,-12.688346,-44.01763,tabocas do brejo velho,BA
10766,47800,-12.143982,-44.989683,barreiras,BA
10767,47801,-12.139628,-44.989076,barreiras,BA
10768,47802,-12.147682,-44.984676,barreiras,BA
10769,47803,-12.146688,-44.985848,barreiras,BA
10770,47804,-12.154982,-44.996478,barreiras,BA
10771,47805,-12.148891,-45.000206,barreiras,BA
10772,47806,-12.149821,-44.994297,barreiras,BA
10773,47807,-12.153558,-45.002041,barreiras,BA
10774,47808,-12.149905,-44.999141,barreiras,BA
10775,47810,-12.136135,-45.009246,barreiras,BA
10776,47813,-12.186877,-44.540232,barreiras,BA
10777,47814,-12.948501,-38.460632,barreiras,BA
10778,47820,-12.38468,-45.003007,sao desiderio,BA
10779,47825,-12.429225,-45.086046,sítio grande,BA
10780,47827,-26.919873,-49.086802,roda velha,BA
10781,47830,-12.305735,-44.538577,baianopolis,BA
10782,47845,-12.313912,-44.859547,catolândia,BA
10783,47850,-12.089152,-45.792498,luis eduardo magalhaes,BA
10784,47900,-11.979841,-44.25783,cotegipe,BA
10785,47940,-12.12126,-43.890043,wanderley,BA
10786,47950,-12.234605,-44.409314,cristopolis,BA
10787,47960,-12.006384,-44.698163,angical,BA
10788,47970,-11.749422,-44.909544,riachao das neves,BA
10789,47990,-11.033738,-45.212903,formosa do rio preto,BA
10790,48000,-12.139441,-38.422976,alagoinhas,BA
10791,48005,-12.140054,-38.422199,alagoinhas,BA
10792,48010,-12.131614,-38.421557,alagoinhas,BA
10793,48011,-12.123698,-38.416493,alagoinhas,BA
10794,48020,-12.132789,-38.415641,alagoinhas,BA
10795,48030,-12.137714,-38.405173,alagoinhas,BA
10796,48031,-12.146137,-38.420907,alagoinhas,BA
10797,48040,-12.147779,-38.421294,alagoinhas,BA
10798,48050,-12.144355,-38.432893,alagoinhas,BA
10799,48051,-12.15122,-38.427776,alagoinhas,BA
10800,48060,-12.141703,-38.438726,alagoinhas,BA
10801,48070,-12.134188,-38.438775,alagoinhas,BA
10802,48071,-12.13164,-38.438917,alagoinhas,BA
10803,48080,-12.1314,-38.4332,alagoinhas,BA
10804,48090,-12.123478,-38.429908,alagoinhas,BA
10805,48103,-4.596245,-42.854517,boa uniao,BA
10806,48108,-12.21136,-38.202716,aracas,BA
10807,48110,-12.363611,-38.382093,catu,BA
10808,48120,-12.426056,-38.327595,pojuca,BA
10809,48130,-12.092961,-38.501433,aramari,BA
10810,48140,-12.146157,-38.643827,pedrao,BA
10811,48150,-12.014118,-38.627895,ouricangas,BA
10812,48170,-11.829004,-38.756376,agua fria,BA
10813,48180,-11.944426,-38.083004,entre rios,BA
10814,48280,-12.528635,-38.281451,mata de sao joao,BA
10815,48288,-12.57681,-38.00417,açu da torre,BA
10816,48289,-12.575369,-38.002673,mata de sao joao,BA
10817,48290,-12.255997,-38.038731,itanagra,BA
10818,48300,-11.816688,-37.618179,conde,BA
10819,48310,-11.564022,-37.783242,jandaira,BA
10820,48330,-11.485885,-37.931876,rio real,BA
10821,48350,-11.667454,-38.096542,apora,BA
10822,48355,-13.468836,-39.24026,itamira,BA
10823,48360,-11.664408,-38.024282,acajutiba,BA
10824,48370,-11.796713,-37.947865,esplanada,BA
10825,48390,-11.948512,-37.948178,cardeal da silva,BA
10826,48400,-10.858287,-38.537204,ribeira do pombal,BA
10827,48405,-10.584656,-38.615128,banzae,BA
10828,48410,-10.593508,-38.383963,cicero dantas,BA
10829,48413,-10.53611,-38.60667,sao joao da fortaleza,BA
10830,48415,-10.595567,-38.213306,fatima,BA
10831,48420,-10.411399,-38.327371,antas,BA
10832,48430,-10.679621,-37.866476,paripiranga,BA
10833,48435,-10.537026,-38.115012,adustina,BA
10834,48440,-10.985144,-38.394977,ribeira do amparo,BA
10835,48445,-10.67798,-38.282373,heliopolis,BA
10836,48450,-11.100508,-38.515671,cipo,BA
10837,48455,-10.335498,-38.420349,novo triunfo,BA
10838,48460,-11.240484,-38.481212,nova soure,BA
10839,48470,-11.363708,-38.329817,olindina,BA
10840,48475,-11.310017,-38.219605,itapicuru,BA
10841,48480,-11.510071,-38.151658,crisopolis,BA
10842,48485,-11.604902,-38.582975,sátiro dias,BA
10843,48490,-11.788231,-38.35528,inhambupe,BA
10844,48500,-10.507192,-39.011342,euclides da cunha,BA
10845,48520,-9.90041,-39.034089,canudos,BA
10846,48540,-9.948403,-38.686494,jeremoabo,BA
10847,48565,-10.360812,-38.183487,sitio do quinto,BA
10848,48570,-9.734671,-38.127134,santa brigida,BA
10849,48580,-10.022387,-37.916122,pedro alexandre,BA
10850,48590,-10.286032,-37.927281,coronel joao sa,BA
10851,48601,-9.404442,-38.220405,paulo afonso,BA
10852,48602,-9.40468,-38.222158,paulo afonso,BA
10853,48603,-9.407997,-38.229477,paulo afonso,BA
10854,48604,-9.394186,-38.238564,paulo afonso,BA
10855,48605,-9.39459,-38.226931,paulo afonso,BA
10856,48606,-9.39493,-38.209576,paulo afonso,BA
10857,48607,-9.396324,-38.218772,paulo afonso,BA
10858,48608,-9.402697,-38.213531,paulo afonso,BA
10859,48609,-9.431893,-38.217369,paulo afonso,BA
10860,48610,-9.440567,-38.223738,paulo afonso,BA
10861,48611,-9.430876,-38.215327,paulo afonso,BA
10862,48620,-9.342072,-38.25618,gloria,BA
10863,48630,-8.859704,-38.762902,rodelas,BA
10864,48650,-9.171367,-39.057206,macurure,BA
10865,48660,-8.945887,-39.075092,chorrocho,BA
10866,48668,-13.009101,-38.525979,barra do tarrachil,BA
10867,48680,-8.697734,-39.153109,abare,BA
10868,48685,-8.632655,-39.244386,ibo,BA
10869,48700,-11.66152,-39.005474,serrinha,BA
10870,48705,-11.531525,-39.077284,barrocas,BA
10871,48710,-11.807183,-39.119634,candeal,BA
10872,48720,-11.79565,-38.883651,lamarao,BA
10873,48725,-11.747866,-39.192356,ichu,BA
10874,48730,-11.571258,-39.278683,conceicao do coite,BA
10875,48740,-13.532507,-38.993052,salgadalia,BA
10876,48745,-12.240386,-38.932294,conceição do coité,BA
10877,48750,-11.493551,-39.423464,retirolandia,BA
10878,48760,-11.335592,-38.961939,araci,BA
10879,48770,-11.487452,-38.995775,teofilandia,BA
10880,48780,-11.621555,-38.808107,biritinga,BA
10881,48790,-10.970716,-38.78933,tucano,BA
10882,48793,-11.02778,-38.791895,tucano,BA
10883,48800,-10.438708,-39.331646,monte santo,BA
10884,48830,-10.753087,-39.208981,quijingue,BA
10885,48832,-10.674079,-39.050575,algodões,BA
10886,48840,-10.66998,-39.497106,cansancao,BA
10887,48850,-10.692589,-39.853131,itiuba,BA
10888,48860,-10.977713,-39.626993,queimadas,BA
10889,48870,-10.82395,-39.429412,nordestina,BA
10890,48880,-11.253453,-39.37792,santaluz,BA
10891,48890,-11.411074,-39.462636,valente,BA
10892,48895,-11.463296,-39.526656,sao domingos,BA
10893,48900,-9.432676,-40.501893,juazeiro,BA
10894,48901,-9.433405,-40.517665,juazeiro,BA
10895,48902,-9.42023,-40.511339,juazeiro,BA
10896,48903,-9.412202,-40.500584,juazeiro,BA
10897,48904,-9.421126,-40.499096,juazeiro,BA
10898,48905,-9.424776,-40.494315,juazeiro,BA
10899,48906,-9.431063,-40.497336,juazeiro,BA
10900,48907,-9.433905,-40.494828,juazeiro,BA
10901,48908,-9.454429,-40.500662,juazeiro,BA
10902,48909,-9.442177,-40.505414,juazeiro,BA
10903,48913,-9.446346,-40.503311,juazeiro,BA
10904,48914,-9.450896,-40.494291,juazeiro,BA
10905,48916,-9.427576,-40.517692,juazeiro,BA
10906,48922,-9.589272,-40.425446,carnaiba do sertao,BA
10907,48925,-9.470888,-40.812427,sobradinho,BA
10908,48930,-8.972737,-39.884593,curaca,BA
10909,48950,-9.841477,-39.479159,uaua,BA
10910,48960,-10.261529,-40.192881,jaguarari,BA
10911,48967,-10.333614,-40.151525,jaguarari,BA
10912,48970,-10.460625,-40.186555,senhor do bonfim,BA
10913,48990,-10.344912,-39.829501,andorinha,BA
10914,49000,-11.009821,-37.078254,aracaju,SE
10915,49001,-11.003992,-37.090523,aracaju,SE
10916,49004,-11.046678,-37.103538,aracaju,SE
10917,49005,-11.059704,-37.106747,aracaju,SE
10918,49007,-11.075616,-37.135616,aracaju,SE
10919,49008,-11.095832,-37.136537,aracaju,SE
10920,49009,-11.099214,-37.134886,aracaju,SE
10921,49010,-10.912022,-37.053142,aracaju,SE
10922,49015,-10.92169,-37.051734,aracaju,SE
10923,49020,-10.930153,-37.051747,aracaju,SE
10924,49025,-10.938672,-37.057033,aracaju,SE
10925,49026,-10.944808,-37.057477,aracaju,SE
10926,49027,-10.941981,-37.063506,aracaju,SE
10927,49030,-10.97196,-37.067901,aracaju,SE
10928,49031,-10.970476,-37.067168,aracaju,SE
10929,49032,-10.971464,-37.056145,aracaju,SE
10930,49033,-11.010548,-37.092411,aracaju,SE
10931,49035,-10.971424,-37.045179,aracaju,SE
10932,49036,-10.975524,-37.045688,aracaju,SE
10933,49037,-10.989771,-37.061327,aracaju,SE
10934,49038,-10.994326,-37.071852,aracaju,SE
10935,49040,-10.95257,-37.069254,aracaju,SE
10936,49041,-10.980874,-37.088882,aracaju,SE
10937,49042,-10.971318,-37.08252,aracaju,SE
10938,49043,-10.96503,-37.090518,aracaju,SE
10939,49044,-10.986692,-37.100406,aracaju,SE
10940,49045,-10.933101,-37.066423,aracaju,SE
10941,49046,-10.946842,-37.057232,aracaju,SE
10942,49047,-10.943131,-37.075075,aracaju,SE
10943,49048,-10.942368,-37.071707,aracaju,SE
10944,49050,-10.92654,-37.063732,aracaju,SE
10945,49051,-10.92825,-37.063192,aracaju,SE
10946,49052,-10.920022,-37.064356,aracaju,SE
10947,49055,-10.912969,-37.061812,aracaju,SE
10948,49060,-10.899183,-37.061056,aracaju,SE
10949,49063,-10.886169,-37.064385,aracaju,SE
10950,49065,-10.897145,-37.053325,aracaju,SE
10951,49066,-10.893072,-37.053248,aracaju,SE
10952,49067,-10.877385,-37.053593,aracaju,SE
10953,49070,-10.904157,-37.075932,aracaju,SE
10954,49071,-10.884939,-37.081998,aracaju,SE
10955,49072,-10.901379,-37.068605,aracaju,SE
10956,49075,-10.912147,-37.071982,aracaju,SE
10957,49080,-10.917103,-37.080574,aracaju,SE
10958,49082,-10.911722,-37.081889,aracaju,SE
10959,49085,-10.9066,-37.081392,aracaju,SE
10960,49087,-10.894696,-37.082278,aracaju,SE
10961,49088,-10.93219,-37.091252,aracaju,SE
10962,49089,-10.974208,-37.111473,aracaju,SE
10963,49090,-10.895907,-37.095533,aracaju,SE
10964,49091,-10.889142,-37.097682,aracaju,SE
10965,49092,-10.918581,-37.101986,aracaju,SE
10966,49095,-10.949374,-37.086212,aracaju,SE
10967,49096,-10.922806,-37.082581,aracaju,SE
10968,49097,-10.932838,-37.078891,aracaju,SE
10969,49100,-10.959556,-37.150452,sao cristovao,SE
10970,49120,-11.012311,-37.320248,itaporanga d'ajuda,SE
10971,49130,-10.731421,-37.186887,riachuelo,SE
10972,49140,-10.909368,-37.028573,barra dos coqueiros,SE
10973,49160,-10.864127,-37.092309,nossa senhora do socorro,SE
10974,49170,-10.79814,-37.163008,laranjeiras,SE
10975,49180,-10.787407,-37.052565,santo amaro das brotas,SE
10976,49190,-10.738916,-36.856825,pirambu,SE
10977,49200,-11.260458,-37.435532,estancia,SE
10978,49220,-11.264701,-37.619175,araua,SE
10979,49230,-11.353333,-37.448726,santa luzia do itanhy,SE
10980,49250,-11.522596,-37.509001,indiaroba,SE
10981,49260,-11.381358,-37.66089,umbauba,SE
10982,49270,-11.476632,-37.755508,cristinapolis,SE
10983,49280,-11.374591,-37.840241,tomar do geru,SE
10984,49290,-11.274805,-37.790795,itabaianinha,SE
10985,49300,-11.184053,-38.001331,tobias barreto,SE
10986,49320,-11.069473,-37.726415,riachao do dantas,SE
10987,49350,-11.191488,-37.673744,pedrinhas,SE
10988,49360,-11.146863,-37.619135,boquim,SE
10989,49390,-11.034127,-37.475503,salgado,SE
10990,49400,-10.915876,-37.671627,lagarto,SE
10991,49480,-10.740265,-37.807692,simao dias,SE
10992,49490,-10.715681,-38.174903,poco verde,SE
10993,49500,-10.686469,-37.427326,itabaiana,SE
10994,49501,-10.679806,-37.418898,itabaiana,SE
10995,49503,-10.693486,-37.427787,itabaiana,SE
10996,49504,-10.697434,-37.426894,itabaiana,SE
10997,49505,-10.708913,-37.425244,itabaiana,SE
10998,49506,-10.689513,-37.434747,itabaiana,SE
10999,49507,-10.709893,-37.42667,itabaiana,SE
11000,49509,-10.681051,-37.432707,itabaiana,SE
11001,49510,-10.676444,-37.440342,itabaiana,SE
11002,49514,-10.549441,-37.542637,frei paulo,SE
11003,49517,-10.568164,-37.723585,pinhao,SE
11004,49520,-10.751677,-37.49306,campo do brito,SE
11005,49525,-10.792086,-37.568018,sao domingos,SE
11006,49530,-10.538093,-37.436127,ribeiropolis,SE
11007,49535,-10.386075,-37.378786,sao miguel do aleixo,SE
11008,49540,-10.397389,-37.453769,nossa senhora aparecida,SE
11009,49550,-10.359818,-37.704928,carira,SE
11010,49560,-10.580464,-37.341656,moita bonita,SE
11011,49565,-10.665507,-37.541966,macambira,SE
11012,49570,-10.658692,-37.307344,malhador,SE
11013,49580,-10.756914,-37.313691,areia branca,SE
11014,49600,-10.464075,-37.210367,nossa senhora das dores,SE
11015,49630,-10.605308,-37.113028,siriri,SE
11016,49640,-10.646598,-37.192557,santa rosa de lima,SE
11017,49650,-10.678985,-37.150454,divina pastora,SE
11018,49660,-10.354552,-37.18292,cumbe,SE
11019,49670,-10.262312,-37.312112,feira nova,SE
11020,49680,-10.233013,-37.41201,nossa senhora da gloria,SE
11021,49690,-10.027982,-37.562955,monte alegre de sergipe,SE
11022,49700,-10.504291,-37.05374,capela,SE
11023,49740,-10.648278,-36.987515,carmopolis,SE
11024,49750,-10.685271,-36.985955,general maynard,SE
11025,49760,-10.703278,-37.035514,rosario do catete,SE
11026,49770,-10.739241,-37.086353,maruim,SE
11027,49780,-10.415945,-36.958162,muribeca,SE
11028,49790,-10.284582,-37.019315,aquidaba,SE
11029,49800,-9.916198,-37.31464,porto da folha,SE
11030,49810,-9.819611,-37.69027,poco redondo,SE
11031,49820,-9.66817,-37.794551,caninde de sao francisco,SE
11032,49830,-9.969526,-37.083085,gararu,SE
11033,49860,-10.229173,-37.196917,graccho cardoso,SE
11034,49880,-10.137259,-36.97136,canhoba,SE
11035,49890,-10.078082,-37.054316,nossa senhora de lourdes,SE
11036,49900,-10.21457,-36.835823,propria,SE
11037,49910,-10.206162,-36.884853,telha,SE
11038,49920,-10.129935,-36.926616,amparo de sao francisco,SE
11039,49930,-10.251332,-36.882876,cedro de sao joao,SE
11040,49940,-10.35463,-36.918986,malhada dos bois,SE
11041,49945,-10.349337,-36.885787,sao francisco,SE
11042,49950,-10.349695,-36.804933,japoata,SE
11043,49960,-10.591401,-36.942737,japaratuba,SE
11044,49970,-10.452769,-36.645101,pacatuba,SE
11045,49980,-10.326344,-36.577473,neopolis,SE
11046,49985,-10.2709,-36.622187,santana do sao francisco,SE
11047,49990,-10.435943,-36.537047,ilha das flores,SE
11048,49995,-10.430071,-36.466561,brejo grande,SE
11049,50010,-8.063681,-34.87819,recife,PE
11050,50020,-8.06881,-34.880743,recife,PE
11051,50030,-8.062726,-34.872381,recife,PE
11052,50040,-8.053921,-34.877946,recife,PE
11053,50050,-8.054834,-34.887455,recife,PE
11054,50060,-8.062663,-34.887199,recife,PE
11055,50070,-8.061235,-34.893791,recife,PE
11056,50080,-8.072426,-34.898625,recife,PE
11057,50090,-8.07484,-34.893851,recife,PE
11058,50100,-8.048497,-34.886269,recife,PE
11059,50110,-8.042043,-34.879357,recife,PE
11060,50160,-8.057082,-34.908132,recife,PE
11061,50610,-8.054491,-34.908966,recife,PE
11062,50620,-8.045357,-34.914544,recife,PE
11063,50630,-8.056144,-34.923098,recife,PE
11064,50640,-8.059321,-34.932888,recife,PE
11065,50650,-8.056366,-34.937662,recife,PE
11066,50660,-8.062154,-34.939243,recife,PE
11067,50670,-8.044903,-34.93987,recife,PE
11068,50680,-8.034943,-34.931102,recife,PE
11069,50690,-8.031371,-34.938866,recife,PE
11070,50710,-8.04613,-34.90833,recife,PE
11071,50711,-8.051536,-34.921447,recife,PE
11072,50720,-8.05747,-34.912009,recife,PE
11073,50721,-8.050145,-34.931485,recife,PE
11074,50730,-8.056959,-34.942877,recife,PE
11075,50731,-8.041278,-34.932206,recife,PE
11076,50740,-8.041969,-34.94798,recife,PE
11077,50741,-8.050312,-34.958407,recife,PE
11078,50750,-8.06802,-34.907247,recife,PE
11079,50751,-8.065271,-34.918259,recife,PE
11080,50760,-8.071349,-34.919651,recife,PE
11081,50761,-8.07054,-34.929729,recife,PE
11082,50770,-8.08115,-34.910214,recife,PE
11083,50771,-8.086432,-34.924339,recife,PE
11084,50780,-8.096248,-34.940339,recife,PE
11085,50781,-8.083526,-34.936989,recife,PE
11086,50790,-8.079685,-34.950447,recife,PE
11087,50791,-8.087404,-34.968107,recife,PE
11088,50800,-8.034208,-34.943777,recife,PE
11089,50810,-8.040324,-34.957131,recife,PE
11090,50820,-8.076142,-34.917853,recife,PE
11091,50830,-8.069502,-34.911167,recife,PE
11092,50850,-8.081492,-34.917802,recife,PE
11093,50860,-8.09465,-34.924914,recife,PE
11094,50865,-8.082406,-34.931774,recife,PE
11095,50870,-8.095889,-34.93323,recife,PE
11096,50875,-8.102097,-34.932535,recife,PE
11097,50900,-8.090517,-34.942118,recife,PE
11098,50910,-8.081834,-34.940987,recife,PE
11099,50920,-8.088944,-34.955952,recife,PE
11100,50930,-8.091732,-34.955391,recife,PE
11101,50940,-8.081878,-34.966052,recife,PE
11102,50950,-8.075318,-34.957522,recife,PE
11103,50960,-8.036996,-34.982628,recife,PE
11104,50970,-8.03531,-34.975917,recife,PE
11105,50980,-8.028492,-34.959284,recife,PE
11106,51010,-8.085149,-34.881038,recife,PE
11107,51011,-8.096735,-34.885641,recife,PE
11108,51020,-8.114949,-34.896295,recife,PE
11109,51021,-8.125757,-34.902934,recife,PE
11110,51030,-8.13593,-34.906605,recife,PE
11111,51110,-8.087256,-34.888614,recife,PE
11112,51111,-8.10642,-34.88896,recife,PE
11113,51130,-8.143676,-34.90886,recife,PE
11114,51150,-8.106745,-34.915597,recife,PE
11115,51160,-8.113324,-34.906647,recife,PE
11116,51170,-8.091231,-34.913255,recife,PE
11117,51180,-8.102611,-34.914372,recife,PE
11118,51190,-8.115069,-34.919459,recife,PE
11119,51200,-8.113211,-34.914379,recife,PE
11120,51220,-8.112484,-34.932518,recife,PE
11121,51230,-8.114888,-34.940231,recife,PE
11122,51240,-8.123578,-34.937242,recife,PE
11123,51250,-8.135891,-34.932536,recife,PE
11124,51260,-8.132426,-34.941679,recife,PE
11125,51270,-8.109531,-34.944602,recife,PE
11126,51275,-8.107903,-34.947986,recife,PE
11127,51280,-8.117839,-34.949429,recife,PE
11128,51290,-8.122432,-34.947268,recife,PE
11129,51300,-8.12857,-34.947226,recife,PE
11130,51310,-8.135674,-34.949687,recife,PE
11131,51320,-8.132484,-34.951798,recife,PE
11132,51330,-8.126369,-34.956822,recife,PE
11133,51335,-8.11366,-34.962554,recife,PE
11134,51340,-8.118066,-34.956141,recife,PE
11135,51345,-8.111473,-34.954721,recife,PE
11136,51346,-8.107431,-34.962294,recife,PE
11137,51350,-8.107956,-34.922628,recife,PE
11138,52010,-8.059619,-34.90064,recife,PE
11139,52011,-8.049565,-34.900674,recife,PE
11140,52020,-8.045263,-34.894135,recife,PE
11141,52021,-8.040928,-34.890599,recife,PE
11142,52030,-8.037102,-34.885871,recife,PE
11143,52031,-8.035153,-34.881089,recife,PE
11144,52040,-8.028506,-34.88164,recife,PE
11145,52041,-8.034355,-34.894008,recife,PE
11146,52050,-8.038639,-34.899755,recife,PE
11147,52051,-8.028617,-34.907414,recife,PE
11148,52060,-8.034409,-34.911803,recife,PE
11149,52061,-8.03312,-34.922496,recife,PE
11150,52070,-8.028706,-34.919034,recife,PE
11151,52071,-8.022114,-34.929844,recife,PE
11152,52080,-8.017047,-34.912508,recife,PE
11153,52081,-8.01645,-34.923092,recife,PE
11154,52090,-8.014259,-34.929166,recife,PE
11155,52091,-8.004763,-34.935134,recife,PE
11156,52110,-8.025574,-34.901565,recife,PE
11157,52111,-8.01967,-34.899551,recife,PE
11158,52120,-8.022349,-34.889847,recife,PE
11159,52121,-8.019303,-34.88669,recife,PE
11160,52125,-8.020406,-34.878686,recife,PE
11161,52130,-8.010162,-34.893664,recife,PE
11162,52131,-8.008107,-34.903903,recife,PE
11163,52140,-8.004131,-34.90506,recife,PE
11164,52150,-8.002666,-34.912894,recife,PE
11165,52160,-7.992538,-34.91632,recife,PE
11166,52165,-7.984732,-34.919632,recife,PE
11167,52170,-7.978378,-34.917609,recife,PE
11168,52171,-8.018754,-34.955335,recife,PE
11169,52190,-8.002431,-34.926333,recife,PE
11170,52191,-8.000198,-34.924312,recife,PE
11171,52210,-8.01691,-34.912448,recife,PE
11172,52211,-8.019537,-34.905355,recife,PE
11173,52221,-8.012075,-34.885187,recife,PE
11174,52280,-8.018261,-34.916075,recife,PE
11175,52290,-7.992403,-34.940065,recife,PE
11176,52291,-7.993265,-34.934159,recife,PE
11177,52390,-7.986947,-34.930114,recife,PE
11178,52490,-8.012742,-34.929252,recife,PE
11179,53010,-8.021521,-34.85374,olinda,PE
11180,53012,-5.783671,-35.196947,natal,RN
11181,53020,-8.01425,-34.854727,olinda,PE
11182,53025,-8.014262,-34.85391,olinda,PE
11183,53030,-7.999088,-34.841992,olinda,PE
11184,53040,-7.971017,-34.834046,olinda,PE
11185,53050,-7.973241,-34.840529,olinda,PE
11186,53060,-7.973019,-34.84925,olinda,PE
11187,53070,-7.964656,-34.84517,olinda,PE
11188,53080,-7.961583,-34.8516,olinda,PE
11189,53090,-7.959832,-34.852439,olinda,PE
11190,53110,-8.027772,-34.87093,olinda,PE
11191,53120,-8.010487,-34.846374,olinda,PE
11192,53130,-7.988533,-34.841746,olinda,PE
11193,53140,-7.977249,-34.84198,olinda,PE
11194,53150,-7.964744,-34.839881,olinda,PE
11195,53160,-7.992032,-34.898481,olinda,PE
11196,53170,-7.987766,-34.906917,olinda,PE
11197,53180,-7.991027,-34.89364,olinda,PE
11198,53190,-7.982112,-34.899473,olinda,PE
11199,53210,-7.997037,-34.900953,olinda,PE
11200,53220,-8.012781,-34.875197,olinda,PE
11201,53230,-8.012661,-34.86443,olinda,PE
11202,53240,-8.007478,-34.852837,olinda,PE
11203,53250,-7.986315,-34.852405,olinda,PE
11204,53260,-8.00818,-34.881087,olinda,PE
11205,53270,-8.000135,-34.888024,olinda,PE
11206,53280,-7.995532,-34.889653,olinda,PE
11207,53290,-8.007285,-34.870189,olinda,PE
11208,53300,-8.005094,-34.87465,olinda,PE
11209,53320,-8.000503,-34.852525,olinda,PE
11210,53330,-8.00109,-34.859965,olinda,PE
11211,53350,-7.986801,-34.863101,olinda,PE
11212,53360,-7.979011,-34.88336,olinda,PE
11213,53370,-7.993753,-34.859838,olinda,PE
11214,53401,-7.941991,-34.878697,paulista,PE
11215,53402,-7.963618,-34.870404,paulista,PE
11216,53403,-7.957598,-34.874754,paulista,PE
11217,53404,-7.977419,-34.904135,paulista,PE
11218,53405,-7.961734,-34.873582,paulista,PE
11219,53407,-7.952856,-34.892691,paulista,PE
11220,53409,-7.948518,-34.895138,paulista,PE
11221,53413,-7.940737,-34.895538,paulista,PE
11222,53415,-7.933037,-34.884565,paulista,PE
11223,53416,-7.931076,-34.888032,paulista,PE
11224,53417,-7.935354,-34.891297,paulista,PE
11225,53421,-7.931595,-34.85855,paulista,PE
11226,53422,-7.938266,-34.861245,paulista,PE
11227,53423,-7.925731,-34.859614,paulista,PE
11228,53425,-7.900629,-34.839896,paulista,PE
11229,53427,-7.857729,-34.838032,paulista,PE
11230,53429,-7.891514,-34.83422,paulista,PE
11231,53431,-7.903988,-34.835863,paulista,PE
11232,53433,-7.911866,-34.838548,paulista,PE
11233,53435,-7.919367,-34.834695,paulista,PE
11234,53437,-7.931763,-34.829908,paulista,PE
11235,53439,-7.944757,-34.834621,paulista,PE
11236,53441,-7.947584,-34.869072,paulista,PE
11237,53442,-7.952374,-34.855409,paulista,PE
11238,53443,-7.95273,-34.873392,paulista,PE
11239,53444,-7.949605,-34.868443,paulista,PE
11240,53510,-7.906171,-34.899316,abreu e lima,PE
11241,53520,-7.912989,-34.904251,abreu e lima,PE
11242,53525,-7.910952,-34.903521,abreu e lima,PE
11243,53530,-7.918959,-34.926427,abreu e lima,PE
11244,53540,-7.92411,-34.920192,abreu e lima,PE
11245,53545,-7.913413,-34.908604,abreu e lima,PE
11246,53550,-7.907848,-34.911033,abreu e lima,PE
11247,53560,-7.904887,-34.906567,abreu e lima,PE
11248,53565,-7.903253,-34.904472,abreu e lima,PE
11249,53570,-7.890734,-34.913893,abreu e lima,PE
11250,53580,-7.899606,-34.900104,abreu e lima,PE
11251,53585,-7.898107,-34.904382,abreu e lima,PE
11252,53605,-7.820762,-34.915321,igarassu,PE
11253,53610,-7.830739,-34.907453,igarassu,PE
11254,53615,-7.815888,-34.905583,igarassu,PE
11255,53620,-7.84473,-34.904992,igarassu,PE
11256,53625,-7.869869,-34.904599,igarassu,PE
11257,53630,-7.853787,-34.912101,igarassu,PE
11258,53635,-7.872021,-34.908573,igarassu,PE
11259,53637,-7.858851,-34.914021,igarassu,PE
11260,53640,-7.834114,-34.918642,igarassu,PE
11261,53645,-7.870472,-34.911906,igarassu,PE
11262,53650,-7.814732,-34.92434,igarassu,PE
11263,53690,-7.789423,-35.089672,aracoiaba,PE
11264,53700,-7.77534,-34.897498,itapissuma,PE
11265,53900,-7.75192,-34.832488,ilha de itamaraca,PE
11266,54070,-8.107707,-35.022943,jaboatao dos guararapes,PE
11267,54080,-8.111316,-35.021344,jaboatao dos guararapes,PE
11268,54090,-8.126272,-35.018791,jaboatao dos guararapes,PE
11269,54100,-8.121733,-35.014325,jaboatao dos guararapes,PE
11270,54110,-8.112202,-35.016664,jaboatao dos guararapes,PE
11271,54120,-8.107246,-35.008422,jaboatao dos guararapes,PE
11272,54140,-8.098974,-35.016062,jaboatao dos guararapes,PE
11273,54150,-8.106273,-34.997492,jaboatao dos guararapes,PE
11274,54160,-8.112441,-34.9928,jaboatao dos guararapes,PE
11275,54170,-8.101637,-34.983099,jaboatao dos guararapes,PE
11276,54210,-8.099241,-34.968506,jaboatao dos guararapes,PE
11277,54220,-8.08685,-34.990133,jaboatao dos guararapes,PE
11278,54230,-8.124981,-34.968237,jaboatao dos guararapes,PE
11279,54240,-8.120523,-34.981958,jaboatao dos guararapes,PE
11280,54245,-8.100737,-34.994746,jaboatao dos guararapes,PE
11281,54250,-8.099702,-34.973573,jaboatao dos guararapes,PE
11282,54260,-8.118715,-34.96774,jaboatao dos guararapes,PE
11283,54270,-8.083185,-34.985319,jaboatao dos guararapes,PE
11284,54275,-8.133317,-34.971958,jaboatao dos guararapes,PE
11285,54280,-8.112151,-34.966934,jaboatao dos guararapes,PE
11286,54290,-8.129166,-34.960163,jaboatao dos guararapes,PE
11287,54300,-8.124614,-34.96537,jaboatao dos guararapes,PE
11288,54310,-8.157293,-34.923877,jaboatao dos guararapes,PE
11289,54315,-8.152808,-34.927077,jaboatao dos guararapes,PE
11290,54320,-8.142856,-34.938706,jaboatao dos guararapes,PE
11291,54325,-8.159483,-34.935196,jaboatao dos guararapes,PE
11292,54330,-8.165532,-34.932184,jaboatao dos guararapes,PE
11293,54335,-8.167925,-34.936549,jaboatao dos guararapes,PE
11294,54340,-8.190603,-34.959532,jaboatao dos guararapes,PE
11295,54345,-8.194796,-34.969972,jaboatao dos guararapes,PE
11296,54350,-8.165215,-34.949221,jaboatao dos guararapes,PE
11297,54352,-8.172833,-34.954252,jaboatao dos guararapes,PE
11298,54353,-8.177621,-34.937522,jaboatão dos guararapes,PE
11299,54360,-8.143639,-34.968574,jaboatao dos guararapes,PE
11300,54365,-8.151906,-34.978264,jaboatao dos guararapes,PE
11301,54368,-8.149989,-34.95928,jaboatao dos guararapes,PE
11302,54400,-8.157706,-34.915419,jaboatao dos guararapes,PE
11303,54410,-8.175759,-34.922532,jaboatao dos guararapes,PE
11304,54420,-8.186154,-34.923798,jaboatao dos guararapes,PE
11305,54430,-8.193133,-34.929181,jaboatao dos guararapes,PE
11306,54440,-8.203011,-34.922285,jaboatao dos guararapes,PE
11307,54450,-8.201326,-34.922187,jaboatao dos guararapes,PE
11308,54460,-8.189702,-34.928854,jaboatao dos guararapes,PE
11309,54470,-8.211601,-34.930441,jaboatao dos guararapes,PE
11310,54490,-8.183201,-34.952419,jaboatao dos guararapes,PE
11311,54500,-8.325519,-34.983956,cabo de santo agostinho,PE
11312,54505,-8.290712,-35.039361,cabo de santo agostinho,PE
11313,54510,-8.281014,-35.029889,cabo de santo agostinho,PE
11314,54515,-8.28375,-35.024448,cabo de santo agostinho,PE
11315,54517,-8.269364,-34.999672,cabo de santo agostinho,PE
11316,54520,-8.301651,-35.025895,cabo de santo agostinho,PE
11317,54522,-8.23299,-34.98207,cabo de santo agostinho,PE
11318,54525,-8.289837,-35.032035,cabo de santo agostinho,PE
11319,54530,-8.297839,-35.04087,cabo de santo agostinho,PE
11320,54535,-8.293807,-35.051967,cabo de santo agostinho,PE
11321,54580,-8.239991,-34.985358,cabo de santo agostinho,PE
11322,54589,-8.225177,-34.967229,cabo de santo agostinho,PE
11323,54590,-8.307732,-34.985934,santo agostinho,PE
11324,54700,-7.985571,-35.076478,são lourenço da mata,PE
11325,54705,-8.005472,-35.01806,sao lourenco da mata,PE
11326,54710,-8.001562,-35.048603,sao lourenco da mata,PE
11327,54715,-8.008589,-35.026064,sao lourenco da mata,PE
11328,54720,-8.005559,-35.034567,sao lourenco da mata,PE
11329,54725,-7.992049,-35.045477,sao lourenco da mata,PE
11330,54727,-7.991181,-35.051661,sao lourenco da mata,PE
11331,54730,-7.996447,-35.046002,sao lourenco da mata,PE
11332,54733,-8.002345,-35.008226,são lourenço da mata,PE
11333,54735,-7.992549,-35.038989,sao lourenco da mata,PE
11334,54737,-7.982594,-35.069008,sao lourenco da mata,PE
11335,54740,-7.999096,-35.029237,sao lourenco da mata,PE
11336,54749,-8.024018,-35.058883,nossa senhora da luz,PE
11337,54753,-8.014742,-34.97104,camaragibe,PE
11338,54756,-7.999858,-34.978788,camaragibe,PE
11339,54758,-8.013535,-34.965629,camaragibe,PE
11340,54759,-8.007281,-34.985561,camaragibe,PE
11341,54762,-8.025757,-34.981449,camaragibe,PE
11342,54765,-8.025986,-34.991492,camaragibe,PE
11343,54766,-8.024696,-34.988107,camaragibe,PE
11344,54767,-8.027651,-35.000908,camaragibe,PE
11345,54768,-8.014627,-34.991339,camaragibe,PE
11346,54771,-8.01624,-34.992396,camaragibe,PE
11347,54774,-8.015513,-34.99807,camaragibe,PE
11348,54777,-8.013412,-35.001634,camaragibe,PE
11349,54783,-7.951479,-35.019897,camaragibe,PE
11350,54786,-7.957144,-35.009796,camaragibe,PE
11351,54789,-7.985299,-34.999792,camaragibe,PE
11352,54792,-7.979405,-34.979432,camaragibe,PE
11353,54800,-8.117688,-35.10907,moreno,PE
11354,55002,-8.285577,-35.966534,caruaru,PE
11355,55004,-8.2851,-35.970756,caruaru,PE
11356,55006,-8.288175,-35.978111,caruaru,PE
11357,55008,-8.287282,-35.984881,caruaru,PE
11358,55010,-8.278966,-35.979338,caruaru,PE
11359,55012,-8.27821,-35.971818,caruaru,PE
11360,55014,-8.269536,-35.975511,caruaru,PE
11361,55016,-8.263333,-35.966623,caruaru,PE
11362,55018,-8.274926,-35.959171,caruaru,PE
11363,55019,-8.267401,-35.95359,caruaru,PE
11364,55020,-8.278984,-35.960087,caruaru,PE
11365,55021,-8.275907,-35.94975,caruaru,PE
11366,55022,-8.278415,-35.935393,caruaru,PE
11367,55024,-8.287425,-35.956323,caruaru,PE
11368,55026,-8.293435,-35.961914,caruaru,PE
11369,55028,-8.295716,-35.966259,caruaru,PE
11370,55030,-8.296752,-35.973527,caruaru,PE
11371,55031,-8.308666,-35.975014,caruaru,PE
11372,55032,-8.297863,-35.981334,caruaru,PE
11373,55034,-8.28751,-35.99304,caruaru,PE
11374,55036,-8.283664,-35.995596,caruaru,PE
11375,55038,-8.274033,-35.988199,caruaru,PE
11376,55040,-8.286713,-36.008816,caruaru,PE
11377,55042,-8.275617,-36.004228,caruaru,PE
11378,55044,-8.268217,-35.987284,caruaru,PE
11379,55120,-8.119033,-35.855405,riacho das almas,PE
11380,55125,-8.005941,-36.058503,toritama,PE
11381,55130,-8.328234,-36.137643,sao caitano,PE
11382,55140,-8.317127,-36.292013,tacaimbo,PE
11383,55150,-8.336324,-36.420358,belo jardim,PE
11384,55152,-8.339168,-36.435143,belo jardim,PE
11385,55153,-8.332725,-36.429858,belo jardim,PE
11386,55154,-8.332443,-36.417554,belo jardim,PE
11387,55155,-8.330774,-36.421573,belo jardim,PE
11388,55156,-21.494081,-56.154587,belo jardim,PE
11389,55157,-8.334156,-36.416433,belo jardim,PE
11390,55158,-8.342165,-36.4124,belo jardim,PE
11391,55160,-16.133531,-38.708745,serra do vento,PE
11392,55168,-8.014421,-34.900604,água fria,PE
11393,55170,-8.122701,-36.349993,brejo da madre de deus,PE
11394,55175,-8.176075,-36.195315,fazenda nova,PE
11395,55178,-18.240045,-43.043195,sao domingos,PE
11396,55180,-7.987394,-36.496402,jatauba,PE
11397,55190,-7.949417,-36.207512,santa cruz do capibaribe,PE
11398,55191,-7.933765,-36.198272,santa cruz do capibaribe,PE
11399,55192,-7.952837,-36.203463,santa cruz do capibaribe,PE
11400,55194,-7.951354,-36.208826,santa cruz do capibaribe,PE
11401,55195,-7.950179,-36.214733,santa cruz do capibaribe,PE
11402,55199,-7.960678,-36.204643,santa cruz do capibaribe,PE
11403,55200,-8.361199,-36.697784,pesqueira,PE
11404,55240,-8.18533,-36.705929,pocao,PE
11405,55250,-8.362654,-36.562103,sanharo,PE
11406,55260,-8.466946,-36.774936,alagoinha,PE
11407,55265,-8.538206,-36.725047,perpétuo socorro,PE
11408,55270,-8.57722,-36.87289,venturosa,PE
11409,55280,-8.517459,-36.938229,pedra,PE
11410,55290,-8.912742,-36.481261,garanhuns,PE
11411,55291,-8.907578,-36.480664,garanhuns,PE
11412,55292,-8.900857,-36.49404,garanhuns,PE
11413,55293,-8.893081,-36.494657,garanhuns,PE
11414,55294,-8.882841,-36.500409,garanhuns,PE
11415,55295,-8.884655,-36.487153,garanhuns,PE
11416,55296,-8.887676,-36.480488,garanhuns,PE
11417,55297,-8.876686,-36.470337,garanhuns,PE
11418,55298,-8.885144,-36.467215,garanhuns,PE
11419,55299,-8.881756,-36.467126,garanhuns,PE
11420,55302,-8.514446,-35.124573,sao pedro,PE
11421,55305,-9.056486,-36.624545,terezinha,PE
11422,55310,-9.0039,-36.32576,palmeirina,PE
11423,55315,-9.130223,-36.32872,correntes,PE
11424,55320,-9.124885,-36.459207,lagoa do ouro,PE
11425,55325,-9.024839,-36.5702,brejão,PE
11426,55330,-9.176445,-36.680047,bom conselho,PE
11427,55334,-9.275842,-36.613373,rainha isabel,PE
11428,55340,-9.108646,-37.116828,aguas belas,PE
11429,55345,-9.0573,-36.856776,iati,PE
11430,55350,-8.975079,-36.688063,saloa,PE
11431,55355,-8.91692,-36.65821,paranatama,PE
11432,55360,-8.774425,-36.624897,caetes,PE
11433,55365,-8.738399,-36.626964,capoeiras,PE
11434,55370,-8.522593,-36.445292,sao bento do una,PE
11435,55375,-8.742144,-36.336081,calcado,PE
11436,55380,-8.488938,-36.236475,cachoeirinha,PE
11437,55385,-8.661407,-36.322753,lajedo,PE
11438,55390,-8.580602,-36.178136,ibirajuba,PE
11439,55395,-8.711931,-36.416468,jupi,PE
11440,55398,-8.706206,-36.486719,jucati,PE
11441,55400,-8.664875,-35.726477,catende,PE
11442,55402,-8.59973,-35.763145,laje grande,PE
11443,55405,-8.784603,-35.813465,maraial,PE
11444,55409,-8.729323,-35.796255,jaqueira,PE
11445,55410,-8.806427,-35.918514,sao benedito do sul,PE
11446,55415,-8.827327,-36.012498,quipapa,PE
11447,55420,-8.878087,-36.197681,canhotinho,PE
11448,55430,-8.8895,-36.285352,angelim,PE
11449,55435,-8.875087,-36.367342,sao joao,PE
11450,55440,-8.62548,-35.83982,belem de maria,PE
11451,55445,-8.561677,-35.829577,batateira,PE
11452,55450,-8.657103,-35.903278,lagoa dos gatos,PE
11453,55460,-8.61004,-35.952903,cupira,PE
11454,55470,-8.666848,-36.022545,panelas,PE
11455,55473,-8.656498,-36.100187,panelas,PE
11456,55480,-8.717915,-36.138326,jurema,PE
11457,55485,-12.812998,-38.731669,santo antonio das queimadas,PE
11458,55490,-8.488412,-36.060834,altinho,PE
11459,55495,-8.455301,-35.946745,agrestina,PE
11460,55500,-8.366455,-35.241293,escada,PE
11461,55510,-8.3451,-35.353781,primavera,PE
11462,55515,-8.377196,-35.451878,amaraji,PE
11463,55520,-8.515697,-35.377314,ribeirao,PE
11464,55525,-8.473358,-35.542973,cortes,PE
11465,55530,-8.583846,-35.385519,gameleira,PE
11466,55535,-8.624642,-35.525758,joaquim nabuco,PE
11467,55540,-8.680194,-35.589012,palmares,PE
11468,55550,-8.706137,-35.517233,agua preta,PE
11469,55555,-8.805593,-35.626453,xexeu,PE
11470,55560,-8.814368,-35.19724,barreiros,PE
11471,55565,-8.89584,-35.149771,sao jose da coroa grande,PE
11472,55570,-8.662251,-35.152516,rio formoso,PE
11473,55578,-8.754093,-35.113059,tamandare,PE
11474,55580,-8.594848,-35.112609,sirinhaem,PE
11475,55590,-8.443375,-35.031187,ipojuca,PE
11476,55592,-8.386277,-34.995097,nossa senhora do o,PE
11477,55595,-8.513417,-35.124993,camela,PE
11478,55600,-8.107025,-35.297154,vitoria de santo antao,PE
11479,55602,-8.120648,-35.296603,vitoria de santo antao,PE
11480,55604,-8.121889,-35.302966,vitoria de santo antao,PE
11481,55605,-8.116712,-35.295986,vitoria de santo antao,PE
11482,55606,-8.119923,-35.309057,vitoria de santo antao,PE
11483,55608,-8.112598,-35.300966,vitoria de santo antao,PE
11484,55610,-8.108601,-35.285542,vitoria de santo antao,PE
11485,55612,-8.116313,-35.287067,vitoria de santo antao,PE
11486,55614,-8.124836,-35.289347,vitoria de santo antao,PE
11487,55618,-15.778086,-41.034474,pirituba,PE
11488,55620,-8.00046,-35.295205,gloria do goita,PE
11489,55630,-8.140399,-35.390147,pombos,PE
11490,55636,-8.240205,-35.461294,cha grande,PE
11491,55640,-8.205834,-35.563581,gravata,PE
11492,55641,-8.200862,-35.570011,gravata,PE
11493,55642,-8.197958,-35.558236,gravata,PE
11494,55643,-8.212307,-35.566811,gravata,PE
11495,55644,-8.210005,-35.576251,gravata,PE
11496,55645,-8.195439,-35.574163,gravata,PE
11497,55650,-7.981912,-35.581762,passira,PE
11498,55655,-8.010542,-35.699297,cumaru,PE
11499,55660,-8.23679,-35.754514,bezerros,PE
11500,55665,-8.361373,-35.762789,camocim de sao felix,PE
11501,55670,-8.434781,-35.811085,sao joaquim do monte,PE
11502,55675,-7.940611,-35.63549,salgadinho,PE
11503,55680,-8.471948,-35.731754,bonito,PE
11504,55690,-8.420432,-35.661621,barra de guabiraba,PE
11505,55695,-8.32392,-35.707461,saire,PE
11506,55700,-7.877098,-35.447932,limoeiro,PE
11507,55715,-7.94932,-35.385321,feira nova,PE
11508,55720,-7.857286,-35.592997,joao alfredo,PE
11509,55730,-7.796382,-35.589215,bom jardim,PE
11510,55735,-5.746775,-40.242277,bizarra,PE
11511,55740,-7.686008,-35.515404,machados,PE
11512,55745,-7.748808,-35.60433,orobo,PE
11513,55750,-7.842574,-35.759952,surubim,PE
11514,55755,-7.754587,-35.718991,casinhas,PE
11515,55760,-7.784436,-35.832882,vertente do lerio,PE
11516,55765,-7.828305,-35.883584,santa maria do cambuca,PE
11517,55770,-7.907004,-35.989117,vertentes,PE
11518,55780,-7.944719,-35.914193,frei miguelinho,PE
11519,55790,-7.912919,-36.068599,taquaritinga do norte,PE
11520,55800,-7.743764,-35.227393,nazare da mata,PE
11521,55805,-7.802056,-35.236366,tracunhaem,PE
11522,55811,-7.844273,-35.246486,carpina,PE
11523,55813,-7.84978,-35.25936,carpina,PE
11524,55814,-7.845873,-35.263929,carpina,PE
11525,55815,-7.842185,-35.255231,carpina,PE
11526,55816,-7.8432,-35.2636,carpina,PE
11527,55817,-7.837824,-35.248309,carpina,PE
11528,55818,-7.849356,-35.252288,carpina,PE
11529,55819,-7.843467,-35.234629,carpina,PE
11530,55820,-7.842975,-35.310573,lagoa do carro,PE
11531,55825,-7.894244,-35.178761,paudalho,PE
11532,55835,-7.99707,-35.210697,cha de alegria,PE
11533,55840,-7.92974,-35.292956,lagoa do itaenga,PE
11534,55845,-7.724441,-35.327301,buenos aires,PE
11535,55850,-7.657496,-35.321306,vicencia,PE
11536,55860,-7.594881,-35.487984,sao vicente ferrer,PE
11537,55865,-7.553567,-35.450704,macaparana,PE
11538,55870,-7.51138,-35.3172,timbauba,PE
11539,55880,-7.449112,-35.242534,ferreiros,PE
11540,55890,-7.595605,-35.221931,alianca,PE
11541,55900,-7.562637,-34.998662,goiana,PE
11542,55920,-7.409826,-35.114775,itambe,PE
11543,55930,-7.408334,-35.273037,camutanga,PE
11544,55940,-7.58771,-35.1023,condado,PE
11545,55950,-7.665711,-35.102376,itaquitinga,PE
11546,56000,-8.071323,-39.123569,salgueiro,PE
11547,56120,-7.933783,-38.970602,verdejante,PE
11548,56130,-7.719373,-39.237275,cedro,PE
11549,56140,-7.945677,-39.296456,serrita,PE
11550,56150,-7.615356,-39.541074,moreilandia,PE
11551,56160,-7.709355,-39.634413,granito,PE
11552,56163,-8.091548,-39.580493,parnamirim,PE
11553,56170,-8.617064,-39.601697,oroco,PE
11554,56180,-8.508697,-39.3093,cabrobo,PE
11555,56190,-8.228593,-39.376752,terra nova,PE
11556,56200,-7.88767,-40.083765,ouricuri,PE
11557,56210,-8.201956,-40.682927,santa filomena,PE
11558,56215,-8.239946,-40.333202,santa cruz,PE
11559,56220,-7.778685,-39.936898,bodoco,PE
11560,56230,-7.527189,-39.728993,exu,PE
11561,56250,-7.760828,-40.268344,trindade,PE
11562,56260,-7.646489,-40.153706,ipubi,PE
11563,56280,-7.576438,-40.502492,araripina,PE
11564,56302,-9.397876,-40.496342,petrolina,PE
11565,56304,-9.393219,-40.501126,petrolina,PE
11566,56306,-9.387737,-40.51158,petrolina,PE
11567,56308,-9.395148,-40.512818,petrolina,PE
11568,56309,-9.374187,-40.536878,petrolina,PE
11569,56310,-9.381605,-40.531483,petrolina,PE
11570,56312,-9.387741,-40.544394,petrolina,PE
11571,56313,-9.368871,-40.538008,petrolina,PE
11572,56314,-9.369797,-40.535961,petrolina,PE
11573,56316,-9.358478,-40.536348,petrolina,PE
11574,56317,-9.362301,-40.54883,petrolina,PE
11575,56318,-9.378892,-40.517806,petrolina,PE
11576,56319,-9.378393,-40.511638,petrolina,PE
11577,56320,-9.368517,-40.490816,petrolina,PE
11578,56321,-9.36881,-40.507508,petrolina,PE
11579,56322,-9.359561,-40.499223,petrolina,PE
11580,56323,-9.360831,-40.500268,petrolina,PE
11581,56326,-9.359957,-40.486883,petrolina,PE
11582,56328,-9.388008,-40.488818,petrolina,PE
11583,56330,-9.383651,-40.495495,petrolina,PE
11584,56331,-9.375597,-40.514859,petrolina,PE
11585,56332,-9.38777,-40.467634,petrolina,PE
11586,56345,-9.379866,-40.538752,rajada,PE
11587,56355,-8.446178,-40.767924,dormentes,PE
11588,56360,-8.528732,-41.021532,afranio,PE
11589,56380,-8.795232,-39.823476,santa maria da boa vista,PE
11590,56395,-8.999598,-40.265829,lagoa grande,PE
11591,56400,-8.597101,-38.566528,floresta,PE
11592,56420,-8.320715,-38.743697,carnaubeira da penha,PE
11593,56430,-8.727532,-38.687761,itacuruba,PE
11594,56440,-8.733542,-38.96062,belém do são francisco,PE
11595,56460,-8.978676,-38.220985,petrolandia,PE
11596,56470,-9.179607,-38.253882,jatoba,PE
11597,56480,-9.104298,-38.132748,tacaratu,PE
11598,56502,-8.408638,-37.08019,arcoverde,PE
11599,56503,-8.412332,-37.062732,arcoverde,PE
11600,56504,-8.416195,-37.055118,arcoverde,PE
11601,56505,-8.417546,-37.051126,arcoverde,PE
11602,56506,-8.41997,-37.056794,arcoverde,PE
11603,56509,-8.424071,-37.059867,arcoverde,PE
11604,56510,-8.424489,-37.058315,arcoverde,PE
11605,56511,-8.428808,-37.059628,arcoverde,PE
11606,56512,-8.414872,-37.06877,arcoverde,PE
11607,56515,-8.417541,-37.048593,arcoverde,PE
11608,56516,-8.433317,-37.069052,arcoverde,PE
11609,56517,-8.416261,-37.04482,arcoverde,PE
11610,56519,-8.417378,-37.041308,arcoverde,PE
11611,56520,-8.62061,-37.149447,buique,PE
11612,56540,-8.75148,-37.340501,tupanatinga,PE
11613,56550,-8.945809,-37.41984,itaiba,PE
11614,56560,-8.902383,-37.825674,inaja,PE
11615,56565,-8.962511,-37.626152,manari,PE
11616,56580,-8.542637,-37.687719,ibimirim,PE
11617,56600,-8.076277,-37.271962,sertania,PE
11618,56640,-8.089388,-37.644477,custodia,PE
11619,56670,-8.249213,-38.024035,betania,PE
11620,56700,-7.540904,-37.387822,sao jose do egito,PE
11621,56720,-7.378953,-37.190732,itapetim,PE
11622,56740,-7.349459,-37.28574,brejinho,PE
11623,56750,-7.375556,-37.478829,santa terezinha,PE
11624,56760,-7.60587,-37.314568,tuparetama,PE
11625,56780,-7.590018,-37.539738,tabira,PE
11626,56795,-7.600528,-37.650976,solidao,PE
11627,56800,-7.755593,-37.590138,afogados da ingazeira,PE
11628,56820,-7.804888,-37.793588,caraiba,PE
11629,56825,-7.667369,-37.689261,ibitiranga,PE
11630,56828,-7.718524,-37.849293,quixada,PE
11631,56830,-7.677512,-37.459635,ingazeira,PE
11632,56840,-7.835449,-37.49102,iguaraci,PE
11633,56848,-8.115034,-36.216737,jabitaca,PE
11634,56850,-7.890869,-37.933211,flores,PE
11635,56870,-7.836869,-38.102102,triunfo,PE
11636,56895,-7.820413,-38.153119,santa cruz da baixa verde,PE
11637,56903,-7.987815,-38.294877,serra talhada,PE
11638,56906,-7.984413,-38.303675,serra talhada,PE
11639,56909,-7.981668,-38.284814,serra talhada,PE
11640,56912,-7.990556,-38.289161,serra talhada,PE
11641,56915,-7.998162,-38.303907,serra talhada,PE
11642,56930,-7.939345,-38.153288,calumbi,PE
11643,56950,-7.865723,-38.759036,sao jose do belmonte,PE
11644,56980,-8.125636,-38.729259,mirandiba,PE
11645,57000,-9.638606,-35.710222,maceió,AL
11646,57010,-9.668005,-35.755677,maceio,AL
11647,57014,-9.657847,-35.75584,maceio,AL
11648,57015,-9.654213,-35.757369,maceio,AL
11649,57017,-9.635806,-35.748059,maceio,AL
11650,57018,-9.61745,-35.753871,maceio,AL
11651,57020,-9.654708,-35.738964,maceio,AL
11652,57022,-9.659662,-35.727177,maceio,AL
11653,57025,-9.659807,-35.721809,maceio,AL
11654,57030,-9.665433,-35.714538,maceio,AL
11655,57031,-9.648509,-35.716272,maceio,AL
11656,57035,-9.657132,-35.706769,maceio,AL
11657,57036,-9.647532,-35.706872,maceio,AL
11658,57037,-9.644483,-35.70959,maceio,AL
11659,57038,-9.625859,-35.700399,maceio,AL
11660,57039,-9.578299,-35.660432,maceio,AL
11661,57040,-9.641645,-35.723395,maceio,AL
11662,57041,-9.627443,-35.72247,maceio,AL
11663,57042,-9.61985,-35.727624,maceio,AL
11664,57043,-9.636044,-35.726867,maceio,AL
11665,57044,-9.624027,-35.710917,maceio,AL
11666,57045,-9.613991,-35.725278,maceio,AL
11667,57046,-9.606977,-35.723404,maceio,AL
11668,57048,-9.592434,-35.741723,maceio,AL
11669,57050,-9.642709,-35.733146,maceio,AL
11670,57051,-9.654523,-35.734516,maceio,AL
11671,57052,-9.624253,-35.733752,maceio,AL
11672,57055,-9.637567,-35.739674,maceio,AL
11673,57057,-9.627862,-35.74129,maceio,AL
11674,57060,-9.587858,-35.769927,maceio,AL
11675,57061,-9.601085,-35.758898,maceio,AL
11676,57062,-9.606019,-35.757864,maceio,AL
11677,57063,-9.59361,-35.772462,maceio,AL
11678,57070,-9.594744,-35.782947,maceio,AL
11679,57071,-9.583204,-35.774953,maceio,AL
11680,57072,-9.559533,-35.771539,maceio,AL
11681,57073,-9.560259,-35.758916,maceio,AL
11682,57074,-9.552955,-35.746819,maceio,AL
11683,57075,-9.557203,-35.783356,maceio,AL
11684,57080,-9.595691,-35.750354,maceio,AL
11685,57081,-9.57509,-35.756335,maceio,AL
11686,57082,-9.581403,-35.757611,maceio,AL
11687,57083,-9.560969,-35.743993,maceio,AL
11688,57084,-9.556623,-35.72778,maceio,AL
11689,57085,-9.558199,-35.738927,maceio,AL
11690,57086,-9.631616,-35.733119,maceio,AL
11691,57100,-9.499204,-35.831735,rio largo,AL
11692,57120,-9.570614,-35.826039,satuba,AL
11693,57130,-9.601084,-35.823857,santa luzia do norte,AL
11694,57140,-9.637659,-35.791015,coqueiro seco,AL
11695,57150,-9.599491,-35.956603,pilar,AL
11696,57160,-9.734391,-35.856301,marechal deodoro,AL
11697,57180,-9.838639,-35.896205,barra de sao miguel,AL
11698,57200,-10.28598,-36.56738,penedo,AL
11699,57210,-10.399847,-36.414286,piacabucu,AL
11700,57220,-10.294557,-36.308505,feliz deserto,AL
11701,57230,-10.125416,-36.174927,coruripe,AL
11702,57235,-10.05558,-36.052621,poxim,AL
11703,57240,-9.781947,-36.098488,sao miguel dos campos,AL
11704,57241,-9.783099,-36.101884,sao miguel dos campos,AL
11705,57242,-9.78325,-36.091507,são miguel dos campos,AL
11706,57244,-10.011416,-36.023196,jequia da praia,AL
11707,57245,-9.804041,-36.109005,sao miguel dos campos,AL
11708,57246,-9.847545,-35.975066,roteiro,AL
11709,57250,-9.783966,-36.350688,campo alegre,AL
11710,57255,-19.90537,-43.948306,jequia da praia,AL
11711,57257,-9.833418,-35.977635,roteiro,AL
11712,57258,-9.717641,-36.051202,campo alegre,AL
11713,57260,-9.62527,-36.022425,limoeiro de anadia,AL
11714,57265,-9.911363,-36.356498,teotonio vilela,AL
11715,57270,-9.888675,-36.46836,junqueiro,AL
11716,57275,-9.939137,-36.550852,sao sebastiao,AL
11717,57280,-10.127829,-36.655965,igreja nova,AL
11718,57290,-10.154751,-36.795212,porto real do colegio,AL
11719,57300,-9.751643,-36.661231,arapiraca,AL
11720,57301,-9.765973,-36.649769,arapiraca,AL
11721,57302,-9.76135,-36.638371,arapiraca,AL
11722,57303,-9.780226,-36.637724,arapiraca,AL
11723,57304,-9.762196,-36.662028,arapiraca,AL
11724,57305,-9.750486,-36.670255,arapiraca,AL
11725,57306,-9.742319,-36.669135,arapiraca,AL
11726,57307,-9.731995,-36.673937,arapiraca,AL
11727,57308,-9.72749,-36.665855,arapiraca,AL
11728,57309,-9.720627,-36.680433,arapiraca,AL
11729,57310,-9.736354,-36.662784,arapiraca,AL
11730,57311,-9.741878,-36.65632,arapiraca,AL
11731,57312,-9.745051,-36.652356,arapiraca,AL
11732,57313,-9.75414,-36.650657,arapiraca,AL
11733,57314,-9.74879,-36.643291,arapiraca,AL
11734,57315,-9.73425,-36.643686,arapiraca,AL
11735,57316,-9.759784,-36.646726,arapiraca,AL
11736,57317,-9.797449,-36.625158,arapiraca,AL
11737,57319,-23.258224,-47.30743,vila sao francisco,AL
11738,57320,-9.617563,-36.767592,craibas,AL
11739,57325,-9.636906,-36.579649,coite do noia,AL
11740,57330,-9.82824,-36.740649,lagoa da canoa,AL
11741,57340,-9.900533,-36.675698,feira grande,AL
11742,57350,-9.95909,-36.79051,campo grande,AL
11743,57360,-9.884218,-36.824781,girau do ponciano,AL
11744,57370,-9.967932,-37.002874,traipu,AL
11745,57380,-10.12644,-36.898839,sao bras,AL
11746,57390,-10.057377,-36.812658,olho d'agua grande,AL
11747,57400,-9.747237,-37.436257,pao de acucar,AL
11748,57410,-9.672144,-37.33,palestina,AL
11749,57420,-9.674351,-37.127515,batalha,AL
11750,57425,-9.65967,-37.001568,jaramataia,AL
11751,57430,-9.634283,-37.206148,jacare dos homens,AL
11752,57440,-9.603078,-37.247717,monteiropolis,AL
11753,57442,-9.534458,-37.294483,olho d'agua das flores,AL
11754,57445,-9.559174,-37.382002,sao jose da tapera,AL
11755,57460,-9.612644,-37.758213,piranhas,AL
11756,57470,-9.501612,-37.832093,olho d'água do casado,AL
11757,57475,-9.260142,-38.005858,pariconha,AL
11758,57480,-9.382638,-38.009069,delmiro gouveia,AL
11759,57490,-9.262317,-37.934953,agua branca,AL
11760,57500,-9.371471,-37.24589,santana do ipanema,AL
11761,57510,-9.303422,-37.300629,poco das trincheiras,AL
11762,57515,-9.467764,-37.456306,senador rui palmeira,AL
11763,57520,-9.233525,-37.358925,maravilha,AL
11764,57525,-9.162146,-37.357823,ouro branco,AL
11765,57530,-9.115907,-37.606784,canapi,AL
11766,57535,-9.4843,-37.374516,carneiros,AL
11767,57540,-9.117166,-37.740025,mata grande,AL
11768,57545,-9.221735,-37.747939,inhapi,AL
11769,57550,-9.513807,-37.189119,olivenca,AL
11770,57560,-9.387081,-37.089186,dois riachos,AL
11771,57570,-9.401102,-36.979228,cacimbinhas,AL
11772,57580,-9.539842,-37.014955,major isidoro,AL
11773,57600,-9.405726,-36.629552,palmeira dos indios,AL
11774,57601,-9.413566,-36.636192,palmeira dos indios,AL
11775,57602,-9.411372,-36.62333,palmeira dos indios,AL
11776,57603,-9.417474,-36.629633,palmeira dos indios,AL
11777,57604,-9.428343,-36.628353,palmeira dos indios,AL
11778,57605,-9.415886,-36.622214,palmeira dos indios,AL
11779,57606,-9.411108,-36.651868,palmeira dos indios,AL
11780,57607,-9.417183,-36.644199,palmeira dos indios,AL
11781,57608,-9.408592,-36.647259,palmeira dos indios,AL
11782,57620,-9.538876,-36.631399,igaci,AL
11783,57625,-9.388802,-36.760568,estrela de alagoas,AL
11784,57630,-9.579875,-36.475892,belem,AL
11785,57635,-9.534312,-36.434451,tanque d'arca,AL
11786,57640,-9.647656,-36.494629,taquarana,AL
11787,57660,-9.684047,-36.303293,anadia,AL
11788,57670,-9.575596,-36.30313,maribondo,AL
11789,57680,-9.644093,-36.213988,boca da mata,AL
11790,57690,-9.506694,-36.014881,atalaia,AL
11791,57700,-9.371712,-36.246378,vicosa,AL
11792,57720,-9.475011,-36.288993,pindoba,AL
11793,57730,-9.451209,-36.387712,mar vermelho,AL
11794,57740,-9.368572,-36.371461,paulo jacinto,AL
11795,57750,-9.316654,-36.466753,quebrangulo,AL
11796,57760,-9.257183,-36.298038,cha preta,AL
11797,57770,-9.398763,-36.146957,cajueiro,AL
11798,57780,-9.412136,-36.081356,capela,AL
11799,57800,-9.156289,-36.027261,uniao dos palmares,AL
11800,57820,-9.310496,-35.945206,murici,AL
11801,57830,-9.246909,-36.014378,branquinha,AL
11802,57840,-9.166098,-36.218291,santana do mundau,AL
11803,57860,-9.008648,-36.057944,sao jose da laje,AL
11804,57890,-8.968665,-35.925859,ibateguara,AL
11805,57900,-9.053788,-35.398176,porto calvo,AL
11806,57910,-9.156772,-35.532859,matriz de camaragibe,AL
11807,57920,-9.313241,-35.567837,sao luis do quitunde,AL
11808,57925,-9.407529,-35.5087,barra de santo antonio,AL
11809,57930,-9.251068,-35.485659,passo de camaragibe,AL
11810,57935,-9.462654,-35.546981,paripueira,AL
11811,57940,-9.260975,-35.380165,sao miguel dos milagres,AL
11812,57945,-9.156246,-35.309908,porto de pedras,AL
11813,57950,-9.095289,-35.265129,japaratinga,AL
11814,57955,-9.006152,-35.218969,maragogi,AL
11815,57960,-8.842252,-35.457254,jacuipe,AL
11816,57965,-8.940752,-35.554465,jundia,AL
11817,57968,-8.851086,-35.567183,campestre,AL
11818,57970,-8.941895,-35.662858,novo lino,AL
11819,57975,-8.917461,-35.72826,colonia leopoldina,AL
11820,57980,-9.138058,-35.755974,joaquim gomes,AL
11821,57990,-9.389473,-35.839691,messias,AL
11822,57995,-9.275904,-35.726584,flexeiras,AL
11823,58010,-7.120658,-34.885005,joao pessoa,PB
11824,58011,-7.128064,-34.891915,joao pessoa,PB
11825,58013,-7.122163,-34.877498,joao pessoa,PB
11826,58015,-7.13368,-34.877413,joao pessoa,PB
11827,58020,-7.113034,-34.876177,joao pessoa,PB
11828,58025,-7.111558,-34.865343,joao pessoa,PB
11829,58026,-7.106933,-34.868497,joao pessoa,PB
11830,58027,-7.100738,-34.864294,joao pessoa,PB
11831,58028,-7.10291,-34.854796,joao pessoa,PB
11832,58030,-7.114743,-34.855831,joao pessoa,PB
11833,58031,-7.114621,-34.847712,joao pessoa,PB
11834,58032,-7.117666,-34.835553,joao pessoa,PB
11835,58033,-7.114877,-34.839806,joao pessoa,PB
11836,58034,-7.107838,-34.842293,joao pessoa,PB
11837,58035,-7.068402,-34.842669,joao pessoa,PB
11838,58036,-7.093779,-34.843131,joao pessoa,PB
11839,58037,-7.08543,-34.836178,joao pessoa,PB
11840,58038,-7.104887,-34.83466,joao pessoa,PB
11841,58039,-7.115659,-34.827297,joao pessoa,PB
11842,58040,-7.126106,-34.862909,joao pessoa,PB
11843,58041,-7.123074,-34.853595,joao pessoa,PB
11844,58042,-7.121789,-34.845743,joao pessoa,PB
11845,58043,-7.122646,-34.834929,joao pessoa,PB
11846,58045,-7.128838,-34.822696,joao pessoa,PB
11847,58046,-7.141437,-34.824653,joao pessoa,PB
11848,58047,-7.162589,-34.799347,joao pessoa,PB
11849,58050,-7.13188,-34.846643,joao pessoa,PB
11850,58051,-7.147265,-34.839812,joao pessoa,PB
11851,58052,-7.155784,-34.836791,joao pessoa,PB
11852,58053,-7.152685,-34.850892,joao pessoa,PB
11853,58055,-7.168689,-34.841549,joao pessoa,PB
11854,58056,-7.175253,-34.841278,joao pessoa,PB
11855,58057,-7.18345,-34.841268,joao pessoa,PB
11856,58058,-7.167056,-34.830547,joao pessoa,PB
11857,58059,-7.179113,-34.828115,joao pessoa,PB
11858,58062,-7.204107,-34.838124,joao pessoa,PB
11859,58063,-7.200654,-34.851496,joao pessoa,PB
11860,58064,-7.194338,-34.844859,joao pessoa,PB
11861,58065,-7.200245,-34.857403,joao pessoa,PB
11862,58066,-7.214857,-34.836333,joao pessoa,PB
11863,58067,-7.211812,-34.8504,joao pessoa,PB
11864,58068,-7.19883,-34.865402,joao pessoa,PB
11865,58069,-7.170199,-34.877027,joao pessoa,PB
11866,58070,-7.152495,-34.877192,joao pessoa,PB
11867,58071,-7.162494,-34.870517,joao pessoa,PB
11868,58073,-7.168027,-34.85586,joao pessoa,PB
11869,58074,-7.174715,-34.856837,joao pessoa,PB
11870,58075,-7.179253,-34.869561,joao pessoa,PB
11871,58076,-7.175556,-34.880717,joao pessoa,PB
11872,58077,-7.182392,-34.862341,joao pessoa,PB
11873,58078,-7.180234,-34.882462,joao pessoa,PB
11874,58079,-7.184866,-34.883875,joao pessoa,PB
11875,58080,-7.173032,-34.890595,joao pessoa,PB
11876,58081,-7.177022,-34.890556,joao pessoa,PB
11877,58082,-7.172375,-34.899921,joao pessoa,PB
11878,58083,-7.177914,-34.925403,joao pessoa,PB
11879,58084,-7.167363,-34.910164,joao pessoa,PB
11880,58085,-7.144365,-34.888105,joao pessoa,PB
11881,58086,-7.152602,-34.891002,joao pessoa,PB
11882,58087,-7.161145,-34.890294,joao pessoa,PB
11883,58088,-7.155589,-34.90149,joao pessoa,PB
11884,58090,-7.137064,-34.909598,joao pessoa,PB
11885,58100,-6.972897,-34.834209,cabedelo,PB
11886,58101,-7.017017,-34.832043,cabedelo,PB
11887,58102,-7.046293,-34.842238,cabedelo,PB
11888,58103,-7.012686,-34.936029,cabedelo,PB
11889,58105,-7.020278,-34.840602,cabedelo,PB
11890,58106,-7.236669,-35.89346,campina grande,PB
11891,58107,-7.240183,-35.923552,campina grande,PB
11892,58108,-7.089956,-35.107563,cabedelo,PB
11893,58109,-7.226366,-35.926059,campina grande,PB
11894,58115,-7.147147,-35.961368,puxinana,PB
11895,58117,-7.159621,-35.856379,lagoa seca,PB
11896,58119,-7.104288,-35.868127,sao sebastiao de lagoa de roca,PB
11897,58120,-7.179095,-35.733439,massaranduba,PB
11898,58123,-7.264359,-36.241541,boa vista,PB
11899,58125,-7.061969,-35.764409,alagoa nova,PB
11900,58128,-7.122524,-35.770667,matinhas,PB
11901,58135,-7.018639,-35.85929,esperanca,PB
11902,58140,-7.048618,-35.924212,areial,PB
11903,58145,-7.086893,-35.959225,montadas,PB
11904,58150,-7.079011,-36.059675,pocinhos,PB
11905,58155,-7.058944,-36.363281,soledade,PB
11906,58167,-6.864666,-36.352786,cubati,PB
11907,58170,-6.723097,-36.056435,barra de santa rosa,PB
11908,58173,-6.631643,-35.907837,damiao,PB
11909,58175,-6.484789,-36.152278,cuite,PB
11910,58177,-6.764674,-36.246936,sossego,PB
11911,58178,-6.455502,-36.205908,nova floresta,PB
11912,58180,-6.757649,-36.467601,pedra lavrada,PB
11913,58184,-6.679054,-36.419849,nova palmeira,PB
11914,58187,-6.506219,-36.344392,picui,PB
11915,58188,-6.644907,-36.248173,barauna,PB
11916,58195,-6.402787,-36.451641,frei martinho,PB
11917,58200,-6.85211,-35.490914,guarabira,PB
11918,58208,-6.896315,-35.524575,cuitegi,PB
11919,58210,-6.843274,-35.528999,piloezinhos,PB
11920,58213,-6.779831,-35.497127,pirpirituba,PB
11921,58220,-6.748089,-35.631431,bananeiras,PB
11922,58225,-6.759475,-35.657542,solanea,PB
11923,58228,-6.604248,-35.627572,dona inês,PB
11924,58230,-6.641589,-35.791748,cacimba de dentro,PB
11925,58233,-6.534118,-35.743284,araruna,PB
11926,58238,-6.78054,-35.81915,casserengue,PB
11927,58250,-6.673452,-35.375097,lagoa de dentro,PB
11928,58253,-6.617639,-35.469006,caicara,PB
11929,58254,-6.573572,-35.437698,logradouro,PB
11930,58255,-6.697736,-35.536846,belem,PB
11931,58260,-6.688574,-35.433289,serra da raiz,PB
11932,58265,-6.688503,-35.418858,duas estradas,PB
11933,58268,-6.752234,-35.439761,sertaozinho,PB
11934,58270,-6.851465,-35.38076,aracagi,PB
11935,58273,-6.644478,-35.291627,pedro regis,PB
11936,58275,-6.829536,-35.246754,itapororoca,PB
11937,58278,-6.612886,-35.291936,jacarau,PB
11938,58280,-6.837271,-35.127269,mamanguape,PB
11939,58287,-6.898694,-35.19936,capim,PB
11940,58289,-6.913615,-35.24425,cuite de mamanguape,PB
11941,58291,-6.718979,-35.266026,curral de cima,PB
11942,58292,-6.595782,-35.055753,mataraca,PB
11943,58297,-6.802883,-35.076239,rio tinto,PB
11944,58300,-7.12379,-34.978601,santa rita,PB
11945,58301,-7.132172,-34.981197,santa rita,PB
11946,58302,-7.151785,-34.96629,santa rita,PB
11947,58303,-7.152002,-34.971752,santa rita,PB
11948,58304,-7.125716,-34.951936,varzea nova,PB
11949,58305,-7.128322,-34.913191,bayeux,PB
11950,58306,-7.125347,-34.920855,bayeux,PB
11951,58307,-7.12821,-34.934103,bayeux,PB
11952,58308,-7.133878,-34.934691,bayeux,PB
11953,58309,-7.137133,-34.923935,bayeux,PB
11954,58310,-7.004874,-34.837635,cabedelo,PB
11955,58315,-6.936984,-34.864239,lucena,PB
11956,58320,-7.433969,-34.910448,alhandra,PB
11957,58322,-7.281532,-34.832455,conde,PB
11958,58324,-7.496259,-34.814523,pitimbu,PB
11959,58326,-7.517501,-34.915253,caapora,PB
11960,58328,-7.402207,-35.115047,pedras de fogo,PB
11961,58330,-7.37334,-35.238532,juripiranga,PB
11962,58334,-7.249763,-35.209732,sao miguel de taipu,PB
11963,58337,-7.140306,-35.089996,cruz do espirito santo,PB
11964,58338,-7.26239,-35.260374,pilar,PB
11965,58339,-7.247067,-35.380544,são josé dos ramos,PB
11966,58340,-7.092655,-35.231419,sape,PB
11967,58342,-7.147469,-35.237492,sobrado,PB
11968,58345,-7.058876,-35.317093,mari,PB
11969,58350,-7.161965,-35.349962,caldas brandao,PB
11970,58354,-7.03123,-35.465191,mulungu,PB
11971,58356,-7.12492,-35.424021,gurinhem,PB
11972,58360,-7.33152,-35.336028,itabaiana,PB
11973,58370,-7.380759,-35.45007,salgado de sao felix,PB
11974,58375,-7.304785,-35.477645,mogeiro,PB
11975,58378,-7.377777,-35.62895,itatuba,PB
11976,58380,-7.290068,-35.606068,inga,PB
11977,58382,-7.248343,-35.66502,riachao do bacamarte,PB
11978,58385,-7.18533,-35.680436,serra redonda,PB
11979,58387,-7.175804,-35.589272,juarez tavora,PB
11980,58388,-7.042039,-35.63228,alagoa grande,PB
11981,58390,-6.949275,-35.545438,alagoinha,PB
11982,58393,-6.866818,-35.611308,piloes,PB
11983,58395,-6.818562,-35.642285,serraria,PB
11984,58396,-6.827718,-35.760393,arara,PB
11985,58397,-6.966662,-35.702932,areia,PB
11986,58398,-6.965038,-35.79492,remigio,PB
11987,58399,-6.904074,-36.011245,algodão de jandaíra,PB
11988,58400,-7.219289,-35.890807,campina grande,PB
11989,58401,-7.20904,-35.883353,campina grande,PB
11990,58402,-7.208544,-35.874165,campina grande,PB
11991,58403,-7.207507,-35.888811,campina grande,PB
11992,58404,-7.199905,-35.899401,campina grande,PB
11993,58406,-7.216452,-35.868942,campina grande,PB
11994,58407,-7.226873,-35.870334,campina grande,PB
11995,58408,-7.243965,-35.866314,campina grande,PB
11996,58410,-7.239855,-35.878966,campina grande,PB
11997,58411,-7.254306,-35.881288,campina grande,PB
11998,58414,-7.239267,-35.89422,campina grande,PB
11999,58415,-7.24907,-35.899493,campina grande,PB
12000,58416,-7.234118,-35.902174,campina grande,PB
12001,58417,-7.248438,-35.911445,campina grande,PB
12002,58418,-7.259828,-35.907953,campina grande,PB
12003,58420,-7.272026,-35.914612,campina grande,PB
12004,58421,-7.269666,-35.922475,campina grande,PB
12005,58423,-7.251546,-35.922457,campina grande,PB
12006,58424,-7.270863,-35.936409,campina grande,PB
12007,58428,-7.223869,-35.90374,campina grande,PB
12008,58429,-7.217556,-35.909574,campina grande,PB
12009,58430,-7.22414,-35.914709,campina grande,PB
12010,58431,-7.209097,-35.923156,campina grande,PB
12011,58432,-7.242577,-35.921297,campina grande,PB
12012,58433,-7.229863,-35.92537,campina grande,PB
12013,58434,-7.242377,-35.927647,campina grande,PB
12014,58436,-7.207082,-35.942937,campina grande,PB
12015,58437,-7.210491,-35.92973,campina grande,PB
12016,58441,-7.110417,-36.274014,campina grande,PB
12017,58450,-7.481981,-36.132128,boqueirao,PB
12018,58458,-7.52332,-35.998918,barra de santana,PB
12019,58460,-7.743232,-36.062988,alcantil,PB
12020,58463,-7.744146,-35.883401,santa cecilia,PB
12021,58465,-7.696598,-36.147249,riacho de santo antonio,PB
12022,58475,-7.361793,-35.898977,queimadas,PB
12023,58480,-7.490673,-36.288368,cabaceiras,PB
12024,58483,-7.752159,-36.318439,barra de sao miguel,PB
12025,58485,-7.633934,-36.434755,sao domingos do cariri,PB
12026,58487,-7.358693,-35.785037,fagundes,PB
12027,58489,-7.546248,-35.707307,aroeiras,PB
12028,58494,-7.642035,-35.551312,natuba,PB
12029,58497,-7.695613,-35.665213,umbuzeiro,PB
12030,58500,-7.892782,-37.122078,monteiro,PB
12031,58515,-8.076671,-37.097291,zabele,PB
12032,58520,-8.082587,-36.85144,sao joao do tigre,PB
12033,58530,-7.890658,-36.824923,camalau,PB
12034,58533,-6.982217,-34.830162,pindurão,PB
12035,58535,-7.795972,-36.661062,congo,PB
12036,58540,-7.670548,-36.881198,sume,PB
12037,58548,-7.567201,-37.060924,amparo,PB
12038,58550,-7.695357,-37.083526,prata,PB
12039,58560,-7.622383,-37.150335,ouro velho,PB
12040,58570,-7.401669,-36.816976,sao jose dos cordeiros,PB
12041,58575,-7.317522,-36.65465,parari,PB
12042,58580,-7.496972,-36.678717,serra branca,PB
12043,58582,-7.606377,-36.816139,santa luzia do cariri,PB
12044,58588,-7.629677,-36.604369,coxixola,PB
12045,58590,-7.390319,-36.531836,sao joao do cariri,PB
12046,58600,-6.872273,-36.917235,santa luzia,PB
12047,58610,-6.775092,-36.798879,sao jose do sabugi,PB
12048,58620,-6.770804,-36.99178,varzea,PB
12049,58625,-6.927206,-37.09682,são mamede,PB
12050,58640,-6.994438,-36.713474,junco do serido,PB
12051,58660,-7.069665,-36.578842,juazeirinho,PB
12052,58665,-6.941105,-36.627903,tenorio,PB
12053,58670,-7.246422,-36.487436,gurjao,PB
12054,58675,-7.221184,-36.63356,santo andre,PB
12055,58680,-7.208772,-36.82381,taperoa,PB
12056,58685,-7.077091,-36.732249,assuncao,PB
12057,58690,-7.377136,-36.945588,livramento,PB
12058,58695,-7.289329,-37.089067,desterro,PB
12059,58698,-7.211424,-37.059056,cacimbas,PB
12060,58700,-7.026338,-37.276151,patos,PB
12061,58701,-7.03463,-37.284604,patos,PB
12062,58703,-7.027427,-37.287584,patos,PB
12063,58704,-7.01775,-37.284341,patos,PB
12064,58705,-7.008093,-37.288459,patos,PB
12065,58706,-7.017106,-37.275148,patos,PB
12066,58707,-7.047994,-37.27422,patos,PB
12067,58708,-7.076205,-37.286884,patos,PB
12068,58710,-6.740553,-37.568978,vista serrana,PB
12069,58713,-6.907009,-37.521128,malta,PB
12070,58714,-6.907953,-37.60305,condado,PB
12071,58715,-7.124193,-37.607524,catingueira,PB
12072,58720,-7.084734,-37.444899,santa teresinha,PB
12073,58723,-6.845487,-37.325368,sao jose de espinharas,PB
12074,58725,-7.160454,-37.307223,sao jose do bonfim,PB
12075,58732,-7.123978,-36.946393,areia de baraunas,PB
12076,58735,-7.223629,-37.253443,teixeira,PB
12077,58737,-7.26577,-37.34147,matureia,PB
12078,58740,-7.244858,-37.418071,mae d'agua,PB
12079,58745,-7.387135,-37.508444,imaculada,PB
12080,58748,-7.515395,-37.639849,agua branca,PB
12081,58750,-7.536821,-37.818535,juru,PB
12082,58753,-7.635286,-37.877971,tavares,PB
12083,58755,-7.736495,-37.990082,princesa isabel,PB
12084,58758,-7.740463,-38.098184,sao jose de princesa,PB
12085,58760,-7.229061,-37.749316,olho d'agua,PB
12086,58765,-7.198703,-37.924863,pianco,PB
12087,58770,-7.017754,-37.944594,coremas,PB
12088,58775,-7.179131,-38.149417,igaracy,PB
12089,58778,-7.093081,-38.171644,aguiar,PB
12090,58780,-7.305745,-38.151767,itaporanga,PB
12091,58784,-7.251601,-38.298852,sao jose de caiana,PB
12092,58790,-7.428535,-38.070509,pedra branca,PB
12093,58795,-7.387353,-37.98937,santana dos garrotes,PB
12094,58798,-7.478599,-38.040244,nova olinda,PB
12095,58800,-6.761336,-38.229581,sousa,PB
12096,58801,-6.755009,-38.223944,sousa,PB
12097,58802,-6.760554,-38.226006,sousa,PB
12098,58804,-6.770668,-38.226996,sousa,PB
12099,58805,-6.774715,-38.23489,sousa,PB
12100,58806,-6.750868,-38.238998,sousa,PB
12101,58807,-6.765784,-38.233415,sousa,PB
12102,58808,-6.772864,-38.2384,sousa,PB
12103,58815,-6.932298,-37.97978,sao jose da lagoa tapada,PB
12104,58817,-6.915006,-38.325032,nazarezinho,PB
12105,58818,-6.618167,-38.096341,sao francisco,PB
12106,58819,-6.843531,-38.347319,marizopolis,PB
12107,58820,-6.520365,-38.179279,lastro,PB
12108,58823,-6.785818,-38.083459,aparecida,PB
12109,58824,-6.551962,-38.076999,santa cruz,PB
12110,58830,-6.553129,-37.80572,jerico,PB
12111,58832,-6.540831,-37.711731,mato grosso,PB
12112,58835,-6.590493,-37.915582,lagoa,PB
12113,58840,-6.767897,-37.796105,pombal,PB
12114,58857,-6.891252,-37.725353,sao bentinho,PB
12115,58860,-6.598157,-37.623166,paulista,PB
12116,58865,-6.492551,-37.450927,sao bento,PB
12117,58870,-6.439021,-37.651252,riacho dos cavalos,PB
12118,58880,-6.376985,-37.825171,brejo dos santos,PB
12119,58884,-6.356076,-37.719949,catole do rocha,PB
12120,58887,-6.44611,-37.927783,bom sucesso,PB
12121,58890,-6.34751,-37.499975,brejo do cruz,PB
12122,58893,-6.212196,-37.354895,sao jose do brejo do cruz,PB
12123,58895,-6.188313,-37.535719,belem do brejo do cruz,PB
12124,58900,-6.887764,-38.559063,cajazeiras,PB
12125,58908,-6.575129,-38.512056,poco de jose de moura,PB
12126,58910,-6.736613,-38.447483,sao joao do rio do peixe,PB
12127,58915,-6.518965,-38.412065,uirauna,PB
12128,58920,-6.579597,-38.597345,triunfo,PB
12129,58922,-6.45249,-38.551902,bernardino batista,PB
12130,58925,-6.72064,-38.639845,santa helena,PB
12131,58928,-6.482814,-38.479667,joca claudino,PB
12132,58930,-6.871453,-38.647769,bom jesus,PB
12133,58933,-6.403671,-38.498453,poco dantas,PB
12134,58935,-6.926902,-38.679951,cachoeira dos indios,PB
12135,58940,-7.158393,-38.474176,sao jose de piranhas,PB
12136,58945,-7.037671,-38.344701,carrapateira,PB
12137,58950,-7.212607,-38.585774,monte horebe,PB
12138,58955,-7.215062,-38.369211,serra grande,PB
12139,58960,-7.313343,-38.514218,bonito de santa fe,PB
12140,58970,-7.557232,-38.506497,conceicao,PB
12141,58978,-7.626534,-38.55918,santa ines,PB
12142,58980,-7.503535,-38.407535,ibiara,PB
12143,58985,-7.553754,-38.332462,santana de mangueira,PB
12144,58993,-7.421351,-38.218115,boa ventura,PB
12145,58994,-7.426339,-38.26256,diamante,PB
12146,58995,-7.719118,-38.175995,manaira,PB
12147,59010,-5.771343,-35.199324,natal,RN
12148,59012,-5.780013,-35.200512,natal,RN
12149,59014,-5.789661,-35.192571,natal,RN
12150,59015,-5.80621,-35.199471,natal,RN
12151,59020,-5.792249,-35.201285,natal,RN
12152,59022,-5.802909,-35.206598,natal,RN
12153,59025,-5.786712,-35.206779,natal,RN
12154,59030,-5.797685,-35.211731,natal,RN
12155,59031,-5.797775,-35.216522,natal,RN
12156,59032,-5.805682,-35.216745,natal,RN
12157,59035,-5.800943,-35.229591,natal,RN
12158,59037,-5.80157,-35.224004,natal,RN
12159,59040,-5.791113,-35.222674,natal,RN
12160,59042,-5.794337,-35.235893,natal,RN
12161,59050,-5.804191,-35.2326,natal,RN
12162,59052,-5.808428,-35.230607,natal,RN
12163,59054,-5.811487,-35.221163,natal,RN
12164,59056,-5.817695,-35.204746,natal,RN
12165,59060,-5.81667,-35.23472,natal,RN
12166,59062,-5.816704,-35.22617,natal,RN
12167,59063,-5.821945,-35.220821,natal,RN
12168,59064,-5.834941,-35.219464,natal,RN
12169,59065,-5.837695,-35.219425,natal,RN
12170,59066,-5.852092,-35.218385,natal,RN
12171,59067,-5.869511,-35.229643,natal,RN
12172,59068,-5.858142,-35.23934,natal,RN
12173,59069,-5.847494,-35.242222,natal,RN
12174,59070,-5.823654,-35.234812,natal,RN
12175,59071,-5.822717,-35.238962,natal,RN
12176,59072,-5.829381,-35.246088,natal,RN
12177,59073,-5.84879,-35.2519,natal,RN
12178,59074,-5.828558,-35.261213,natal,RN
12179,59075,-5.824049,-35.208185,natal,RN
12180,59076,-5.831492,-35.209726,natal,RN
12181,59077,-5.840248,-35.207931,natal,RN
12182,59078,-5.846509,-35.203464,natal,RN
12183,59080,-5.855539,-35.208169,natal,RN
12184,59082,-5.862682,-35.195859,natal,RN
12185,59084,-5.869621,-35.200933,natal,RN
12186,59086,-5.866466,-35.210191,natal,RN
12187,59088,-5.875058,-35.204577,natal,RN
12188,59090,-5.877922,-35.177221,natal,RN
12189,59091,-5.879411,-35.198292,natal,RN
12190,59092,-5.878955,-35.180481,natal,RN
12191,59094,-5.871601,-35.183843,natal,RN
12192,59104,-5.770407,-35.259439,natal,RN
12193,59106,-5.770354,-35.269745,natal,RN
12194,59108,-5.762973,-35.258546,natal,RN
12195,59110,-5.755931,-35.254128,natal,RN
12196,59112,-5.755382,-35.258978,natal,RN
12197,59114,-5.752195,-35.272171,natal,RN
12198,59115,-5.751481,-35.276635,natal,RN
12199,59120,-5.756116,-35.245042,natal,RN
12200,59122,-5.748926,-35.222991,natal,RN
12201,59123,-5.739411,-35.245751,natal,RN
12202,59124,-5.746991,-35.247321,natal,RN
12203,59125,-5.746229,-35.24322,natal,RN
12204,59127,-5.750444,-35.250843,natal,RN
12205,59129,-5.74368,-35.258454,natal,RN
12206,59131,-5.728683,-35.246468,natal,RN
12207,59132,-5.731108,-35.238534,natal,RN
12208,59133,-5.742145,-35.239501,natal,RN
12209,59135,-5.730027,-35.251941,natal,RN
12210,59136,-5.723095,-35.249366,natal,RN
12211,59138,-5.734085,-35.263863,natal,RN
12212,59139,-5.729614,-35.266094,natal,RN
12213,59140,-5.924075,-35.264242,parnamirim,RN
12214,59141,-5.921088,-35.27549,parnamirim,RN
12215,59142,-5.923403,-35.285829,parnamirim,RN
12216,59143,-5.929795,-35.270703,parnamirim,RN
12217,59144,-5.944405,-35.284753,parnamirim,RN
12218,59145,-5.912581,-35.279985,parnamirim,RN
12219,59146,-5.907983,-35.261281,parnamirim,RN
12220,59147,-5.89891,-35.270127,parnamirim,RN
12221,59148,-5.884713,-35.23399,parnamirim,RN
12222,59149,-5.881643,-35.249188,parnamirim,RN
12223,59150,-5.878965,-35.213502,parnamirim,RN
12224,59151,-5.884346,-35.203405,parnamirim,RN
12225,59152,-5.887088,-35.207494,parnamirim,RN
12226,59153,-5.886715,-35.199846,parnamirim,RN
12227,59154,-5.906082,-35.204067,parnamirim,RN
12228,59155,-5.927837,-35.250754,parnamirim,RN
12229,59156,-5.940902,-35.25186,parnamirim,RN
12230,59157,-5.94326,-35.255191,parnamirim,RN
12231,59158,-5.920969,-35.212398,parnamirim,RN
12232,59160,-5.94668,-35.166412,parnamirim,RN
12233,59161,-5.959143,-35.145652,parnamirim,RN
12234,59162,-6.069403,-35.243927,sao jose de mipibu,RN
12235,59164,-6.052897,-35.148369,nisia floresta,RN
12236,59170,-6.198808,-35.164356,arez,RN
12237,59173,-6.270082,-35.20873,goianinha,RN
12238,59178,-6.22865,-35.058574,tibau do sul,RN
12239,59179,-6.026309,-35.150962,pipa,RN
12240,59180,-6.32005,-35.306201,espirito santo,RN
12241,59182,-6.071254,-35.335792,monte alegre,RN
12242,59184,-6.049652,-35.432375,vera cruz,RN
12243,59185,-6.344406,-35.372365,varzea,RN
12244,59188,-6.266126,-35.327296,jundia,RN
12245,59190,-6.38409,-35.133808,canguaretama,RN
12246,59192,-6.316725,-35.077224,vila flor,RN
12247,59194,-6.369992,-35.006062,baia formosa,RN
12248,59196,-6.435372,-35.220252,pedro velho,RN
12249,59198,-6.488351,-35.2871,montanhas,RN
12250,59200,-6.228561,-36.020844,santa cruz,RN
12251,59210,-6.341541,-36.085101,sao bento do trairi,RN
12252,59213,-6.466574,-35.94618,japi,RN
12253,59214,-6.41841,-35.709985,serra de sao bento,RN
12254,59215,-6.480153,-35.432531,nova cruz,RN
12255,59217,-6.440139,-35.784354,monte das gameleiras,RN
12256,59218,-6.434782,-35.641489,passa e fica,RN
12257,59219,-6.188654,-35.356499,brejinho,RN
12258,59220,-6.372854,-36.18737,coronel ezequiel,RN
12259,59225,-6.429823,-36.203423,jacana,RN
12260,59227,-6.390625,-35.597869,lagoa d'anta,RN
12261,59230,-6.23781,-36.184657,campo redondo,RN
12262,59235,-6.149287,-36.117359,lajes pintadas,RN
12263,59240,-6.201324,-35.804964,tangara,RN
12264,59245,-6.106144,-35.711236,serra caiada,RN
12265,59247,-6.122106,-35.475279,lagoa salgada,RN
12266,59250,-6.036854,-35.692569,senador eloi de souza,RN
12267,59255,-6.312256,-35.480799,santo antonio,RN
12268,59258,-6.278933,-35.495675,serrinha,RN
12269,59260,-6.154929,-35.605784,boa saude,RN
12270,59270,-5.988699,-35.582076,bom jesus,RN
12271,59275,-6.320607,-35.711437,sao jose do campestre,RN
12272,59280,-5.856621,-35.351198,macaiba,RN
12273,59290,-5.778894,-35.300984,sao goncalo do amarante,RN
12274,59291,-5.791701,-35.333455,sao goncalo do amarante,RN
12275,59293,-5.750633,-35.295468,são gonçalo do amarante,RN
12276,59295,-5.771836,-35.280107,sao goncalo do amarante,RN
12277,59296,-5.774002,-35.270976,sao goncalo do amarante,RN
12278,59297,-5.78921,-35.307782,sao goncalo do amarante,RN
12279,59298,-5.786245,-35.296,sao goncalo do amarante,RN
12280,59300,-6.463409,-37.093415,caico,RN
12281,59310,-6.716169,-37.202302,sao joao do sabugi,RN
12282,59315,-6.815904,-37.198813,ipueira,RN
12283,59318,-6.665132,-37.396652,serra negra do norte,RN
12284,59320,-6.464164,-37.271954,timbauba dos batistas,RN
12285,59324,-6.379315,-37.349626,jardim de piranhas,RN
12286,59327,-6.37757,-37.186328,sao fernando,RN
12287,59330,-6.038813,-37.022058,jucurutu,RN
12288,59335,-6.124392,-36.813206,florania,RN
12289,59338,-6.148351,-36.717627,tenente laurentino cruz,RN
12290,59340,-6.218328,-36.682573,sao vicente,RN
12291,59343,-6.587606,-36.774352,jardim do serido,RN
12292,59347,-6.703845,-36.94537,ouro branco,RN
12293,59350,-6.772283,-36.735885,santana do serido,RN
12294,59355,-6.944681,-36.716647,equador,RN
12295,59360,-6.689327,-36.659817,parelhas,RN
12296,59370,-6.436154,-36.640227,acari,RN
12297,59374,-6.556816,-36.592479,carnauba dos dantas,RN
12298,59375,-6.412237,-36.788166,cruzeta,RN
12299,59378,-6.449123,-36.879052,sao jose do serido,RN
12300,59380,-6.25928,-36.518946,currais novos,RN
12301,59390,-6.095565,-36.468342,lagoa nova,RN
12302,59395,-6.045617,-36.349286,cerro cora,RN
12303,59400,-5.974232,-36.075159,sao tome,RN
12304,59410,-5.949143,-35.926954,barcelona,RN
12305,59420,-5.878543,-35.93522,ruy barbosa,RN
12306,59430,-6.00032,-35.86954,lagoa de velhos,RN
12307,59440,-6.107529,-35.913783,sitio novo,RN
12308,59445,-6.09028,-35.94444,serra da tapuia,RN
12309,59460,-5.89692,-35.762786,sao paulo do potengi,RN
12310,59464,-5.840762,-35.692963,santa maria,RN
12311,59470,-5.810415,-35.823151,riachuelo,RN
12312,59480,-5.895216,-35.639656,sao pedro,RN
12313,59490,-5.823806,-35.552831,ielmo marinho,RN
12314,59500,-5.114513,-36.631555,macau,RN
12315,59504,-5.259306,-36.718541,pendencias,RN
12316,59507,-5.293961,-36.759672,alto do rodrigues,RN
12317,59508,-5.517878,-36.864667,ipanguacu,RN
12318,59510,-5.495639,-36.535,afonso bezerra,RN
12319,59513,-5.641888,-36.870149,itaja,RN
12320,59515,-5.665972,-36.603091,angicos,RN
12321,59517,-5.697076,-36.529665,fernando pedroza,RN
12322,59518,-5.803335,-36.886516,sao rafael,RN
12323,59520,-5.939271,-36.635283,santana do matos,RN
12324,59528,-5.988988,-36.412432,bodo,RN
12325,59530,-5.521283,-36.381554,pedro avelino,RN
12326,59535,-5.698334,-36.245444,lajes,RN
12327,59540,-5.758692,-36.001625,caicara do rio do vento,RN
12328,59550,-5.539237,-35.817717,joao camara,RN
12329,59555,-5.690316,-35.820093,bento fernandes,RN
12330,59560,-5.61859,-35.655071,poco branco,RN
12331,59565,-5.62251,-35.598016,taipu,RN
12332,59570,-5.639206,-35.424179,ceara-mirim,RN
12333,59575,-5.699232,-35.285274,extremoz,RN
12334,59578,-5.317979,-35.396499,rio do fogo,RN
12335,59582,-5.455005,-35.554018,pureza,RN
12336,59584,-5.209543,-35.47331,touros,RN
12337,59585,-5.136635,-35.667264,sao miguel do gostoso,RN
12338,59586,-5.224181,-35.837602,parazinho,RN
12339,59588,-5.148606,-35.87727,pedra grande,RN
12340,59590,-5.09893,-36.006218,sao bento do norte,RN
12341,59592,-5.063243,-36.050897,caicara do norte,RN
12342,59594,-5.356367,-36.126305,jandaira,RN
12343,59596,-5.098122,-36.24178,galinhos,RN
12344,59598,-5.115614,-36.323539,guamare,RN
12345,59600,-5.200097,-37.349749,mossoro,RN
12346,59603,-5.190067,-37.350966,mossoro,RN
12347,59604,-5.208463,-37.363047,mossoro,RN
12348,59605,-5.194013,-37.353645,mossoro,RN
12349,59607,-5.185643,-37.363039,mossoro,RN
12350,59609,-5.193328,-37.38205,mossoro,RN
12351,59610,-5.1905,-37.340602,mossoro,RN
12352,59611,-5.180977,-37.348264,mossoro,RN
12353,59612,-5.175718,-37.358596,mossoro,RN
12354,59613,-5.155605,-37.351978,mossoró,RN
12355,59614,-5.154048,-37.36225,mossoro,RN
12356,59615,-5.152745,-37.354947,mossoro,RN
12357,59616,-5.140275,-37.355578,mossoró,RN
12358,59617,-5.159954,-37.364731,mossoro,RN
12359,59618,-5.182709,-37.33727,mossoro,RN
12360,59619,-5.175265,-37.34659,mossoro,RN
12361,59621,-5.170482,-37.335043,mossoro,RN
12362,59625,-5.204509,-37.326026,mossoro,RN
12363,59626,-5.203345,-37.301608,mossoro,RN
12364,59628,-5.221382,-37.323926,mossoro,RN
12365,59630,-5.1873,-37.311291,mossoro,RN
12366,59631,-5.213575,-37.335872,mossoro,RN
12367,59633,-5.22567,-37.328267,mossoro,RN
12368,59634,-5.238587,-37.326659,mossoro,RN
12369,59635,-5.228596,-37.34922,mossoro,RN
12370,59650,-5.57824,-36.914934,acu,RN
12371,59655,-4.956168,-37.127819,areia branca,RN
12372,59660,-5.776817,-37.101785,parau,RN
12373,59663,-5.173426,-37.036628,serra do mel,RN
12374,59665,-5.33763,-36.836622,carnaubais,RN
12375,59668,-5.066724,-36.800644,porto do mangue,RN
12376,59670,-5.642928,-37.259992,upanema,RN
12377,59675,-4.983625,-37.154506,grossos,RN
12378,59678,-4.838444,-37.253815,tibau,RN
12379,59680,-5.862748,-37.311091,campo grande,RN
12380,59685,-5.8643,-37.187926,triunfo potiguar,RN
12381,59690,-6.017942,-37.407069,janduis,RN
12382,59695,-5.08002,-37.616802,barauna,RN
12383,59700,-5.660532,-37.797524,apodi,RN
12384,59730,-5.956055,-37.706076,olho-d agua do borges,RN
12385,59740,-6.077988,-37.718354,rafael godeiro,RN
12386,59760,-6.156661,-37.76798,almino afonso,RN
12387,59770,-6.103102,-37.639326,patu,RN
12388,59775,-6.079179,-37.514191,messias targino,RN
12389,59780,-5.789489,-37.558693,caraubas,RN
12390,59790,-5.448548,-37.527458,governador dix-sept rosado,RN
12391,59795,-5.582168,-37.70056,felipe guerra,RN
12392,59800,-6.090723,-37.912408,martins,RN
12393,59805,-6.116694,-37.813857,lucrecia,RN
12394,59808,-6.113307,-37.957433,serrinha dos pintos,RN
12395,59810,-6.025371,-37.988482,portalegre,RN
12396,59815,-5.992473,-37.94409,vicosa,RN
12397,59820,-5.936201,-37.948388,riacho da cruz,RN
12398,59830,-5.788068,-38.060678,rodolfo fernandes,RN
12399,59840,-5.928617,-38.044841,taboleiro grande,RN
12400,59855,-5.841132,-37.992983,itau,RN
12401,59856,-5.788246,-37.965449,severiano melo,RN
12402,59865,-5.989147,-37.815258,umarizal,RN
12403,59870,-6.213831,-37.897503,antonio martins,RN
12404,59880,-6.277921,-37.796865,joao dias,RN
12405,59890,-6.160261,-37.84143,frutuoso gomes,RN
12406,59900,-6.112961,-38.206781,pau dos ferros,RN
12407,59902,-6.088038,-38.124624,francisco dantas,RN
12408,59905,-6.112061,-38.31072,encanto,RN
12409,59908,-5.999603,-38.169999,sao francisco do oeste,RN
12410,59910,-6.096626,-38.379665,doutor severiano,RN
12411,59920,-6.211356,-38.496109,sao miguel,RN
12412,59925,-6.320036,-38.490398,venha-ver,RN
12413,59930,-6.269912,-38.446847,coronel joao pessoa,RN
12414,59940,-6.415024,-38.385799,luis gomes,RN
12415,59945,-6.404363,-38.321074,major sales,RN
12416,59950,-6.485254,-38.311916,parana,RN
12417,59955,-6.464059,-38.179981,tenente ananias,RN
12418,59960,-6.267146,-38.042083,piloes,RN
12419,59965,-6.412292,-38.013883,alexandria,RN
12420,59970,-6.289886,-38.162925,marcelino vieira,RN
12421,59980,-6.318711,-38.284992,jose da penha,RN
12422,59987,-6.263894,-38.305509,riacho de santana,RN
12423,59990,-6.19318,-38.223982,rafael fernandes,RN
12424,59995,-6.205598,-38.29199,agua nova,RN
12425,60010,-3.723474,-38.543883,fortaleza,CE
12426,60011,-3.735962,-38.542173,fortaleza,CE
12427,60015,-3.730941,-38.536537,fortaleza,CE
12428,60020,-3.737363,-38.535686,fortaleza,CE
12429,60025,-3.735694,-38.531076,fortaleza,CE
12430,60030,-3.723321,-38.535423,fortaleza,CE
12431,60035,-3.729824,-38.535664,fortaleza,CE
12432,60040,-3.744303,-38.528709,fortaleza,CE
12433,60050,-3.742908,-38.527616,fortaleza,CE
12434,60055,-3.741237,-38.524096,fortaleza,CE
12435,60060,-3.723871,-38.516607,fortaleza,CE
12436,60110,-3.735085,-38.516884,fortaleza,CE
12437,60115,-3.735628,-38.510775,fortaleza,CE
12438,60120,-3.747721,-38.510634,fortaleza,CE
12439,60125,-3.737907,-38.502699,fortaleza,CE
12440,60130,-3.753296,-38.512397,fortaleza,CE
12441,60131,-3.761663,-38.513236,fortaleza,CE
12442,60135,-3.74554,-38.503887,fortaleza,CE
12443,60140,-3.73908,-38.504142,fortaleza,CE
12444,60150,-3.735509,-38.501135,fortaleza,CE
12445,60155,-3.726192,-38.507418,fortaleza,CE
12446,60160,-3.730053,-38.499872,fortaleza,CE
12447,60165,-3.725499,-38.493886,fortaleza,CE
12448,60170,-3.738816,-38.495972,fortaleza,CE
12449,60175,-3.735956,-38.482555,fortaleza,CE
12450,60176,-3.735919,-38.478096,fortaleza,CE
12451,60177,-3.740829,-38.463181,fortaleza,CE
12452,60180,-3.713946,-38.469836,fortaleza,CE
12453,60181,-3.729125,-38.473099,fortaleza,CE
12454,60182,-3.736296,-38.459454,fortaleza,CE
12455,60183,-3.756047,-38.445955,fortaleza,CE
12456,60184,-3.726896,-38.468889,fortaleza,CE
12457,60190,-3.751375,-38.472402,fortaleza,CE
12458,60191,-3.747162,-38.47011,fortaleza,CE
12459,60192,-3.744994,-38.485029,fortaleza,CE
12460,60310,-3.714163,-38.553144,fortaleza,CE
12461,60311,-3.712743,-38.556707,fortaleza,CE
12462,60312,-3.709505,-38.573524,fortaleza,CE
12463,60320,-3.72731,-38.558376,fortaleza,CE
12464,60321,-3.727519,-38.556737,fortaleza,CE
12465,60325,-3.729832,-38.552431,fortaleza,CE
12466,60326,-3.723195,-38.551878,fortaleza,CE
12467,60330,-3.715061,-38.584048,fortaleza,CE
12468,60331,-3.710696,-38.578277,fortaleza,CE
12469,60332,-3.70236,-38.579169,fortaleza,CE
12470,60333,-3.702721,-38.576735,fortaleza,CE
12471,60334,-3.730379,-38.572215,fortaleza,CE
12472,60335,-3.715418,-38.564747,fortaleza,CE
12473,60336,-3.716776,-38.572229,fortaleza,CE
12474,60337,-3.708773,-38.567291,fortaleza,CE
12475,60340,-3.724399,-38.580506,fortaleza,CE
12476,60341,-3.731076,-38.580797,fortaleza,CE
12477,60345,-3.721119,-38.600378,fortaleza,CE
12478,60346,-3.723751,-38.590393,fortaleza,CE
12479,60347,-3.717444,-38.589154,fortaleza,CE
12480,60348,-3.717726,-38.599369,fortaleza,CE
12481,60349,-3.712655,-38.603258,fortaleza,CE
12482,60350,-3.73128,-38.581994,fortaleza,CE
12483,60351,-3.729769,-38.594428,fortaleza,CE
12484,60352,-3.734841,-38.598481,fortaleza,CE
12485,60353,-3.72555,-38.601731,fortaleza,CE
12486,60355,-3.73055,-38.570205,fortaleza,CE
12487,60356,-3.736762,-38.579442,fortaleza,CE
12488,60357,-3.757907,-38.582094,fortaleza,CE
12489,60360,-3.743608,-38.588797,fortaleza,CE
12490,60361,-3.743894,-38.593819,fortaleza,CE
12491,60410,-3.763888,-38.540005,fortaleza,CE
12492,60411,-3.757432,-38.530954,fortaleza,CE
12493,60415,-3.754915,-38.52952,fortaleza,CE
12494,60416,-3.755432,-38.545159,fortaleza,CE
12495,60420,-3.76613,-38.54358,fortaleza,CE
12496,60421,-3.770581,-38.555737,fortaleza,CE
12497,60422,-3.734977,-38.551355,fortaleza,CE
12498,60425,-3.756346,-38.54981,fortaleza,CE
12499,60426,-3.755077,-38.552727,fortaleza,CE
12500,60430,-3.745838,-38.55148,fortaleza,CE
12501,60431,-3.739912,-38.548834,fortaleza,CE
12502,60440,-3.758769,-38.567626,fortaleza,CE
12503,60441,-3.757837,-38.570776,fortaleza,CE
12504,60442,-3.754486,-38.563488,fortaleza,CE
12505,60450,-3.738088,-38.556797,fortaleza,CE
12506,60455,-3.741768,-38.559859,fortaleza,CE
12507,60510,-3.763847,-38.580865,fortaleza,CE
12508,60511,-3.751579,-38.580766,fortaleza,CE
12509,60512,-3.751992,-38.579289,fortaleza,CE
12510,60520,-3.774195,-38.580317,fortaleza,CE
12511,60521,-3.760466,-38.58259,fortaleza,CE
12512,60525,-3.767889,-38.585505,fortaleza,CE
12513,60526,-3.75576,-38.593606,fortaleza,CE
12514,60527,-3.756365,-38.595047,fortaleza,CE
12515,60530,-3.771701,-38.61001,fortaleza,CE
12516,60531,-3.766399,-38.607432,fortaleza,CE
12517,60532,-3.77133,-38.615173,fortaleza,CE
12518,60533,-3.765974,-38.610079,fortaleza,CE
12519,60534,-3.758284,-38.59746,fortaleza,CE
12520,60540,-3.786256,-38.614731,fortaleza,CE
12521,60541,-3.78063,-38.59425,fortaleza,CE
12522,60542,-3.780441,-38.583419,fortaleza,CE
12523,60543,-3.793298,-38.601608,fortaleza,CE
12524,60544,-3.771097,-38.571073,fortaleza,CE
12525,60545,-3.784739,-38.599253,fortaleza,CE
12526,60546,-3.794816,-38.618587,fortaleza,CE
12527,60710,-3.786997,-38.568006,fortaleza,CE
12528,60711,-3.800836,-38.56425,fortaleza,CE
12529,60712,-3.800293,-38.56666,fortaleza,CE
12530,60713,-3.798081,-38.581117,fortaleza,CE
12531,60714,-3.786339,-38.552734,fortaleza,CE
12532,60720,-3.775504,-38.570804,fortaleza,CE
12533,60721,-3.779941,-38.572704,fortaleza,CE
12534,60730,-3.791064,-38.582953,fortaleza,CE
12535,60731,-3.804464,-38.600377,fortaleza,CE
12536,60732,-3.809398,-38.618984,fortaleza,CE
12537,60733,-3.793001,-38.577733,fortaleza,CE
12538,60734,-3.824427,-38.579705,fortaleza,CE
12539,60736,-3.806652,-38.608026,fortaleza,CE
12540,60740,-3.77371,-38.556108,fortaleza,CE
12541,60741,-3.788825,-38.550142,fortaleza,CE
12542,60742,-3.788834,-38.54192,fortaleza,CE
12543,60743,-3.799424,-38.537113,fortaleza,CE
12544,60744,-3.804187,-38.544533,fortaleza,CE
12545,60750,-3.830936,-38.555889,fortaleza,CE
12546,60751,-3.835141,-38.558159,fortaleza,CE
12547,60752,-3.819058,-38.570787,fortaleza,CE
12548,60760,-3.833733,-38.567718,fortaleza,CE
12549,60761,-3.815746,-38.562667,fortaleza,CE
12550,60762,-3.815439,-38.577699,fortaleza,CE
12551,60763,-3.815162,-38.584828,fortaleza,CE
12552,60764,-3.81117,-38.582923,fortaleza,CE
12553,60765,-3.82521,-38.590783,fortaleza,CE
12554,60766,-3.830776,-38.572588,fortaleza,CE
12555,60767,-3.817708,-38.580682,fortaleza,CE
12556,60768,-3.820612,-38.569402,fortaleza,CE
12557,60810,-3.764269,-38.489749,fortaleza,CE
12558,60811,-3.772699,-38.489052,fortaleza,CE
12559,60812,-3.767477,-38.477867,fortaleza,CE
12560,60813,-3.781794,-38.486402,fortaleza,CE
12561,60820,-3.785124,-38.508799,fortaleza,CE
12562,60821,-3.787346,-38.492729,fortaleza,CE
12563,60822,-3.798174,-38.493726,fortaleza,CE
12564,60823,-3.79124,-38.511022,fortaleza,CE
12565,60824,-3.802671,-38.489886,fortaleza,CE
12566,60830,-3.808988,-38.474589,fortaleza,CE
12567,60831,-3.823066,-38.466135,fortaleza,CE
12568,60832,-3.801669,-38.463975,fortaleza,CE
12569,60833,-3.795971,-38.469546,fortaleza,CE
12570,60834,-3.786231,-38.466665,fortaleza,CE
12571,60835,-3.798024,-38.432735,fortaleza,CE
12572,60836,-3.803085,-38.451577,fortaleza,CE
12573,60840,-3.829371,-38.494379,fortaleza,CE
12574,60841,-3.819423,-38.492024,fortaleza,CE
12575,60842,-3.824361,-38.500742,fortaleza,CE
12576,60843,-3.831393,-38.477171,fortaleza,CE
12577,60844,-3.823941,-38.47851,fortaleza,CE
12578,60850,-3.773371,-38.513991,fortaleza,CE
12579,60851,-3.766374,-38.513336,fortaleza,CE
12580,60860,-3.7872,-38.524271,fortaleza,CE
12581,60861,-3.80488,-38.521013,fortaleza,CE
12582,60862,-3.815908,-38.520311,fortaleza,CE
12583,60863,-3.824625,-38.514799,fortaleza,CE
12584,60864,-3.798168,-38.507219,fortaleza,CE
12585,60865,-3.838402,-38.516121,fortaleza,CE
12586,60866,-3.83472,-38.521754,fortaleza,CE
12587,60867,-3.801822,-38.521266,fortaleza,CE
12588,60868,-3.808834,-38.542144,fortaleza,CE
12589,60870,-3.845624,-38.520408,fortaleza,CE
12590,60871,-3.836779,-38.492688,fortaleza,CE
12591,60872,-3.845169,-38.48301,fortaleza,CE
12592,60873,-3.855078,-38.498462,fortaleza,CE
12593,60874,-3.835485,-38.518108,fortaleza,CE
12594,60875,-3.832335,-38.492051,fortaleza,CE
12595,60876,-3.84268,-38.527313,fortaleza,CE
12596,60878,-3.85709,-38.490086,fortaleza,CE
12597,61600,-3.727318,-38.662918,caucaia,CE
12598,61601,-3.716409,-38.646979,caucaia,CE
12599,61602,-3.728787,-38.648823,caucaia,CE
12600,61603,-3.740879,-38.651419,caucaia,CE
12601,61604,-3.757108,-38.657347,caucaia,CE
12602,61605,-3.746389,-38.674656,caucaia,CE
12603,61608,-3.741563,-38.642868,caucaia,CE
12604,61610,-3.726114,-38.656698,caucaia,CE
12605,61615,-3.730715,-38.698527,caucaia,CE
12606,61616,-3.721275,-38.791775,caucaia,CE
12607,61619,-3.633269,-38.718984,caucaia,CE
12608,61620,-3.658054,-38.695494,caucaia,CE
12609,61621,-3.69197,-38.648006,caucaia,CE
12610,61624,-3.663526,-38.683755,caucaia,CE
12611,61625,-3.700795,-38.663387,caucaia,CE
12612,61626,-3.689355,-38.636227,caucaia,CE
12613,61627,-3.693562,-38.625431,caucaia,CE
12614,61629,-3.666953,-38.707585,caucaia,CE
12615,61631,-3.696917,-38.596096,caucaia,CE
12616,61634,-3.741195,-38.620147,caucaia,CE
12617,61635,-3.738123,-38.610513,caucaia,CE
12618,61636,-3.702079,-38.696191,caucaia,CE
12619,61637,-3.662562,-38.798132,caucaia,CE
12620,61642,-3.74579,-38.607842,caucaia,CE
12621,61645,-3.755546,-38.613961,caucaia,CE
12622,61648,-3.75664,-38.618451,caucaia,CE
12623,61650,-3.761006,-38.623931,caucaia,CE
12624,61652,-3.773421,-38.625666,caucaia,CE
12625,61654,-3.745114,-38.642811,caucaia,CE
12626,61655,-3.767267,-38.636743,caucaia,CE
12627,61656,-3.76676,-38.648699,caucaia,CE
12628,61658,-3.767264,-38.655667,caucaia,CE
12629,61659,-3.76139,-38.638415,caucaia,CE
12630,61661,-3.781018,-38.630875,caucaia,CE
12631,61663,-3.780884,-38.658085,caucaia,CE
12632,61700,-3.911199,-38.377291,aquiraz,CE
12633,61760,-3.879123,-38.457554,eusebio,CE
12634,61800,-3.946954,-38.614037,pacatuba,CE
12635,61801,-3.982713,-38.614064,pacatuba,CE
12636,61802,-3.962058,-38.612825,pacatuba,CE
12637,61803,-3.978914,-38.597569,pacatuba,CE
12638,61805,-3.937524,-38.609958,pacatuba,CE
12639,61809,-3.907263,-38.59959,pacatuba,CE
12640,61810,-3.889723,-38.597922,pacatuba,CE
12641,61814,-3.897166,-38.607765,pacatuba,CE
12642,61880,-3.95359,-38.52284,itaitinga,CE
12643,61890,-4.04458,-38.643528,guaiuba,CE
12644,61900,-3.878944,-38.618632,maracanau,CE
12645,61901,-3.882136,-38.619038,maracanau,CE
12646,61902,-3.869753,-38.625011,maracanau,CE
12647,61903,-3.881841,-38.632931,maracanau,CE
12648,61905,-3.870506,-38.626603,maracanau,CE
12649,61908,-3.918426,-38.622008,maracanau,CE
12650,61909,-3.903379,-38.62264,maracanau,CE
12651,61910,-3.859578,-38.645709,maracanau,CE
12652,61913,-3.853182,-38.637338,maracanau,CE
12653,61914,-3.848018,-38.645997,maracanau,CE
12654,61919,-3.846078,-38.612144,maracanau,CE
12655,61920,-3.850381,-38.612063,maracanau,CE
12656,61921,-3.842756,-38.613104,maracanau,CE
12657,61925,-3.851402,-38.594061,maracanau,CE
12658,61930,-3.837806,-38.581181,maracanaú,CE
12659,61932,-3.858717,-38.584384,maracanau,CE
12660,61933,-3.868921,-38.601406,maracanau,CE
12661,61934,-3.875152,-38.593621,maracanau,CE
12662,61935,-3.849717,-38.580812,maracanau,CE
12663,61936,-3.877028,-38.605274,maracanau,CE
12664,61939,-3.872557,-38.601031,maracanau,CE
12665,61940,-3.895249,-38.684441,maranguape,CE
12666,61941,-3.886054,-38.68396,maranguape,CE
12667,61942,-3.884963,-38.677937,maranguape,CE
12668,61943,-3.873453,-38.672364,maranguape,CE
12669,61944,-3.877358,-38.668783,maranguape,CE
12670,61946,-3.903777,-38.677123,maranguape,CE
12671,61948,-3.906013,-38.682223,maranguape,CE
12672,61949,-3.915804,-38.690946,maranguape,CE
12673,61962,-3.953242,-38.693948,lages,CE
12674,61979,-3.504515,-39.572898,amanari,CE
12675,62000,-3.690016,-40.351397,sobral,CE
12676,62010,-3.687756,-40.351445,sobral,CE
12677,62011,-3.685887,-40.352239,sobral,CE
12678,62014,-3.69925,-40.362883,sobral,CE
12679,62015,-3.69286,-40.36365,sobral,CE
12680,62016,-3.697434,-40.367988,sobral,CE
12681,62020,-3.692202,-40.370047,sobral,CE
12682,62021,-3.692643,-40.387647,sobral,CE
12683,62022,-3.685114,-40.36403,sobral,CE
12684,62023,-3.68979,-40.366567,sobral,CE
12685,62030,-3.675949,-40.363316,sobral,CE
12686,62031,-3.676325,-40.373154,sobral,CE
12687,62032,-3.6762,-40.33832,sobral,CE
12688,62033,-3.663636,-40.373805,sobral,CE
12689,62034,-3.674196,-40.351352,sobral,CE
12690,62039,-3.670792,-40.350282,sobral,CE
12691,62040,-3.68455,-40.33411,sobral,CE
12692,62041,-3.677682,-40.348099,sobral,CE
12693,62042,-3.686036,-40.340361,sobral,CE
12694,62043,-3.680838,-40.348129,sobral,CE
12695,62044,-3.6742,-40.33642,sobral,CE
12696,62045,-3.70747,-40.33957,sobral,CE
12697,62050,-3.701042,-40.336534,sobral,CE
12698,62051,-3.697676,-40.340571,sobral,CE
12699,62053,-3.701164,-40.314408,sobral,CE
12700,62104,-3.695334,-40.360806,sobral,CE
12701,62105,-6.081974,-39.7671,sao jose do torto,CE
12702,62106,-4.08115,-39.947059,taperuaba,CE
12703,62107,-3.775282,-40.498862,jaibaras,CE
12704,62108,-15.623618,-56.053477,jordao,CE
12705,62113,-4.337067,-38.869451,rafael arruda,CE
12706,62115,-3.801583,-40.263055,forquilha,CE
12707,62120,-3.586432,-40.544365,alcântaras,CE
12708,62130,-3.544255,-40.461787,meruoca,CE
12709,62140,-3.522233,-40.350617,massape,CE
12710,62150,-3.46061,-40.206776,santana do acarau,CE
12711,62160,-3.565614,-40.663404,coreau,CE
12712,62170,-3.905727,-40.746128,mucambo,CE
12713,62180,-3.979863,-40.696004,pacuja,CE
12714,62184,-3.949163,-40.475489,carire,CE
12715,62190,-3.916801,-40.385777,groairas,CE
12716,62200,-4.70886,-40.55677,nova russas,CE
12717,62210,-4.755083,-40.818394,ararenda,CE
12718,62215,-4.908117,-40.762521,ipaporanga,CE
12719,62220,-4.743483,-40.927677,poranga,CE
12720,62230,-4.544016,-40.713182,ipueiras,CE
12721,62250,-4.327033,-40.711932,ipu,CE
12722,62255,-4.247776,-40.635978,pires ferreira,CE
12723,62260,-4.142426,-40.582213,reriutaba,CE
12724,62265,-4.173769,-40.39736,varjota,CE
12725,62270,-4.408783,-40.4035,hidrolandia,CE
12726,62280,-4.334272,-40.154153,santa quiteria,CE
12727,62297,-4.649582,-40.199882,catunda,CE
12728,62300,-3.562396,-41.096177,vicosa do ceara,CE
12729,62320,-3.725733,-40.991627,tiangua,CE
12730,62340,-3.758784,-40.816334,frecheirinha,CE
12731,62350,-3.849479,-40.917845,ubajara,CE
12732,62360,-3.924749,-40.893262,ibiapina,CE
12733,62365,-4.044685,-40.75233,graca,CE
12734,62370,-4.045424,-40.865466,sao benedito,CE
12735,62375,-4.16431,-40.93904,carnaubal,CE
12736,62380,-4.167697,-40.762366,guaraciaba do norte,CE
12737,62390,-4.405889,-40.900085,croata,CE
12738,62400,-2.903036,-40.846889,camocim,CE
12739,62410,-2.908957,-41.236627,barroquinha,CE
12740,62414,-2.892768,-41.272224,bitupita,CE
12741,62420,-3.036349,-41.242444,chaval,CE
12742,62430,-3.131205,-40.844486,granja,CE
12743,62450,-3.212992,-40.686699,martinopole,CE
12744,62460,-3.321447,-40.583163,uruoca,CE
12745,62470,-3.357237,-40.468794,senador sa,CE
12746,62480,-3.466313,-40.681195,moraujo,CE
12747,62500,-3.498702,-39.580414,itapipoca,CE
12748,62502,-3.503822,-39.543029,deserto,CE
12749,62505,-3.490258,-39.56744,itapipoca,CE
12750,62508,-3.503229,-39.580835,itapipoca,CE
12751,62530,-3.566676,-39.933294,miraima,CE
12752,62540,-3.366042,-39.829834,amontada,CE
12753,62550,-3.241297,-40.108128,morrinhos,CE
12754,62560,-3.12384,-40.154489,marco,CE
12755,62570,-3.056033,-40.171867,bela cruz,CE
12756,62580,-2.890591,-40.109832,acarau,CE
12757,62590,-2.928615,-39.909751,itarema,CE
12758,62595,-2.913518,-40.189488,cruz,CE
12759,62597,-2.891233,-40.292348,caicara,CE
12760,62598,-2.872936,-40.470673,jijoca de jericoacoara,CE
12761,62600,-3.687274,-39.583278,itapaje,CE
12762,62610,-3.989526,-39.577811,tejucuoca,CE
12763,62620,-3.735782,-39.786742,iraucuba,CE
12764,62630,-3.946977,-39.431597,apuiares,CE
12765,62640,-3.796325,-39.272936,pentecoste,CE
12766,62642,-3.858106,-39.337048,sebastiao de abreu,CE
12767,62650,-3.622297,-39.507753,uruburetama,CE
12768,62655,-3.598105,-39.436147,tururu,CE
12769,62660,-3.676689,-39.342542,umirim,CE
12770,62665,-3.67112,-39.239816,sao luis do curu,CE
12771,62670,-3.602543,-38.971856,sao goncalo do amarante,CE
12772,62674,-3.553618,-38.830445,pecem,CE
12773,62677,-3.50304,-38.920416,sao goncalo do amarante,CE
12774,62680,-3.421242,-39.035643,paracuru,CE
12775,62685,-3.436778,-39.149953,paraipaba,CE
12776,62690,-3.265169,-39.268121,trairi,CE
12777,62700,-4.355778,-39.314361,caninde,CE
12778,62725,-4.238601,-39.066521,lagoa do mato,CE
12779,62730,-4.233547,-39.201478,caridade,CE
12780,62734,-4.232948,-39.193298,caridade,CE
12781,62736,-4.097223,-39.238568,paramoti,CE
12782,62738,-4.050357,-39.448793,general sampaio,CE
12783,62740,-4.561923,-38.920739,itapiuna,CE
12784,62748,-4.468053,-38.901134,capistrano,CE
12785,62750,-4.398559,-38.769047,aracoiaba,CE
12786,62755,-4.487948,-38.592375,ocara,CE
12787,62760,-4.334209,-38.877913,baturite,CE
12788,62762,-4.419358,-39.046336,aratuba,CE
12789,62764,-4.30603,-38.994766,mulungu,CE
12790,62766,-4.249061,-38.936328,guaramiranga,CE
12791,62770,-4.22572,-38.918038,pacoti,CE
12792,62780,-4.147251,-38.848534,palmacia,CE
12793,62785,-4.224106,-38.705986,acarape,CE
12794,62790,-4.230668,-38.729191,redencao,CE
12795,62795,-4.291005,-38.642086,barreira,CE
12796,62800,-4.5675,-37.763546,aracati,CE
12797,62810,-4.701179,-37.377746,icapui,CE
12798,62815,-4.454547,-37.802984,fortim,CE
12799,62820,-4.687416,-37.831473,itaicaba,CE
12800,62823,-4.841842,-37.781109,jaguaruana,CE
12801,62840,-4.183833,-38.122533,beberibe,CE
12802,62842,-4.26114,-38.051944,sucatinga,CE
12803,62850,-4.132691,-38.24174,cascavel,CE
12804,62852,-4.044836,-38.192451,caponga,CE
12805,62860,-4.033574,-38.303525,pindoretama,CE
12806,62870,-4.175677,-38.463708,pacajus,CE
12807,62875,-4.314979,-38.488671,chorozinho,CE
12808,62880,-4.099087,-38.494081,horizonte,CE
12809,62881,-4.07514,-38.499291,horizonte,CE
12810,62882,-4.100242,-38.485884,horizonte,CE
12811,62884,-4.110239,-38.484225,horizonte,CE
12812,62885,-4.131017,-38.488455,horizonte,CE
12813,62886,-4.096054,-38.499497,horizonte,CE
12814,62899,-4.129988,-38.498037,queimados,CE
12815,62900,-4.939327,-37.973971,russas,CE
12816,62903,-5.990887,-38.359394,flores,CE
12817,62908,-4.995,-38.00333,sao joao de deus,CE
12818,62910,-4.745394,-37.961711,palhano,CE
12819,62920,-5.071995,-37.984594,quixere,CE
12820,62922,-5.083045,-37.911181,lagoinha,CE
12821,62930,-5.170514,-38.109802,limoeiro do norte,CE
12822,62940,-5.091315,-38.371922,morada nova,CE
12823,62948,-5.24333,-38.48056,morada nova,CE
12824,62955,-4.968976,-38.634605,ibicuitinga,CE
12825,62960,-5.250812,-38.128345,tabuleiro do norte,CE
12826,62965,-5.275298,-38.272568,sao joao do jaguaribe,CE
12827,62970,-5.519469,-38.267591,alto santo,CE
12828,62980,-5.812392,-38.313039,iracema,CE
12829,62990,-5.7227,-38.154146,potiretama,CE
12830,63010,-7.206245,-39.315024,juazeiro do norte,CE
12831,63011,-7.198724,-39.319432,juazeiro do norte,CE
12832,63012,-7.179059,-39.327282,juazeiro do norte,CE
12833,63013,-7.206395,-39.301613,juazeiro do norte,CE
12834,63016,-7.203036,-39.305439,juazeiro do norte,CE
12835,63018,-7.209892,-39.271088,juazeiro do norte,CE
12836,63020,-7.214366,-39.309492,juazeiro do norte,CE
12837,63021,-7.20841,-39.282397,juazeiro do norte,CE
12838,63022,-7.221987,-39.330504,juazeiro do norte,CE
12839,63024,-7.228361,-39.345307,juazeiro do norte,CE
12840,63028,-7.215955,-39.299573,juazeiro do norte,CE
12841,63030,-7.225792,-39.300321,juazeiro do norte,CE
12842,63031,-7.233828,-39.294899,juazeiro do norte,CE
12843,63033,-7.232446,-39.30735,juazeiro do norte,CE
12844,63034,-7.226484,-39.314187,juazeiro do norte,CE
12845,63035,-7.217809,-39.295204,juazeiro do norte,CE
12846,63036,-7.23355,-39.276589,juazeiro do norte,CE
12847,63038,-7.230856,-39.267835,juazeiro do norte,CE
12848,63040,-7.244308,-39.320801,juazeiro do norte,CE
12849,63041,-7.228021,-39.33029,juazeiro do norte,CE
12850,63042,-7.234738,-39.32952,juazeiro do norte,CE
12851,63043,-7.244125,-39.337248,juazeiro do norte,CE
12852,63044,-7.239833,-39.346228,juazeiro do norte,CE
12853,63046,-7.245892,-39.327645,juazeiro do norte,CE
12854,63047,-7.247598,-39.310314,juazeiro do norte,CE
12855,63048,-7.249795,-39.305715,juazeiro do norte,CE
12856,63050,-7.21661,-39.320549,juazeiro do norte,CE
12857,63051,-7.233557,-39.316122,juazeiro do norte,CE
12858,63100,-7.232455,-39.410207,crato,CE
12859,63101,-7.234058,-39.405137,crato,CE
12860,63103,-7.243656,-39.417433,crato,CE
12861,63104,-7.239392,-39.407922,crato,CE
12862,63105,-7.239272,-39.4183,crato,CE
12863,63106,-7.252984,-39.422428,crato,CE
12864,63107,-7.243922,-39.424041,crato,CE
12865,63108,-7.256919,-39.429872,crato,CE
12866,63109,-7.272139,-39.436641,crato,CE
12867,63110,-7.244445,-39.429875,crato,CE
12868,63111,-7.243965,-39.42587,crato,CE
12869,63112,-7.244204,-39.431566,crato,CE
12870,63113,-7.230967,-39.419163,crato,CE
12871,63115,-7.225251,-39.423097,crato,CE
12872,63116,-7.228779,-39.421772,crato,CE
12873,63118,-7.222774,-39.411774,crato,CE
12874,63119,-7.226719,-39.408972,crato,CE
12875,63122,-7.228479,-39.398129,crato,CE
12876,63123,-7.211907,-39.390433,crato,CE
12877,63125,-7.237112,-39.395364,crato,CE
12878,63132,-7.225618,-39.3762,crato,CE
12879,63133,-7.233614,-39.365309,crato,CE
12880,63140,-6.874763,-39.871397,assare,CE
12881,63145,-6.684457,-39.756052,tarrafas,CE
12882,63150,-7.075049,-40.373832,campos sales,CE
12883,63155,-7.283893,-40.455665,salitre,CE
12884,63160,-7.077148,-40.060747,potengi,CE
12885,63165,-7.097907,-39.674974,nova olinda,CE
12886,63170,-7.196396,-40.141583,araripe,CE
12887,63180,-7.310588,-39.302673,barbalha,CE
12888,63185,-6.925826,-39.570534,farias brito,CE
12889,63190,-7.186363,-39.735903,santana do cariri,CE
12890,63195,-7.000059,-39.73906,altaneira,CE
12891,63200,-7.248569,-39.145563,missao velha,CE
12892,63210,-7.38772,-38.771757,mauriti,CE
12893,63215,-7.380812,-38.774444,mauriti,CE
12894,63220,-7.040978,-39.288806,caririacu,CE
12895,63230,-6.88994,-39.217047,granjeiro,CE
12896,63240,-7.35597,-39.043267,abaiara,CE
12897,63250,-7.312291,-38.944934,milagres,CE
12898,63260,-7.489349,-38.983971,brejo santo,CE
12899,63270,-7.533475,-39.114513,porteiras,CE
12900,63275,-7.688474,-39.005677,jati,CE
12901,63280,-7.829525,-39.075499,penaforte,CE
12902,63290,-7.586146,-39.272969,jardim,CE
12903,63300,-6.753573,-38.991007,lavras da mangabeira,CE
12904,63307,-6.966105,-36.978832,mangabeira,CE
12905,63310,-6.643724,-38.710112,umari,CE
12906,63320,-6.730125,-38.715944,baixio,CE
12907,63340,-6.790646,-38.719132,ipaumirim,CE
12908,63360,-6.944385,-38.966451,aurora,CE
12909,63380,-7.174832,-38.778377,barro,CE
12910,63400,-6.604065,-39.062735,cedro,CE
12911,63430,-6.400711,-38.859371,ico,CE
12912,63460,-6.045962,-38.460464,pereiro,CE
12913,63470,-6.031735,-38.348981,erere,CE
12914,63475,-5.898792,-38.635731,jaguaribe,CE
12915,63477,-4.962473,-39.012515,feiticeiro,CE
12916,63478,-5.948293,-38.902562,nova floresta,CE
12917,63480,-5.610361,-38.764242,jaguaretama,CE
12918,63490,-5.45559,-38.462476,jaguaribara,CE
12919,63500,-6.359462,-39.293261,iguatu,CE
12920,63501,-6.354236,-39.28813,iguatu,CE
12921,63502,-6.375823,-39.299359,iguatu,CE
12922,63503,-6.37027,-39.288641,iguatu,CE
12923,63504,-6.366632,-39.305316,iguatu,CE
12924,63505,-6.378329,-39.328106,iguatu,CE
12925,63507,-6.358113,-39.308452,iguatu,CE
12926,63508,-6.352163,-39.306227,iguatu,CE
12927,63515,-6.239832,-39.191313,quixelo,CE
12928,63520,-6.244237,-38.914888,oros,CE
12929,63527,-6.245078,-38.915145,guassusse,CE
12930,63530,-6.535978,-39.496344,carius,CE
12931,63540,-6.792629,-39.298712,varzea alegre,CE
12932,63560,-6.093947,-39.448127,acopiara,CE
12933,63570,-6.775342,-39.988183,antonina do norte,CE
12934,63575,-6.591323,-40.147777,aiuaba,CE
12935,63580,-6.522041,-39.524345,jucas,CE
12936,63585,-22.551255,-47.89883,sao pedro,CE
12937,63590,-6.535436,-39.881187,saboeiro,CE
12938,63595,-6.133504,-39.877848,catarina,CE
12939,63600,-5.587578,-39.374582,senador pompeu,CE
12940,63605,-5.819327,-39.418913,piquet carneiro,CE
12941,63608,-5.928247,-39.427121,ibicua,CE
12942,63610,-5.745386,-39.628922,mombaca,CE
12943,63620,-5.737115,-39.018554,solonopole,CE
12944,63630,-5.457299,-39.713534,pedra branca,CE
12945,63632,-5.527701,-39.597728,mineirolândia,CE
12946,63635,-5.676692,-39.194515,milha,CE
12947,63640,-5.395364,-40.30908,independencia,CE
12948,63645,-5.870759,-39.256468,deputado irapuan pinheiro,CE
12949,63650,-5.845161,-40.705554,quiterianopolis,CE
12950,63660,-6.001302,-40.293279,taua,CE
12951,63670,-6.325944,-40.15614,arneiroz,CE
12952,63680,-6.210126,-40.696594,parambu,CE
12953,63700,-5.17868,-40.667794,crateus,CE
12954,63740,-5.536805,-40.774462,novo oriente,CE
12955,63750,-4.815357,-40.334174,tamboril,CE
12956,63765,-4.942381,-40.537983,sucesso,CE
12957,63780,-4.800734,-40.065051,monsenhor tabosa,CE
12958,63800,-5.198494,-39.293604,quixeramobim,CE
12959,63825,-7.206462,-39.309979,sao miguel,CE
12960,63860,-4.839586,-39.562181,madalena,CE
12961,63870,-5.124811,-39.731214,boa viagem,CE
12962,63900,-4.968505,-39.018613,quixada,CE
12963,63901,-4.958992,-39.03185,quixada,CE
12964,63902,-4.966852,-39.026666,quixada,CE
12965,63903,-4.973001,-39.022934,quixada,CE
12966,63905,-4.982964,-39.017682,quixada,CE
12967,63906,-4.995082,-39.012319,quixada,CE
12968,63907,-4.963401,-39.007718,quixada,CE
12969,63908,-4.965922,-39.00825,quixada,CE
12970,63910,-5.083127,-39.040962,juatama,CE
12971,63960,-5.305347,-38.9196,banabuiu,CE
12972,63970,-4.75791,-38.758738,ibaretama,CE
12973,64000,-5.084978,-42.810902,teresina,PI
12974,64001,-5.091818,-42.806053,teresina,PI
12975,64002,-5.072175,-42.814237,teresina,PI
12976,64003,-5.074319,-42.818489,teresina,PI
12977,64004,-5.048783,-42.830007,teresina,PI
12978,64005,-5.057462,-42.829108,teresina,PI
12979,64006,-5.053418,-42.814494,teresina,PI
12980,64007,-5.054557,-42.813458,teresina,PI
12981,64008,-5.040104,-42.818058,teresina,PI
12982,64009,-5.039267,-42.812518,teresina,PI
12983,64010,-5.067119,-42.792418,teresina,PI
12984,64011,-5.12394,-42.756736,teresina,PI
12985,64012,-5.013744,-42.814012,teresina,PI
12986,64013,-4.990111,-42.83547,teresina,PI
12987,64014,-5.093745,-42.79328,teresina,PI
12988,64015,-5.097788,-42.791711,teresina,PI
12989,64016,-5.102839,-42.795997,teresina,PI
12990,64017,-5.108999,-42.793479,teresina,PI
12991,64018,-5.10877,-42.807498,teresina,PI
12992,64019,-5.112892,-42.807035,teresina,PI
12993,64020,-5.126285,-42.794744,teresina,PI
12994,64022,-5.135096,-42.788413,teresina,PI
12995,64023,-5.131819,-42.786056,teresina,PI
12996,64025,-5.141911,-42.785898,teresina,PI
12997,64027,-5.130341,-42.789654,teresina,PI
12998,64028,-5.156753,-42.783481,teresina,PI
12999,64030,-5.13812,-42.774783,teresina,PI
13000,64031,-5.133162,-42.774978,teresina,PI
13001,64032,-5.147235,-42.774164,teresina,PI
13002,64033,-5.123609,-42.768344,teresina,PI
13003,64034,-5.176092,-42.785033,teresina,PI
13004,64035,-5.18302,-42.758647,teresina,PI
13005,64037,-5.19104,-42.741998,teresina,PI
13006,64038,-5.20033,-42.755481,teresina,PI
13007,64039,-5.188291,-42.76087,teresina,PI
13008,64040,-5.103833,-42.797425,teresina,PI
13009,64041,-5.115754,-42.739118,teresina,PI
13010,64045,-5.085513,-42.772844,teresina,PI
13011,64046,-5.084725,-42.778588,teresina,PI
13012,64048,-5.0691,-42.789395,teresina,PI
13013,64049,-5.068141,-42.78888,teresina,PI
13014,64050,-5.059114,-42.775237,teresina,PI
13015,64051,-5.07543,-42.773648,teresina,PI
13016,64052,-5.069131,-42.77768,teresina,PI
13017,64053,-5.07297,-42.755936,teresina,PI
13018,64055,-5.067872,-42.764847,teresina,PI
13019,64056,-5.069113,-42.766085,teresina,PI
13020,64057,-5.057286,-42.746647,teresina,PI
13021,64058,-5.06143,-42.755872,teresina,PI
13022,64059,-5.049376,-42.755247,teresina,PI
13023,64060,-5.055214,-42.78025,teresina,PI
13024,64062,-5.041385,-42.76559,teresina,PI
13025,64063,-5.050956,-42.771452,teresina,PI
13026,64064,-5.041206,-42.770773,teresina,PI
13027,64066,-5.012486,-42.782348,teresina,PI
13028,64067,-5.00756,-42.778552,teresina,PI
13029,64069,-5.02594,-42.7425,teresina,PI
13030,64071,-5.037148,-42.734705,teresina,PI
13031,64073,-5.072206,-42.763253,teresina,PI
13032,64074,-5.063604,-42.721515,teresina,PI
13033,64075,-5.10964,-42.772485,teresina,PI
13034,64076,-5.116469,-42.761813,teresina,PI
13035,64077,-5.104517,-42.756805,teresina,PI
13036,64078,-5.103607,-42.753668,teresina,PI
13037,64079,-5.11324,-42.751745,teresina,PI
13038,64080,-5.109808,-42.747536,teresina,PI
13039,64081,-5.110225,-42.739945,teresina,PI
13040,64082,-5.112565,-42.752515,teresina,PI
13041,64083,-5.10584,-42.737634,teresina,PI
13042,64084,-5.085653,-42.734646,teresina,PI
13043,64085,-5.10108,-42.729725,teresina,PI
13044,64086,-5.115634,-42.719724,teresina,PI
13045,64090,-5.085872,-42.755787,teresina,PI
13046,64091,-5.132012,-42.75134,teresina,PI
13047,64100,-4.243175,-42.294129,barras,PI
13048,64105,-4.47665,-42.30833,cabeceiras do piaui,PI
13049,64108,-4.395197,-42.114762,boa hora,PI
13050,64110,-4.75585,-42.575655,jose de freitas,PI
13051,64120,-4.58694,-42.862739,uniao,PI
13052,64130,-4.168147,-42.893301,miguel alves,PI
13053,64138,-4.512377,-42.623581,lagoa alegre,PI
13054,64140,-3.982394,-42.62201,nossa senhora dos remedios,PI
13055,64145,-3.893698,-42.713471,porto,PI
13056,64150,-3.715273,-42.553533,matias olimpio,PI
13057,64160,-3.461247,-42.369802,luzilandia,PI
13058,64165,-3.496743,-42.434738,joca marques,PI
13059,64168,-3.48452,-42.50447,madeiro,PI
13060,64170,-3.505859,-42.178031,joaquim pires,PI
13061,64175,-3.322683,-42.090225,murici dos portelas,PI
13062,64178,-3.742339,-42.310152,morro do chapeu do piaui,PI
13063,64180,-3.892752,-42.233879,esperantina,PI
13064,64190,-4.023955,-42.075376,batalha,PI
13065,64200,-2.903047,-41.776936,parnaiba,PI
13066,64201,-2.895437,-41.787271,parnaiba,PI
13067,64202,-2.907089,-41.760262,parnaiba,PI
13068,64204,-2.907237,-41.749851,parnaiba,PI
13069,64205,-2.92512,-41.742828,parnaíba,PI
13070,64206,-2.900775,-41.756021,parnaiba,PI
13071,64207,-2.915536,-41.746069,parnaiba,PI
13072,64208,-2.919243,-41.746708,parnaiba,PI
13073,64209,-2.921121,-41.736268,parnaíba,PI
13074,64210,-2.919927,-41.740863,parnaiba,PI
13075,64211,-2.924804,-41.744105,parnaiba,PI
13076,64212,-2.929214,-41.755785,parnaiba,PI
13077,64213,-2.931025,-41.759956,parnaiba,PI
13078,64215,-2.916317,-41.761007,parnaiba,PI
13079,64216,-2.929611,-41.762743,parnaiba,PI
13080,64217,-2.937571,-41.767681,parnaiba,PI
13081,64218,-2.913124,-41.778589,parnaiba,PI
13082,64220,-2.886348,-41.650911,luis correia,PI
13083,64222,-2.926655,-41.347562,cajueiro da praia,PI
13084,64224,-2.852175,-41.812177,ilha grande,PI
13085,64225,-3.189095,-41.640847,bom principio do piaui,PI
13086,64228,-3.42026,-41.894057,caxingo,PI
13087,64230,-3.177679,-41.869195,buriti dos lopes,PI
13088,64233,-3.476973,-41.842546,caraubas do piaui,PI
13089,64235,-3.470319,-41.554677,cocal,PI
13090,64238,-3.602803,-41.449904,cocal dos alves,PI
13091,64240,-3.929032,-41.709522,piracuruca,PI
13092,64243,-3.948815,-41.276024,sao joao da fronteira,PI
13093,64245,-3.811342,-41.831727,sao jose do divino,PI
13094,64250,-4.254568,-41.272472,domingos mourao,PI
13095,64253,-4.703057,-41.448554,milton brandao,PI
13096,64255,-4.429295,-41.453921,pedro ii,PI
13097,64258,-4.392027,-41.593359,lagoa de sao francisco,PI
13098,64260,-4.276294,-41.777891,piripiri,PI
13099,64265,-4.130638,-41.778505,brasileira,PI
13100,64270,-4.458283,-41.941468,capitao de campos,PI
13101,64278,-4.554619,-41.97025,cocal de telha,PI
13102,64280,-4.830033,-42.169738,campo maior,PI
13103,64283,-4.485332,-42.112712,boqueirao do piaui,PI
13104,64285,-4.927863,-41.742891,sigefredo pacheco,PI
13105,64288,-4.630764,-42.179599,nossa senhora de nazare,PI
13106,64290,-5.037909,-42.459598,altos,PI
13107,64300,-6.403964,-41.738446,valenca do piaui,PI
13108,64308,-6.515222,-41.570514,lagoa do sitio,PI
13109,64310,-6.105346,-41.788323,aroazes,PI
13110,64315,-5.803743,-41.955338,santa cruz dos milagres,PI
13111,64320,-6.235208,-41.420449,pimenteiras,PI
13112,64325,-6.203305,-42.139343,elesbao veloso,PI
13113,64330,-5.503846,-41.322478,sao miguel do tapuio,PI
13114,64333,-5.864192,-41.060695,assuncao do piaui,PI
13115,64335,-5.090599,-42.203212,coivaras,PI
13116,64340,-5.319752,-41.550424,castelo do piaui,PI
13117,64343,-5.165367,-41.707112,juazeiro do piaui,PI
13118,64345,-5.314449,-41.095883,buriti dos montes,PI
13119,64350,-5.513825,-41.895884,sao joao da serra,PI
13120,64360,-5.252365,-42.208011,alto longa,PI
13121,64365,-5.286124,-41.932069,novo santo antonio,PI
13122,64370,-5.665902,-42.205551,prata do piaui,PI
13123,64375,-5.933515,-42.111321,sao felix do piaui,PI
13124,64378,-5.853766,-42.210719,sao miguel da baixa grande,PI
13125,64380,-5.455012,-42.36026,beneditinos,PI
13126,64388,-5.409659,-42.646812,lagoa do piaui,PI
13127,64390,-5.35905,-42.676173,demerval lobao,PI
13128,64395,-5.8556,-42.439492,passagem franca do piaui,PI
13129,64400,-6.242984,-42.853016,amarante,PI
13130,64410,-6.080283,-42.736192,angical do piaui,PI
13131,64420,-5.973203,-43.058067,palmeirais,PI
13132,64430,-5.920127,-42.719877,sao pedro do piaui,PI
13133,64435,-5.996955,-42.70287,sao goncalo do piaui,PI
13134,64440,-5.797111,-42.663132,agricolandia,PI
13135,64445,-5.681218,-42.738174,miguel leao,PI
13136,64450,-5.558418,-42.612317,monsenhor gil,PI
13137,64453,-5.620004,-42.831163,curralinhos,PI
13138,64455,-5.820001,-42.511285,barro duro,PI
13139,64460,-5.892264,-42.63455,agua branca,PI
13140,64465,-5.837362,-42.628027,lagoinha do piaui,PI
13141,64468,-5.846247,-42.580371,olho d'água do piauí,PI
13142,64470,-5.988835,-42.559141,hugo napoleao,PI
13143,64475,-6.622841,-42.695067,francisco ayres,PI
13144,64480,-6.652049,-42.532281,arraial,PI
13145,64490,-6.228794,-42.689374,regeneracao,PI
13146,64495,-6.09565,-42.63645,jardim do mulato,PI
13147,64500,-7.015702,-42.125877,oeiras,PI
13148,64510,-6.913474,-41.863887,sao joao da varjota,PI
13149,64512,-6.599038,-42.282638,tanque do piaui,PI
13150,64514,-6.794131,-42.393486,cajazeiras do piauí,PI
13151,64516,-7.22605,-42.179337,colonia do piaui,PI
13152,64518,-6.798865,-42.273226,santa rosa do piaui,PI
13153,64520,-6.39602,-42.260375,francinopolis,PI
13154,64525,-6.547698,-42.250463,varzea grande,PI
13155,64528,-6.521075,-42.105552,barra d'alcântara,PI
13156,64530,-6.456343,-41.933354,novo oriente do piaui,PI
13157,64535,-6.667291,-41.708301,inhuma,PI
13158,64540,-6.822683,-41.744329,ipiranga do piaui,PI
13159,64545,-7.180972,-41.76531,santa cruz do piaui,PI
13160,64548,-7.238078,-41.895679,wall ferraz,PI
13161,64550,-7.222514,-42.526263,sao francisco do piaui,PI
13162,64555,-7.494663,-42.565925,sao jose do peixe,PI
13163,64558,-7.583347,-42.370918,sao miguel do fidalgo,PI
13164,64560,-7.426368,-41.911932,santo inacio do piaui,PI
13165,64563,-7.467074,-41.80033,floresta do piaui,PI
13166,64565,-7.448211,-41.481093,itainopolis,PI
13167,64568,-7.604774,-41.480497,vera mendes,PI
13168,64570,-7.738716,-41.678924,isaias coelho,PI
13169,64573,-7.465535,-41.121318,massape do piaui,PI
13170,64575,-7.356953,-41.139978,jaicos,PI
13171,64578,-7.143079,-41.041655,campo grande do piaui,PI
13172,64585,-7.596597,-40.817836,simoes,PI
13173,64590,-7.732448,-40.988639,caridade do piaui,PI
13174,64595,-7.831499,-40.901584,curral novo do piaui,PI
13175,64600,-7.085325,-41.469903,picos,PI
13176,64601,-7.077483,-41.471535,picos,PI
13177,64604,-7.071067,-41.449538,picos,PI
13178,64606,-7.086076,-41.407392,picos,PI
13179,64607,-7.082273,-41.44555,picos,PI
13180,64608,-7.087301,-41.434454,picos,PI
13181,64615,-6.945684,-41.510671,santana do piaui,PI
13182,64618,-7.103122,-41.703127,paqueta,PI
13183,64620,-6.961296,-41.675953,dom expedito lopes,PI
13184,64625,-6.861,-41.478572,sao jose do piaui,PI
13185,64630,-6.945449,-41.322426,bocaina,PI
13186,64635,-6.818036,-41.346437,sao joao da canabrava,PI
13187,64640,-6.983615,-41.228794,santo antonio de lisboa,PI
13188,64645,-6.994609,-41.134865,francisco santos,PI
13189,64650,-6.996987,-41.028654,monsenhor hipolito,PI
13190,64655,-7.009048,-40.937452,alagoinha do piaui,PI
13191,64660,-6.835158,-40.613448,pio ix,PI
13192,64670,-7.090616,-40.832959,sao juliao,PI
13193,64675,-7.241636,-40.848023,alegrete do piaui,PI
13194,64678,-7.375997,-40.968609,belem do piaui,PI
13195,64680,-7.353025,-40.90831,padre marcos,PI
13196,64685,-7.444339,-40.662633,marcolandia,PI
13197,64688,-7.142493,-40.940601,vila nova do piaui,PI
13198,64690,-7.08509,-40.615452,fronteiras,PI
13199,64695,-7.332229,-40.63667,caldeirao grande do piaui,PI
13200,64700,-7.859425,-41.910999,simplicio mendes,PI
13201,64705,-7.97126,-41.871204,bela vista do piaui,PI
13202,64710,-7.777868,-42.254712,paes landim,PI
13203,64720,-7.86452,-42.503409,socorro do piaui,PI
13204,64725,-7.753795,-42.678452,ribeira do piaui,PI
13205,64728,-8.070697,-42.29585,pedro laurentino,PI
13206,64730,-7.659327,-41.881402,campinas do piaui,PI
13207,64740,-7.890645,-41.58005,conceicao do caninde,PI
13208,64745,-8.220803,-41.673961,sao francisco de assis do piaui,PI
13209,64748,-8.219496,-41.080635,acaua,PI
13210,64750,-8.135842,-41.143511,paulistana,PI
13211,64753,-8.145536,-40.795832,betania do piaui,PI
13212,64755,-7.937483,-41.210251,jacobina do piaui,PI
13213,64758,-8.580514,-41.418888,queimada nova,PI
13214,64760,-8.134441,-42.25169,sao joao do piaui,PI
13215,64763,-8.495785,-41.834127,capitao gervasio oliveira,PI
13216,64764,-8.07445,-42.049576,nova santa rita,PI
13217,64767,-8.377521,-41.836443,campo alegre do fidalgo,PI
13218,64768,-8.483785,-41.552697,lagoa do barro do piaui,PI
13219,64770,-9.014406,-42.691129,sao raimundo nonato,PI
13220,64773,-9.236209,-42.962397,varzea branca,PI
13221,64778,-9.169084,-42.54439,sao lourenco do piaui,PI
13222,64780,-9.186428,-43.049081,anisio de abreu,PI
13223,64782,-9.220464,-43.129128,jurema,PI
13224,64783,-9.065175,-42.992565,sao braz do piaui,PI
13225,64785,-9.341009,-42.436723,dirceu arcoverde,PI
13226,64788,-9.481629,-42.789648,fartura do piauí,PI
13227,64790,-8.988217,-41.957783,dom inocencio,PI
13228,64793,-8.826233,-42.479761,coronel jose dias,PI
13229,64795,-9.281627,-43.328739,caracol,PI
13230,64798,-9.395735,-43.689614,guaribas,PI
13231,64800,-6.772046,-43.022711,floriano,PI
13232,64801,-6.773387,-43.03469,floriano,PI
13233,64803,-6.764033,-43.010477,floriano,PI
13234,64804,-6.772814,-43.009938,floriano,PI
13235,64806,-6.777347,-43.016455,floriano,PI
13236,64807,-6.787439,-43.012103,floriano,PI
13237,64808,-6.783286,-43.033709,floriano,PI
13238,64809,-6.77263,-43.04355,floriano,PI
13239,64815,-7.793561,-42.923562,flores do piaui,PI
13240,64820,-7.600757,-43.026271,itaueira,PI
13241,64825,-6.968437,-42.673709,nazare do piaui,PI
13242,64835,-7.775485,-43.137766,rio grande do piaui,PI
13243,64838,-7.965022,-43.225219,pavussu,PI
13244,64840,-6.793044,-43.575818,guadalupe,PI
13245,64845,-7.120923,-43.889738,marcos parente,PI
13246,64850,-7.264,-43.928826,landri sales,PI
13247,64855,-7.220781,-44.194777,antonio almeida,PI
13248,64858,-6.970125,-44.19968,porto alegre do piaui,PI
13249,64860,-7.237626,-44.555251,urucui,PI
13250,64865,-7.560014,-45.243792,ribeiro goncalves,PI
13251,64868,-7.942178,-45.210742,baixa grande do ribeiro,PI
13252,64870,-7.639713,-43.952521,bertolinia,PI
13253,64873,-7.570047,-44.063227,sebastiao leal,PI
13254,64875,-8.008656,-43.87227,manoel emidio,PI
13255,64880,-8.098212,-43.661027,eliseu martins,PI
13256,64885,-8.174883,-43.783101,colonia do gurgueia,PI
13257,64890,-8.110271,-42.947333,canto do buriti,PI
13258,64893,-8.401253,-42.912638,tamboril do piaui,PI
13259,64895,-8.20647,-42.834698,brejo do piaui,PI
13260,64898,-7.856521,-42.822503,pajeu do piaui,PI
13261,64900,-9.078561,-44.368551,bom jesus,PI
13262,64910,-8.952709,-44.129915,santa luz,PI
13263,64915,-9.487007,-44.584755,redencao do gurgueia,PI
13264,64920,-8.816802,-44.220994,cristino castro,PI
13265,64923,-8.452598,-43.941548,alvorada do gurgueia,PI
13266,64925,-8.727069,-44.237256,palmeira do piaui,PI
13267,64930,-9.831771,-45.339148,gilbues,PI
13268,64940,-9.750823,-45.304434,monte alegre do piaui,PI
13269,64945,-9.114482,-45.921443,santa filomena,PI
13270,64960,-10.035231,-44.304836,curimata,PI
13271,64963,-10.327402,-44.236544,julio borges,PI
13272,64965,-10.142378,-43.94874,avelino lopes,PI
13273,64968,-9.722472,-43.899959,morro cabeca no tempo,PI
13274,64970,-10.213687,-44.610386,parnagua,PI
13275,64975,-10.128281,-44.952381,riacho frio,PI
13276,64980,-10.433578,-45.164335,corrente,PI
13277,64990,-9.923612,-45.4763,barreiras do piaui,PI
13278,64993,-10.030007,-45.304354,sao goncalo do gurgueia,PI
13279,64995,-10.667791,-45.176313,cristalandia do piaui,PI
13280,65000,-2.572348,-44.204766,sao luis,MA
13281,65010,-2.536801,-44.290004,sao luis,MA
13282,65015,-2.534643,-44.298668,sao luis,MA
13283,65020,-2.527337,-44.291855,sao luis,MA
13284,65021,-2.530786,-44.291551,sao luis,MA
13285,65025,-2.538363,-44.288994,sao luis,MA
13286,65026,-2.5423,-44.274543,sao luis,MA
13287,65030,-2.544059,-44.280514,sao luis,MA
13288,65031,-2.542308,-44.282543,sao luis,MA
13289,65032,-2.566908,-44.254903,sao luis,MA
13290,65033,-2.540111,-44.225184,sao luis,MA
13291,65035,-2.532679,-44.279168,sao luis,MA
13292,65036,-2.542192,-44.26524,sao luis,MA
13293,65037,-2.540421,-44.267327,sao luis,MA
13294,65040,-2.550546,-44.264479,sao luis,MA
13295,65041,-2.551101,-44.264776,sao luis,MA
13296,65042,-2.558865,-44.261764,sao luis,MA
13297,65043,-2.557557,-44.249897,sao luis,MA
13298,65044,-2.556816,-44.263477,sao luis,MA
13299,65045,-2.548262,-44.251167,sao luis,MA
13300,65046,-2.548789,-44.250435,sao luis,MA
13301,65047,-2.549101,-44.234243,sao luis,MA
13302,65048,-2.554843,-44.244449,sao luis,MA
13303,65049,-2.552688,-44.250825,sao luis,MA
13304,65050,-2.547834,-44.22665,sao luis,MA
13305,65051,-2.537817,-44.216223,sao luis,MA
13306,65052,-2.542485,-44.225556,sao luis,MA
13307,65053,-2.544573,-44.214031,sao luis,MA
13308,65054,-2.544394,-44.211548,sao luis,MA
13309,65055,-2.562734,-44.233871,sao luis,MA
13310,65056,-2.56061,-44.238051,sao luis,MA
13311,65057,-2.56495,-44.230979,sao luis,MA
13312,65058,-2.567402,-44.208478,sao luis,MA
13313,65059,-2.551694,-44.231739,sao luis,MA
13314,65060,-2.54557,-44.236264,sao luis,MA
13315,65061,-2.533905,-44.250927,sao luis,MA
13316,65062,-2.537759,-44.23783,sao luis,MA
13317,65063,-2.529113,-44.236368,sao luis,MA
13318,65064,-2.533079,-44.239413,sao luis,MA
13319,65065,-2.499302,-44.226073,sao luis,MA
13320,65066,-2.515139,-44.22708,sao luis,MA
13321,65067,-2.515173,-44.233776,sao luis,MA
13322,65068,-2.515916,-44.232898,sao luis,MA
13323,65070,-2.523782,-44.259049,sao luis,MA
13324,65071,-2.504509,-44.263501,sao luis,MA
13325,65072,-2.503158,-44.249389,sao luis,MA
13326,65073,-2.51853,-44.241368,sao luis,MA
13327,65074,-2.51684,-44.255972,sao luis,MA
13328,65075,-2.503392,-44.291985,sao luis,MA
13329,65076,-2.515911,-44.298743,sao luis,MA
13330,65077,-2.499937,-44.295904,sao luis,MA
13331,65078,-2.513009,-44.264308,sao luis,MA
13332,65080,-2.55646,-44.3104,sao luis,MA
13333,65081,-2.544814,-44.26151,sao luis,MA
13334,65082,-2.548198,-44.298136,sao luis,MA
13335,65083,-2.551104,-44.215138,sao luis,MA
13336,65085,-2.553849,-44.317372,sao luis,MA
13337,65086,-2.559667,-44.334828,sao luis,MA
13338,65090,-2.560326,-44.250393,sao luis,MA
13339,65091,-2.545956,-44.263892,sao luis,MA
13340,65092,-2.574635,-44.230377,sao luis,MA
13341,65093,-2.563363,-44.246124,sao luis,MA
13342,65094,-2.505691,-44.310279,sao luis,MA
13343,65095,-2.542308,-44.278277,sao luis,MA
13344,65110,-2.550958,-44.139893,sao jose de ribamar,MA
13345,65130,-2.533598,-44.162124,paco do lumiar,MA
13346,65138,-2.444844,-44.121603,raposa,MA
13347,65140,-2.923192,-44.062735,presidente juscelino,MA
13348,65143,-2.957806,-44.326854,bacabeira,MA
13349,65145,-3.135126,-44.321351,santa rita,MA
13350,65148,-2.837482,-44.055458,axixa,MA
13351,65150,-2.939415,-44.249707,rosario,MA
13352,65160,-2.866135,-44.040963,morros,MA
13353,65170,-2.77509,-44.059604,icatu,MA
13354,65180,-2.626226,-43.483556,humberto de campos,MA
13355,65190,-2.512312,-43.440665,primeira cruz,MA
13356,65195,-2.500433,-43.25375,santo amaro,MA
13357,65200,-2.523703,-45.08581,pinheiro,MA
13358,65204,-2.595388,-45.400133,presidente sarney,MA
13359,65206,-2.96813,-45.348512,pedro do rosário,MA
13360,65208,-2.240659,-45.299035,santa helena,MA
13361,65210,-3.321587,-45.01418,cajari,MA
13362,65213,-3.283751,-45.17848,penalva,MA
13363,65215,-3.211773,-45.001674,viana,MA
13364,65218,-3.100658,-45.032358,matinha,MA
13365,65220,-2.896664,-44.883123,sao vicente ferrer,MA
13366,65223,-2.994232,-44.998899,olinda nova do maranhão,MA
13367,65225,-2.962609,-44.806413,sao joao batista,MA
13368,65230,-2.876638,-44.673634,cajapio,MA
13369,65233,-2.707781,-44.740039,bacurituba,MA
13370,65235,-2.700933,-44.833466,sao bento,MA
13371,65238,-2.647578,-44.895621,palmeirandia,MA
13372,65245,-2.577803,-44.857218,peri mirim,MA
13373,65248,-2.450402,-44.787483,bequimao,MA
13374,65250,-2.397104,-44.442683,alcantara,MA
13375,65255,-2.131028,-44.612349,guimaraes,MA
13376,65260,-1.999266,-44.53587,cedral,MA
13377,65263,-1.879812,-44.600006,porto rico do maranhao,MA
13378,65265,-2.067441,-44.784597,mirinzal,MA
13379,65267,-2.194815,-44.827992,central do maranhao,MA
13380,65268,-1.827717,-44.870551,cururupu,MA
13381,65269,-1.85424,-45.113083,serrano do maranhao,MA
13382,65270,-1.72829,-45.13986,bacuri,MA
13383,65272,-2.544588,-45.77552,santa luzia do parua,MA
13384,65274,-2.806733,-45.704105,nova olinda do maranhao,MA
13385,65275,-1.532199,-45.079547,apicum-acu,MA
13386,65276,-2.225804,-45.306781,turilandia,MA
13387,65278,-1.666927,-45.371172,turiacu,MA
13388,65279,-2.379976,-45.82429,presidente medici,MA
13389,65280,-1.50717,-45.73136,candido mendes,MA
13390,65283,-2.244186,-45.858516,maranhaozinho,MA
13391,65284,-2.122907,-45.888681,governador nunes freire,MA
13392,65285,-1.404981,-45.774356,godofredo viana,MA
13393,65288,-2.465982,-45.792935,centro do guilherme,MA
13394,65289,-2.046733,-45.957933,maracacume,MA
13395,65290,-1.329909,-45.899228,luis domingues,MA
13396,65292,-1.795378,-46.299442,boa vista do gurupi,MA
13397,65293,-1.674015,-46.010752,amapa do maranhao,MA
13398,65294,-1.878998,-46.072674,junco do maranhao,MA
13399,65295,-1.20476,-46.021001,carutapera,MA
13400,65299,-2.168483,-46.159909,centro novo do maranhao,MA
13401,65300,-3.662263,-45.380169,santa ines,MA
13402,65301,-3.652816,-45.388038,santa ines,MA
13403,65302,-3.657601,-45.370194,santa ines,MA
13404,65304,-3.665931,-45.368049,santa ines,MA
13405,65306,-3.668723,-45.383936,santa ines,MA
13406,65310,-4.16924,-45.486814,altamira do maranhao,MA
13407,65315,-4.330462,-45.587151,brejo de areia,MA
13408,65320,-4.286473,-45.247384,vitorino freire,MA
13409,65335,-3.745511,-45.261845,bela vista do maranhao,MA
13410,65340,-3.839775,-44.889772,conceicao do lago-acu,MA
13411,65345,-3.633272,-45.172725,igarape do meio,MA
13412,65350,-3.470822,-44.874122,vitoria do mearim,MA
13413,65360,-3.495566,-45.247546,moncao,MA
13414,65363,-3.419791,-45.687005,governador newton bello,MA
13415,65365,-3.275374,-45.655046,ze doca,MA
13416,65368,-2.95051,-45.665426,araguana,MA
13417,65370,-3.619697,-45.349366,pindare mirim,MA
13418,65378,-3.702622,-45.509681,tufilandia,MA
13419,65380,-3.543459,-45.608916,bom jardim,MA
13420,65385,-3.540256,-46.261518,sao joao do caru,MA
13421,65390,-3.975597,-45.665587,santa luzia,MA
13422,65393,-4.316653,-46.458779,buriticupu,MA
13423,65395,-4.488114,-46.854382,bom jesus das selvas,MA
13424,65398,-3.701581,-45.857081,alto alegre do pindare,MA
13425,65400,-4.460263,-43.890563,codo,MA
13426,65413,-4.214135,-44.449513,alto alegre do maranhao,MA
13427,65415,-4.130051,-44.126409,coroata,MA
13428,65418,-4.374288,-44.34112,peritoro,MA
13429,65420,-4.256382,-43.939236,timbiras,MA
13430,65430,-3.54425,-43.918435,vargem grande,MA
13431,65440,-3.331432,-43.527951,sao benedito do rio preto,MA
13432,65450,-3.463431,-43.909154,nina rodrigues,MA
13433,65455,-3.391338,-43.99204,presidente vargas,MA
13434,65460,-3.726843,-44.226958,pirapemas,MA
13435,65465,-3.635002,-44.378195,cantanhede,MA
13436,65468,-3.627285,-44.555883,matoes do norte,MA
13437,65470,-4.031706,-44.465617,sao mateus do maranhao,MA
13438,65480,-3.450862,-44.778603,arari,MA
13439,65485,-3.39142,-44.364101,itapecuru mirim,MA
13440,65490,-3.265755,-44.61598,anajatuba,MA
13441,65495,-3.563371,-44.581695,miranda do norte,MA
13442,65500,-3.74023,-43.359261,chapadinha,MA
13443,65505,-4.131462,-43.323992,afonso cunha,MA
13444,65510,-3.624797,-43.115806,mata roma,MA
13445,65515,-3.944657,-42.91389,buriti,MA
13446,65520,-3.679507,-42.753331,brejo,MA
13447,65525,-3.674675,-43.11021,anapurus,MA
13448,65530,-3.208324,-43.402917,urbano santos,MA
13449,65535,-3.160118,-43.504782,belagua,MA
13450,65540,-3.483579,-42.589402,santa quiteria do maranhao,MA
13451,65545,-3.580944,-42.611866,milagres do maranhao,MA
13452,65550,-3.353469,-42.422181,sao bernardo,MA
13453,65555,-3.116609,-42.414109,santana do maranhao,MA
13454,65560,-3.395317,-42.205158,magalhaes de almeida,MA
13455,65570,-2.885632,-41.904304,araioses,MA
13456,65578,-2.869205,-42.130011,agua doce do maranhao,MA
13457,65580,-2.771538,-42.277368,tutoia,MA
13458,65582,-2.890615,-42.310004,barro duro,MA
13459,65585,-2.746931,-42.547768,paulino neves,MA
13460,65590,-2.757981,-42.832359,barreirinhas,MA
13461,65600,-4.859883,-43.352835,caxias,MA
13462,65602,-4.854239,-43.357625,caxias,MA
13463,65603,-4.838447,-43.353797,caxias,MA
13464,65604,-4.867299,-43.345561,caxias,MA
13465,65605,-4.871453,-43.344533,caxias,MA
13466,65606,-4.881336,-43.353305,caxias,MA
13467,65607,-4.869077,-43.365746,caxias,MA
13468,65608,-4.8598,-43.370323,caxias,MA
13469,65609,-4.872624,-43.352539,caxias,MA
13470,65610,-4.624805,-43.466667,aldeias altas,MA
13471,65615,-5.112263,-43.807688,são joão do soter,MA
13472,65620,-4.254331,-43.014664,coelho neto,MA
13473,65625,-4.153444,-42.946455,duque bacelar,MA
13474,65630,-5.103629,-42.82481,timon,MA
13475,65631,-5.090989,-42.835786,timon,MA
13476,65632,-5.109211,-42.832274,timon,MA
13477,65633,-5.121988,-42.834481,timon,MA
13478,65634,-5.113068,-42.83225,timon,MA
13479,65635,-5.116537,-42.836729,timon,MA
13480,65636,-5.101535,-42.837619,timon,MA
13481,65637,-5.116198,-42.837185,timon,MA
13482,65640,-5.682049,-43.094202,parnarama,MA
13483,65645,-5.520976,-43.203649,matoes,MA
13484,65650,-6.227291,-42.991183,sao francisco do maranhao,MA
13485,65660,-6.750453,-43.04152,barao de grajau,MA
13486,65665,-6.497639,-43.700381,sao joao dos patos,MA
13487,65668,-6.413689,-43.545261,sucupira do riachao,MA
13488,65670,-6.431673,-43.987623,paraibano,MA
13489,65680,-6.180234,-43.779368,passagem franca,MA
13490,65683,-6.049635,-43.527242,lagoa do mato,MA
13491,65685,-5.839525,-43.834226,buriti bravo,MA
13492,65690,-6.030916,-44.247442,colinas,MA
13493,65693,-5.81797,-44.225458,jatoba,MA
13494,65695,-5.732696,-44.15483,fortuna,MA
13495,65700,-4.228326,-44.786242,bacabal,MA
13496,65704,-4.37189,-45.0326,bom lugar,MA
13497,65705,-4.042075,-44.936287,lago verde,MA
13498,65706,-4.141885,-45.11631,olho d'agua das cunhas,MA
13499,65707,-3.889422,-45.170445,pio xii,MA
13500,65708,-4.377545,-44.671924,são luís gonzaga do maranhão,MA
13501,65709,-4.038562,-45.237376,satubinha,MA
13502,65710,-4.605897,-45.051457,lago do junco,MA
13503,65712,-4.612585,-44.979048,lago dos rodrigues,MA
13504,65714,-4.620044,-45.459979,maraja do sena,MA
13505,65715,-4.565113,-45.129455,lago da pedra,MA
13506,65716,-4.447534,-45.239285,paulo ramos,MA
13507,65718,-4.994059,-45.387762,lagoa grande do maranhao,MA
13508,65720,-4.661838,-44.856022,igarape grande,MA
13509,65723,-4.630666,-44.761597,bernardo do mearim,MA
13510,65725,-4.572817,-44.598918,pedreiras,MA
13511,65727,-4.566167,-44.618495,trizidela do vale,MA
13512,65728,-4.523867,-44.463641,lima campos,MA
13513,65730,-4.86105,-44.373809,santo antonio dos lopes,MA
13514,65735,-4.711055,-44.327362,capinzal do norte,MA
13515,65740,-4.753934,-44.942244,pocao de pedras,MA
13516,65750,-4.879378,-44.885024,esperantinopolis,MA
13517,65753,-5.10497,-45.080076,sao raimundo do doca bezerra,MA
13518,65755,-4.981966,-44.699517,joselandia,MA
13519,65758,-5.021523,-44.994967,sao roberto,MA
13520,65760,-5.291667,-44.491799,presidente dutra,MA
13521,65762,-5.043546,-44.572616,sao jose dos basilios,MA
13522,65763,-5.261354,-44.64391,tuntum,MA
13523,65765,-5.036806,-44.437932,dom pedro,MA
13524,65768,-5.499676,-44.560971,santa filomena do maranhao,MA
13525,65770,-5.025055,-44.270547,governador archer,MA
13526,65775,-5.155139,-44.299499,goncalves dias,MA
13527,65780,-5.327857,-44.228096,governador eugenio barros,MA
13528,65783,-5.258379,-44.055997,senador alexandre costa,MA
13529,65785,-5.40871,-44.332202,graca aranha,MA
13530,65790,-5.58358,-44.380129,sao domingos do maranhao,MA
13531,65795,-5.480452,-44.080407,governador luiz rocha,MA
13532,65800,-7.528343,-46.042247,balsas,MA
13533,65805,-6.963868,-46.177654,fortaleza dos nogueiras,MA
13534,65808,-7.119228,-46.260122,nova colinas,MA
13535,65810,-9.13678,-45.955527,alto parnaiba,MA
13536,65820,-8.476154,-45.746924,tasso fragoso,MA
13537,65840,-7.021924,-45.488913,sao raimundo das mangabeiras,MA
13538,65850,-6.35284,-44.407062,mirador,MA
13539,65860,-6.477427,-44.191226,sucupira do norte,MA
13540,65870,-6.600838,-44.084474,pastos bons,MA
13541,65880,-6.738953,-44.043986,nova iorque,MA
13542,65885,-7.218532,-44.555072,benedito leite,MA
13543,65888,-6.814032,-44.63132,sao domingos do azeitao,MA
13544,65890,-7.083945,-44.81308,sao felix de balsas,MA
13545,65895,-7.086018,-45.137433,loreto,MA
13546,65900,-5.520858,-47.482875,imperatriz,MA
13547,65901,-5.526133,-47.483034,imperatriz,MA
13548,65903,-5.520642,-47.475232,imperatriz,MA
13549,65904,-5.483315,-47.492281,imperatriz,MA
13550,65905,-5.494899,-47.487668,imperatriz,MA
13551,65906,-5.484749,-47.488239,imperatriz,MA
13552,65907,-5.516651,-47.481553,imperatriz,MA
13553,65908,-5.489582,-47.470381,imperatriz,MA
13554,65910,-5.516827,-47.476651,imperatriz,MA
13555,65911,-5.506636,-47.476667,imperatriz,MA
13556,65912,-5.518612,-47.46163,imperatriz,MA
13557,65913,-5.524436,-47.469296,imperatriz,MA
13558,65914,-5.510018,-47.456999,imperatriz,MA
13559,65915,-5.530296,-47.455938,imperatriz,MA
13560,65916,-5.532012,-47.476285,imperatriz,MA
13561,65917,-5.495391,-47.482681,imperatriz,MA
13562,65918,-5.539362,-47.45481,imperatriz,MA
13563,65919,-5.511885,-47.477662,imperatriz,MA
13564,65920,-5.078743,-48.422855,sao pedro da agua branca,MA
13565,65921,-5.173429,-47.78619,cidelandia,MA
13566,65922,-5.44701,-47.404762,joao lisboa,MA
13567,65923,-5.557053,-46.729763,amarante do maranhao,MA
13568,65924,-5.165139,-48.127159,vila nova dos martirios,MA
13569,65925,-5.87885,-46.703224,sitio novo,MA
13570,65927,-5.527045,-47.394562,davinopolis,MA
13571,65928,-5.750425,-47.361496,governador edison lobao,MA
13572,65929,-5.125625,-47.385513,sao francisco do brejao,MA
13573,65930,-4.947461,-47.487842,acailandia,MA
13574,65935,-5.491117,-47.205963,senador la rocque,MA
13575,65936,-5.832444,-47.066722,montes altos,MA
13576,65937,-6.190852,-47.036828,lajeado novo,MA
13577,65938,-5.928939,-47.384075,ribamar fiquene,MA
13578,65939,-4.451537,-47.522498,itinga do maranhao,MA
13579,65940,-5.817432,-46.146112,grajau,MA
13580,65943,-6.440578,-46.188307,formosa da serra negra,MA
13581,65945,-4.890058,-46.006847,arame,MA
13582,65948,-5.308778,-45.871661,itaipava do grajau,MA
13583,65950,-5.50445,-45.246975,barra do corda,MA
13584,65962,-5.367408,-45.622858,jenipapo dos vieiras,MA
13585,65968,-6.180537,-47.350663,campestre do maranhao,MA
13586,65970,-6.345136,-47.39325,porto franco,MA
13587,65973,-6.465131,-47.054335,sao joao do paraiso,MA
13588,65975,-6.559656,-47.443719,estreito,MA
13589,65978,-6.820902,-46.535056,sao pedro dos crentes,MA
13590,65980,-7.330871,-47.468394,carolina,MA
13591,65990,-7.365428,-46.627814,riachao,MA
13592,65995,-6.962258,-46.684687,feira nova do maranhao,MA
13593,66010,-1.450655,-48.49759,belem,PA
13594,66013,-1.337293,-48.482424,belem,PA
13595,66015,-1.443158,-48.496308,belem,PA
13596,66017,-1.448664,-48.484511,belem,PA
13597,66019,-1.45189,-48.499248,belem,PA
13598,66020,-1.460575,-48.500799,belem,PA
13599,66023,-1.461135,-48.497446,belem,PA
13600,66025,-1.464539,-48.493287,belem,PA
13601,66030,-1.469429,-48.488937,belem,PA
13602,66033,-1.46054,-48.483061,belem,PA
13603,66035,-1.454638,-48.487598,belem,PA
13604,66040,-1.455335,-48.479452,belem,PA
13605,66045,-1.461732,-48.479203,belem,PA
13606,66050,-1.436899,-48.486804,belem,PA
13607,66053,-1.448208,-48.490439,belem,PA
13608,66055,-1.444214,-48.484442,belem,PA
13609,66060,-1.44832,-48.475279,belem,PA
13610,66063,-1.456171,-48.472308,belem,PA
13611,66065,-1.464353,-48.474249,belem,PA
13612,66070,-1.450045,-48.459351,belem,PA
13613,66073,-1.457437,-48.463632,belem,PA
13614,66075,-1.458671,-48.463446,belem,PA
13615,66077,-1.408962,-48.453407,belem,PA
13616,66079,-1.464197,-48.452038,belem,PA
13617,66080,-1.425136,-48.465948,belem,PA
13618,66083,-1.426452,-48.472726,belem,PA
13619,66085,-1.432272,-48.469873,belem,PA
13620,66087,-1.427676,-48.463875,belem,PA
13621,66090,-1.43733,-48.466485,belem,PA
13622,66093,-1.438547,-48.462863,belem,PA
13623,66095,-1.437261,-48.455519,belem,PA
13624,66110,-1.396744,-48.476334,belem,PA
13625,66113,-1.431092,-48.483966,belem,PA
13626,66115,-1.403547,-48.485527,belem,PA
13627,66117,-1.418131,-48.482923,belem,PA
13628,66120,-1.415869,-48.475052,belem,PA
13629,66123,-1.413052,-48.470634,belem,PA
13630,66610,-1.428376,-48.449353,belem,PA
13631,66613,-1.415812,-48.448754,belem,PA
13632,66615,-1.398357,-48.451706,belem,PA
13633,66617,-1.393287,-48.467545,belem,PA
13634,66620,-1.401611,-48.456135,belem,PA
13635,66623,-1.40082,-48.44343,belem,PA
13636,66625,-1.364952,-48.440216,belem,PA
13637,66630,-1.366351,-48.461199,belem,PA
13638,66633,-1.394564,-48.454578,belem,PA
13639,66635,-1.34192,-48.45364,belem,PA
13640,66640,-1.36716,-48.448649,belem,PA
13641,66645,-1.382101,-48.431657,belem,PA
13642,66650,-1.358249,-48.43938,belem,PA
13643,66652,-1.369855,-48.423855,belem,PA
13644,66670,-1.326725,-48.443709,belem,PA
13645,66690,-1.400586,-48.401753,belem,PA
13646,66695,-1.390904,-48.473219,belem,PA
13647,66810,-1.287446,-48.475279,belem,PA
13648,66811,-1.300793,-48.470333,belem,PA
13649,66812,-1.312726,-48.482748,belem,PA
13650,66813,-1.312191,-48.470392,belem,PA
13651,66814,-1.317817,-48.471146,belem,PA
13652,66815,-1.334433,-48.458525,belem,PA
13653,66816,-1.371534,-48.473196,belem,PA
13654,66820,-1.354051,-48.443701,belem,PA
13655,66821,-1.344519,-48.461549,belem,PA
13656,66822,-1.339182,-48.459792,belem,PA
13657,66823,-1.32057,-48.435732,belem,PA
13658,66825,-1.341876,-48.475939,belem,PA
13659,66830,-1.354257,-48.458226,belem,PA
13660,66831,-1.355807,-48.466028,belem,PA
13661,66833,-1.328884,-48.452726,belem,PA
13662,66840,-1.293032,-48.45859,belem,PA
13663,66843,-1.24975,-48.456199,belem,PA
13664,66845,-1.278199,-48.474808,belem,PA
13665,66910,-1.162992,-48.470784,belem,PA
13666,66911,-1.167731,-48.45984,belem,PA
13667,66912,-1.147701,-48.462499,belem,PA
13668,66913,-1.268773,-48.472436,belem,PA
13669,66914,-1.252091,-48.447543,belem,PA
13670,66916,-1.457859,-48.49193,belém,PA
13671,66918,-1.123039,-48.437795,belem,PA
13672,66920,-1.263225,-48.47028,belém,PA
13673,66923,-1.097028,-48.410072,belem,PA
13674,67010,-1.389694,-48.411039,ananindeua,PA
13675,67013,-1.379491,-48.416346,ananindeua,PA
13676,67015,-1.364774,-48.395226,ananindeua,PA
13677,67020,-1.380396,-48.386886,ananindeua,PA
13678,67030,-1.361096,-48.379913,ananindeua,PA
13679,67033,-1.372637,-48.373505,ananindeua,PA
13680,67035,-1.340881,-48.374484,ananindeua,PA
13681,67040,-1.359758,-48.384654,ananindeua,PA
13682,67100,-1.381548,-48.424301,ananindeua,PA
13683,67103,-1.350902,-48.392734,ananindeua,PA
13684,67110,-1.389892,-48.411362,ananindeua,PA
13685,67113,-1.374106,-48.417759,ananindeua,PA
13686,67115,-1.365155,-48.406498,ananindeua,PA
13687,67118,-1.384018,-48.40131,ananindeua,PA
13688,67120,-1.35233,-48.41805,ananindeua,PA
13689,67125,-1.337904,-48.405805,ananindeua,PA
13690,67130,-1.36542,-48.404022,ananindeua,PA
13691,67133,-1.359128,-48.402038,ananindeua,PA
13692,67140,-1.348774,-48.403257,ananindeua,PA
13693,67143,-1.353799,-48.392451,ananindeua,PA
13694,67145,-1.351062,-48.384592,ananindeua,PA
13695,67146,-1.360727,-48.390929,ananindeua,PA
13696,67200,-1.367009,-48.337795,marituba,PA
13697,68005,-2.424851,-54.712278,santarem,PA
13698,68010,-2.434022,-54.704295,santarem,PA
13699,68015,-2.442089,-54.698462,santarem,PA
13700,68020,-2.446883,-54.707806,santarem,PA
13701,68022,-2.465583,-54.710657,santarem,PA
13702,68025,-2.464317,-54.714369,santarem,PA
13703,68030,-2.442334,-54.723286,santarem,PA
13704,68035,-2.447414,-54.738535,santarem,PA
13705,68038,-2.443886,-54.745998,santarem,PA
13706,68040,-2.42801,-54.730431,santarem,PA
13707,68041,-2.423954,-54.732853,santarem,PA
13708,68045,-2.45424,-54.700608,santarem,PA
13709,68047,-2.457484,-54.748582,santarem,PA
13710,68050,-2.465656,-54.71721,santarem,PA
13711,68129,-2.68341,-54.639151,mojui dos campos,PA
13712,68130,-1.966915,-53.633706,prainha,PA
13713,68138,-3.866781,-54.217391,placas,PA
13714,68140,-3.719249,-53.73937,uruara,PA
13715,68143,-2.703913,-54.924816,belterra,PA
13716,68145,-3.450959,-52.89059,medicilandia,PA
13717,68148,-3.3036,-52.53894,brasil novo,PA
13718,68165,-4.104855,-54.927038,ruropolis,PA
13719,68170,-2.160347,-56.084206,juruti,PA
13720,68180,-4.264817,-55.986439,itaituba,PA
13721,68181,-4.269221,-55.989737,itaituba,PA
13722,68182,-4.261503,-55.994238,itaituba,PA
13723,68184,-4.269944,-55.983302,itaituba,PA
13724,68193,-7.054993,-55.412983,novo progresso,PA
13725,68195,-6.221586,-57.759891,jacareacanga,PA
13726,68198,-4.723613,-56.006649,trairao,PA
13727,68200,-1.947545,-54.738588,alenquer,PA
13728,68210,-1.890064,-55.117006,curua,PA
13729,68220,-1.996703,-54.070752,monte alegre,PA
13730,68230,-1.527202,-52.57696,almeirim,PA
13731,68250,-1.904441,-55.514964,obidos,PA
13732,68270,-1.764335,-55.863402,oriximina,PA
13733,68275,-1.653246,-53.62215,porto trombetas,PA
13734,68280,-2.173455,-56.744427,faro,PA
13735,68285,-2.104774,-56.490398,terra santa,PA
13736,68300,-1.408107,-51.646188,gurupa,PA
13737,68330,-1.753105,-52.236773,porto de moz,PA
13738,68360,-2.618923,-51.933779,senador jose porfirio,PA
13739,68365,-3.46131,-51.209533,anapu,PA
13740,68371,-3.209177,-52.214995,altamira,PA
13741,68372,-3.217708,-52.222498,altamira,PA
13742,68373,-3.214377,-52.227884,altamira,PA
13743,68374,-3.205333,-52.224332,altamira,PA
13744,68375,-3.195678,-52.217306,altamira,PA
13745,68376,-3.203896,-52.197703,altamira,PA
13746,68377,-3.193584,-52.207641,altamira,PA
13747,68379,-20.615002,-41.206066,castelo dos sonhos,PA
13748,68380,-6.6551,-51.979946,sao felix do xingu,PA
13749,68383,-2.941669,-52.013696,vitória do xingu,PA
13750,68385,-6.754332,-51.158125,tucuma,PA
13751,68388,-7.644858,-50.357473,bannach,PA
13752,68390,-6.757427,-51.074825,ourilandia do norte,PA
13753,68398,-7.811284,-50.769206,cumaru do norte,PA
13754,68400,-2.250128,-49.497233,cameta,PA
13755,68415,-1.89634,-49.382435,limoeiro do ajuru,PA
13756,68420,-2.582127,-49.506509,mocajuba,PA
13757,68430,-1.979581,-48.959329,igarape-miri,PA
13758,68435,-1.967669,-48.954403,maiauata,PA
13759,68440,-1.723644,-48.881349,abaetetuba,PA
13760,68445,-1.510434,-48.627579,barcarena,PA
13761,68447,-1.517659,-48.676519,barcarena,PA
13762,68448,-1.565278,-48.761535,murucupi,PA
13763,68450,-1.890099,-48.767006,moju,PA
13764,68455,-3.815264,-49.677778,tucurui,PA
13765,68456,-3.765963,-49.674684,tucurui,PA
13766,68457,-3.758794,-49.674553,tucurui,PA
13767,68458,-3.764107,-49.668395,tucurui,PA
13768,68459,-3.779547,-49.672643,tucurui,PA
13769,68460,-3.756015,-49.667358,tucurui,PA
13770,68464,-3.767404,-49.676135,hidreletrica tucurui,PA
13771,68465,-2.792888,-49.669558,baiao,PA
13772,68470,-2.004612,-49.858764,oeiras do para,PA
13773,68473,-4.257132,-49.964073,novo repartimento,PA
13774,68475,-1.900003,-50.209688,bagre,PA
13775,68480,-1.936483,-50.818803,portel,PA
13776,68485,-3.830757,-50.632093,pacaja,PA
13777,68488,-3.775287,-49.564049,breu branco,PA
13778,68490,-1.805807,-50.715175,melgaco,PA
13779,68500,-5.349286,-49.1342,maraba,PA
13780,68501,-5.380647,-49.131238,maraba,PA
13781,68502,-5.368965,-49.128862,maraba,PA
13782,68503,-5.36984,-49.117545,maraba,PA
13783,68504,-5.345907,-49.080633,maraba,PA
13784,68505,-5.343238,-49.098827,maraba,PA
13785,68506,-5.345963,-49.073043,maraba,PA
13786,68507,-5.356322,-49.091093,maraba,PA
13787,68508,-5.34514,-49.115203,maraba,PA
13788,68509,-5.355627,-49.104503,maraba,PA
13789,68510,-5.363902,-49.101784,maraba,PA
13790,68512,-5.348395,-49.099423,maraba,PA
13791,68513,-5.312033,-49.074195,maraba,PA
13792,68514,-5.367055,-49.124991,maraba,PA
13793,68515,-6.073047,-49.895831,parauapebas,PA
13794,68516,-12.521264,-48.403494,carajas,PA
13795,68520,-5.546651,-48.723537,sao domingos do araguaia,PA
13796,68521,-5.717254,-48.415422,brejo grande do araguaia,PA
13797,68523,-6.105177,-49.605082,curionopolis,PA
13798,68524,-6.107584,-49.361113,eldorado dos carajas,PA
13799,68525,-5.04669,-48.599912,bom jesus do tocantins,PA
13800,68527,-4.954143,-48.398236,abel figueiredo,PA
13801,68530,-7.312984,-50.047196,rio maria,PA
13802,68533,-6.804817,-50.484276,agua azul do norte,PA
13803,68535,-5.796205,-48.327941,palestina do para,PA
13804,68537,-6.529616,-49.857432,canaa dos carajas,PA
13805,68540,-8.263632,-49.272879,conceicao do araguaia,PA
13806,68543,-7.559409,-49.697149,floresta do araguaia,PA
13807,68545,-7.833845,-50.041476,pau d'arco,PA
13808,68548,-6.943557,-49.699441,sapucaia,PA
13809,68550,-8.040685,-50.026371,redencao,PA
13810,68551,-8.041399,-50.033141,redencao,PA
13811,68552,-8.034994,-50.040127,redencao,PA
13812,68553,-8.027355,-50.027078,redencao,PA
13813,68554,-8.041116,-50.040967,redencao,PA
13814,68555,-7.090627,-49.92641,xinguara,PA
13815,68556,-7.094312,-49.942886,xinguara,PA
13816,68557,-7.099322,-49.939096,xinguara,PA
13817,68560,-9.335409,-50.345622,santana do araguaia,PA
13818,68565,-8.868053,-49.716316,santa maria das barreiras,PA
13819,68570,-6.388347,-48.584009,sao geraldo do araguaia,PA
13820,68575,-6.448921,-48.867982,picarra,PA
13821,68580,-5.135029,-49.358397,itupiranga,PA
13822,68585,-4.9213,-49.078771,nova ipixuna,PA
13823,68590,-4.450626,-49.115538,jacunda,PA
13824,68600,-1.059324,-46.768594,braganca,PA
13825,68610,-1.029521,-46.631336,augusto correa,PA
13826,68617,-1.800456,-46.519759,cachoeira do piria,PA
13827,68618,-2.262319,-46.963204,nova esperanca do piria,PA
13828,68620,-1.202184,-46.139222,viseu,PA
13829,68625,-2.997108,-47.357178,paragominas,PA
13830,68626,-2.998041,-47.357598,paragominas,PA
13831,68627,-3.00729,-47.361385,paragominas,PA
13832,68628,-2.983513,-47.34982,paragominas,PA
13833,68630,-2.997957,-47.344094,paragominas,PA
13834,68632,-3.750598,-47.500463,ulianopolis,PA
13835,68633,-4.288843,-47.562627,dom eliseu,PA
13836,68635,-1.691547,-47.760761,sao domingos do capim,PA
13837,68637,-2.683431,-47.602815,ipixuna do para,PA
13838,68638,-4.772402,-48.074872,rondon do para,PA
13839,68639,-3.850842,-49.08919,goianesia do para,PA
13840,68640,-1.548476,-47.114415,ourem,PA
13841,68644,-1.558184,-46.910466,santa luzia do para,PA
13842,68645,-1.364087,-47.308418,bonito,PA
13843,68647,-1.07778,-46.903005,tracuateua,PA
13844,68650,-1.755273,-47.067255,capitao poco,PA
13845,68655,-1.773876,-47.442142,irituia,PA
13846,68658,-2.134578,-47.558046,aurora do para,PA
13847,68660,-1.612321,-47.484984,sao miguel do guama,PA
13848,68665,-1.934553,-47.050165,garrafao do norte,PA
13849,68670,-1.51566,-48.041425,bujaru,PA
13850,68675,-2.045868,-47.556573,mae do rio,PA
13851,68680,-2.400639,-48.144734,tome-acu,PA
13852,68682,-2.584963,-49.125185,quatro bocas,PA
13853,68685,-1.996126,-47.9455,concordia do para,PA
13854,68690,-1.959971,-48.197917,acará,PA
13855,68695,-2.940913,-48.948021,tailandia,PA
13856,68700,-1.192085,-47.178178,capanema,PA
13857,68701,-1.200933,-47.174799,capanema,PA
13858,68702,-1.197728,-47.185512,capanema,PA
13859,68703,-1.188107,-47.185779,capanema,PA
13860,68707,-0.940192,-47.118043,primavera,PA
13861,68709,-0.878586,-47.019024,quatipuru,PA
13862,68710,-0.771956,-47.451452,maracana,PA
13863,68719,-0.78059,-47.185486,sao joao de pirabas,PA
13864,68720,-0.930662,-47.392803,santarem novo,PA
13865,68721,-0.626286,-47.347738,salinopolis,PA
13866,68722,-0.800464,-47.600937,magalhaes barata,PA
13867,68725,-1.128225,-47.620975,igarape-acu,PA
13868,68730,-1.178069,-47.388712,nova timboteua,PA
13869,68734,-1.153121,-47.303224,peixe-boi,PA
13870,68738,-1.348312,-47.572384,santa maria do para,PA
13871,68740,-1.298671,-47.934387,castanhal,PA
13872,68741,-1.302561,-47.939166,castanhal,PA
13873,68742,-1.289163,-47.938224,castanhal,PA
13874,68743,-1.284963,-47.927433,castanhal,PA
13875,68744,-1.280345,-47.915232,castanhal,PA
13876,68745,-1.296465,-47.91615,castanhal,PA
13877,68746,-1.298717,-47.89774,castanhal,PA
13878,68747,-1.295253,-47.978118,apeu,PA
13879,68748,-1.168411,-47.794568,sao francisco do para,PA
13880,68750,-0.73359,-47.853472,curuca,PA
13881,68760,-0.755704,-47.687841,marapanim,PA
13882,68773,-1.038966,-47.910633,terra alta,PA
13883,68780,-0.860775,-48.136956,vigia,PA
13884,68785,-0.930104,-48.277925,colares,PA
13885,68786,-1.148493,-48.129374,santo antonio do taua,PA
13886,68790,-1.300807,-48.155933,santa isabel do para,PA
13887,68792,-1.305296,-48.046983,americano,PA
13888,68795,-1.349657,-48.256466,benevides,PA
13889,68797,-20.905149,-51.369696,benfica,PA
13890,68798,-1.231836,-48.289346,santa barbara do para,PA
13891,68800,-1.683776,-50.479048,breves,PA
13892,68810,-0.999352,-49.92611,anajas,PA
13893,68815,-1.813876,-49.797115,curralinho,PA
13894,68820,-1.681315,-49.550469,sao sebastiao da boa vista,PA
13895,68825,-1.534285,-49.227174,muana,PA
13896,68830,-1.394864,-48.868219,ponta de pedras,PA
13897,68840,-1.013228,-48.961975,cachoeira do arari,PA
13898,68850,-0.664648,-49.173722,santa cruz do arari,PA
13899,68860,-0.791355,-48.542672,salvaterra,PA
13900,68870,-0.728123,-48.514957,soure,PA
13901,68890,-0.158054,-50.390683,afuá,PA
13902,68900,0.035808,-51.06329,macapa,AP
13903,68901,0.033122,-51.067008,macapa,AP
13904,68902,0.018115,-51.069996,macapa,AP
13905,68903,0.000546,-51.084247,macapa,AP
13906,68904,0.016519,-51.082668,macapa,AP
13907,68905,0.048417,-51.052972,macapa,AP
13908,68906,0.036348,-51.096746,macapa,AP
13909,68907,0.075105,-51.047601,macapa,AP
13910,68908,0.055882,-51.061693,macapa,AP
13911,68909,0.084876,-51.059285,macapa,AP
13912,68911,-0.034001,-51.105343,macapa,AP
13913,68915,0.857034,-51.178997,ferreira gomes,AP
13914,68920,-0.780546,-52.535366,laranjal do jari,AP
13915,68924,-0.91009,-52.421071,vitoria do jari,AP
13916,68925,-0.04436,-51.17285,santana,AP
13917,68926,-0.055137,-51.159109,santana,AP
13918,68927,-0.044602,-51.163774,santana,AP
13919,68928,-0.026036,-51.174202,santana,AP
13920,68940,-0.106959,-51.286353,mazagao,AP
13921,68945,0.777539,-51.953204,pedra branca do amapari,AP
13922,68948,0.898547,-52.00156,serra do navio,AP
13923,68950,2.05379,-50.792152,amapa,AP
13924,68960,2.496282,-50.952124,calcoene,AP
13925,68980,3.843299,-51.833257,oiapoque,AP
13926,68985,-16.331144,-52.189767,clevelandia do norte,AP
13927,68997,0.707681,-51.409521,porto grande,AP
13928,69005,-3.128828,-60.017317,manaus,AM
13929,69006,-3.053082,-59.932145,manaus,AM
13930,69007,-3.092036,-59.921575,manaus,AM
13931,69008,-3.090604,-59.894009,manaus,AM
13932,69009,-3.060451,-59.845674,manaus,AM
13933,69010,-3.128805,-60.024524,manaus,AM
13934,69015,-3.03752,-59.999309,manaus,AM
13935,69017,-2.994293,-59.990852,manaus,AM
13936,69018,-2.9713,-59.998124,manaus,AM
13937,69020,-3.125524,-60.016623,manaus,AM
13938,69021,-3.00393,-60.035924,manaus,AM
13939,69022,-2.990445,-60.086344,manaus,AM
13940,69023,-2.976751,-60.027638,manaus,AM
13941,69025,-3.120036,-60.025,manaus,AM
13942,69027,-3.118549,-60.032889,manaus,AM
13943,69028,-3.050123,-60.005554,manaus,AM
13944,69029,-3.111769,-60.038889,manaus,AM
13945,69030,-3.099482,-60.033509,manaus,AM
13946,69033,-3.106739,-60.033636,manaus,AM
13947,69035,-3.105644,-60.061467,manaus,AM
13948,69036,-3.095189,-60.055533,manaus,AM
13949,69037,-3.074651,-60.078866,manaus,AM
13950,69038,-3.077463,-60.056903,manaus,AM
13951,69039,-3.02755,-60.011837,manaus,AM
13952,69040,-3.088799,-60.03781,manaus,AM
13953,69041,-3.014662,-60.042869,manaus,AM
13954,69042,-3.0784,-60.050782,manaus,AM
13955,69043,-3.074932,-60.0324,manaus,AM
13956,69044,-3.064838,-60.059259,manaus,AM
13957,69045,-3.065355,-60.051595,manaus,AM
13958,69046,-3.062959,-60.044563,manaus,AM
13959,69047,-3.060256,-60.041989,manaus,AM
13960,69048,-3.063766,-60.025179,manaus,AM
13961,69049,-3.053103,-60.031249,manaus,AM
13962,69050,-3.095388,-60.020621,manaus,AM
13963,69053,-3.107495,-60.023712,manaus,AM
13964,69054,-3.07288,-60.001489,manaus,AM
13965,69055,-3.082698,-60.011495,manaus,AM
13966,69057,-3.100298,-60.009178,manaus,AM
13967,69058,-3.059324,-60.00423,manaus,AM
13968,69059,-2.985309,-60.011415,manaus,AM
13969,69060,-3.095547,-59.999643,manaus,AM
13970,69063,-3.115585,-59.996841,manaus,AM
13971,69065,-3.125872,-60.005329,manaus,AM
13972,69067,-3.103533,-59.988796,manaus,AM
13973,69068,-3.125356,-59.99664,manaus,AM
13974,69070,-3.143983,-60.008048,manaus,AM
13975,69072,-3.154617,-59.982887,manaus,AM
13976,69073,-3.124586,-59.98962,manaus,AM
13977,69074,-3.135251,-60.005461,manaus,AM
13978,69075,-3.11432,-59.966498,manaus,AM
13979,69076,-3.115055,-59.978296,manaus,AM
13980,69077,-3.109496,-59.97241,manaus,AM
13981,69078,-3.111526,-59.987179,manaus,AM
13982,69079,-3.107645,-60.004104,manaus,AM
13983,69080,-3.096562,-59.985744,manaus,AM
13984,69082,-3.086699,-59.971237,manaus,AM
13985,69083,-3.078012,-59.979718,manaus,AM
13986,69084,-3.076217,-59.945993,manaus,AM
13987,69085,-3.069687,-59.955667,manaus,AM
13988,69086,-3.068283,-59.94598,manaus,AM
13989,69087,-3.059526,-59.949452,manaus,AM
13990,69088,-3.038807,-59.933982,manaus,AM
13991,69089,-3.091239,-59.956446,manaus,AM
13992,69090,-3.031046,-59.991504,manaus,AM
13993,69092,-3.002191,-59.988712,manaus,AM
13994,69093,-3.018743,-60.004994,manaus,AM
13995,69094,-3.041051,-59.97702,manaus,AM
13996,69095,-3.027532,-59.976136,manaus,AM
13997,69096,-3.037518,-59.968363,manaus,AM
13998,69097,-3.017802,-59.968429,manaus,AM
13999,69098,-3.053007,-59.966435,manaus,AM
14000,69099,-3.028991,-59.950294,manaus,AM
14001,69100,-3.142479,-58.444142,itacoatiara,AM
14002,69101,-3.131583,-58.438196,itacoatiara,AM
14003,69103,-3.131789,-58.431687,itacoatiara,AM
14004,69104,-3.138847,-58.436718,itacoatiara,AM
14005,69114,-2.836873,-58.212906,silves,AM
14006,69117,-2.696622,-59.70047,rio preto da eva,AM
14007,69120,-2.745442,-58.030895,itapiranga,AM
14008,69130,-2.53266,-57.757485,urucará,AM
14009,69135,-2.567293,-57.873615,sao sebastiao do uatuma,AM
14010,69140,-2.192188,-56.714206,nhamunda,AM
14011,69151,-2.629075,-56.738373,parintins,AM
14012,69152,-2.640277,-56.748212,parintins,AM
14013,69153,-2.633194,-56.73098,parintins,AM
14014,69170,-2.864207,-56.998028,freguesia do andira,AM
14015,69180,-3.055412,-58.076888,urucurituba,AM
14016,69190,-3.393259,-57.714372,maues,AM
14017,69195,-2.968904,-57.585344,boa vista do ramos,AM
14018,69200,-4.39127,-59.593648,borba,AM
14019,69230,-3.891118,-59.093211,nova olinda do norte,AM
14020,69240,-3.581536,-59.12927,autazes,AM
14021,69250,-3.81921,-60.361053,careiro,AM
14022,69255,-3.195967,-59.828353,careiro da varzea,AM
14023,69260,-5.123737,-60.372974,novo aripuanã,AM
14024,69265,-7.196759,-59.889503,apui,AM
14025,69280,-5.809237,-61.295776,manicore,AM
14026,69301,2.822518,-60.670809,boa vista,RR
14027,69303,2.811418,-60.677754,boa vista,RR
14028,69304,2.824278,-60.688846,boa vista,RR
14029,69305,2.835292,-60.673675,boa vista,RR
14030,69306,2.832792,-60.665911,boa vista,RR
14031,69307,2.8553,-60.660641,boa vista,RR
14032,69308,2.796401,-60.685355,boa vista,RR
14033,69309,2.813808,-60.701637,boa vista,RR
14034,69310,2.838869,-60.705774,boa vista,RR
14035,69311,2.846929,-60.712952,boa vista,RR
14036,69312,2.81404,-60.713812,boa vista,RR
14037,69313,2.830248,-60.722978,boa vista,RR
14038,69314,2.822236,-60.735918,boa vista,RR
14039,69315,2.823856,-60.678432,boa vista,RR
14040,69316,2.779962,-60.7347,boa vista,RR
14041,69317,2.823033,-60.753314,boa vista,RR
14042,69318,2.760685,-60.740591,boa vista,RR
14043,69340,2.443151,-60.939683,mucajai,RR
14044,69345,4.478955,-61.145968,pacaraima,RR
14045,69348,2.168834,-61.052855,iracema,RR
14046,69350,2.993353,-61.355012,alto alegre,RR
14047,69355,3.882838,-59.625763,normandia,RR
14048,69360,1.810341,-61.133659,caracarai,RR
14049,69370,1.014804,-60.038896,sao luiz,RR
14050,69373,0.938072,-60.430469,rorainopolis,RR
14051,69375,0.950432,-59.912772,sao joao da baliza,RR
14052,69378,0.867624,-59.656582,caroebe,RR
14053,69380,3.362115,-59.833222,bonfim,RR
14054,69400,-3.292752,-60.622388,manacapuru,AM
14055,69401,-3.282945,-60.639551,manacapuru,AM
14056,69405,-3.272974,-60.196802,iranduba,AM
14057,69410,-3.328865,-61.210016,caapiranga,AM
14058,69415,-3.274628,-60.187226,iranduba,AM
14059,69425,-3.328865,-61.210016,caapiranga,AM
14060,69435,-3.427935,-60.458954,manaquiri,AM
14061,69440,-3.745415,-61.658786,anori,AM
14062,69445,-3.579163,-61.404779,anama,AM
14063,69450,-3.839174,-62.067314,codajas,AM
14064,69460,-4.092132,-63.141466,coari,AM
14065,69470,-3.350851,-64.714537,tefe,AM
14066,69480,-5.625403,-63.187047,tapauá,AM
14067,69490,-1.8582,-65.591059,maraa,AM
14068,69495,-1.880549,-66.998967,japura,AM
14069,69500,-4.873367,-66.894975,carauari,AM
14070,69510,-6.438327,-68.245503,itamarati,AM
14071,69520,-3.471951,-66.059407,jurua,AM
14072,69540,-3.211019,-64.80427,alvaraes,AM
14073,69550,-3.347631,-64.703696,tefe,AM
14074,69552,-3.350394,-64.717271,tefe,AM
14075,69553,-3.355024,-64.725649,tefe,AM
14076,69555,-3.374207,-64.711848,carauari,AM
14077,69557,-3.35061,-64.711072,tefe,AM
14078,69600,-3.466222,-68.952924,sao paulo de olivenca,AM
14079,69620,-3.364425,-68.197835,amatura,AM
14080,69630,-4.405267,-70.029393,benjamin constant,AM
14081,69640,-4.235409,-69.935734,tabatinga,AM
14082,69650,-4.365365,-70.192567,atalaia do norte,AM
14083,69660,-2.749441,-66.770565,jutai,AM
14084,69670,-2.520154,-66.091852,fonte boa,AM
14085,69685,-2.858382,-67.772721,tonantins,AM
14086,69700,-0.971777,-62.927233,barcelos,AM
14087,69730,-2.627642,-60.947793,novo airao,AM
14088,69735,-2.027317,-60.019996,presidente figueiredo,AM
14089,69750,0.019652,-66.971123,sao gabriel da cachoeira,AM
14090,69790,-3.082304,-60.067404,iauarete,AM
14091,69800,-7.516824,-63.016836,humaita,AM
14092,69820,-6.530684,-64.387391,canutama,AM
14093,69830,-7.260585,-64.790974,labrea,AM
14094,69850,-8.785105,-67.384261,boca do acre,AM
14095,69860,-7.709587,-66.998069,pauini,AM
14096,69870,-7.43625,-70.027754,envira,AM
14097,69880,-6.663393,-69.867009,eirunepé,AM
14098,69890,-7.048135,-71.691736,ipixuna,AM
14099,69895,-7.54624,-72.583184,guajara,AM
14100,69900,-9.966664,-67.81379,rio branco,AC
14101,69901,-9.958841,-67.804568,rio branco,AC
14102,69902,-9.946352,-67.815337,rio branco,AC
14103,69903,-9.943697,-67.82198,rio branco,AC
14104,69904,-9.981986,-67.828745,rio branco,AC
14105,69905,-9.977362,-67.808359,rio branco,AC
14106,69906,-9.992357,-67.820818,rio branco,AC
14107,69907,-10.000742,-67.797572,rio branco,AC
14108,69908,-9.990087,-67.841839,rio branco,AC
14109,69909,-10.021021,-67.80168,rio branco,AC
14110,69910,-9.957906,-67.818083,rio branco,AC
14111,69911,-9.979582,-67.826456,rio branco,AC
14112,69912,-9.991203,-67.844258,rio branco,AC
14113,69914,-9.976278,-67.867909,rio branco,AC
14114,69915,-9.97536,-67.836165,rio branco,AC
14115,69917,-9.948841,-67.87748,rio branco,AC
14116,69918,-9.956046,-67.828671,rio branco,AC
14117,69919,-9.955217,-67.849064,rio branco,AC
14118,69920,-9.955316,-67.826389,rio branco,AC
14119,69921,-9.939995,-67.82853,rio branco,AC
14120,69922,-9.928917,-67.840127,rio branco,AC
14121,69925,-10.153066,-67.734583,senador guiomard,AC
14122,69926,-9.808439,-67.986464,bujari,AC
14123,69927,-9.59514,-67.542961,porto acre,AC
14124,69928,-10.329005,-67.183719,placido de castro,AC
14125,69929,-22.861615,-47.064303,campinas,AC
14126,69930,-10.652038,-68.502733,xapuri,AC
14127,69931,-10.57123,-67.674421,capixaba,AC
14128,69932,-11.006782,-68.748803,brasileia,AC
14129,69934,-11.019626,-68.727349,epitaciolandia,AC
14130,69935,-10.935106,-69.557831,assis brasil,AC
14131,69940,-9.066738,-68.660148,sena madureira,AC
14132,69945,-10.059374,-67.037486,acrelandia,AC
14133,69950,-8.838578,-69.261385,manoel urbano,AC
14134,69955,-9.444132,-70.484346,santa rosa do purus,AC
14135,69960,-8.170596,-70.357646,feijo,AC
14136,69970,-8.163379,-70.767793,tarauaca,AC
14137,69975,-9.191499,-71.950214,jordão,AC
14138,69980,-7.62629,-72.668821,cruzeiro do sul,AC
14139,69982,-8.596674,-71.442823,porto walter,AC
14140,69983,-8.953612,-72.784077,marechal thaumaturgo,AC
14141,69985,-7.736559,-72.651635,rodrigues alves,AC
14142,69990,-7.605106,-72.916069,mancio lima,AC
14143,70002,-15.790439,-47.880655,brasilia,DF
14144,70037,-15.845994,-47.920765,brasilia,DF
14145,70040,-15.792027,-47.877655,brasilia,DF
14146,70041,-15.788286,-47.878388,brasilia,DF
14147,70043,-15.798928,-47.870923,brasilia,DF
14148,70044,-15.797782,-47.874682,brasilia,DF
14149,70047,-15.797782,-47.874682,brasilia,DF
14150,70048,-15.797782,-47.874682,brasilia,DF
14151,70053,-15.797782,-47.874682,brasília,DF
14152,70054,-15.7982,-47.873371,brasilia,DF
14153,70055,-15.797782,-47.874682,brasilia,DF
14154,70056,-15.799446,-47.869285,brasilia,DF
14155,70057,-15.790439,-47.880655,brasilia,DF
14156,70059,-15.799446,-47.869285,brasilia,DF
14157,70064,-15.797782,-47.874682,brasilia,DF
14158,70065,-15.797782,-47.874682,brasilia,DF
14159,70067,-15.79919,-47.870102,brasilia,DF
14160,70068,-15.798429,-47.872575,brasilia,DF
14161,70070,-15.785886,-47.891825,brasilia,DF
14162,70072,-15.801016,-47.882363,brasilia,DF
14163,70074,-15.801638,-47.882476,brasilia,DF
14164,70077,-15.790767,-47.884439,brasilia,DF
14165,70078,-15.801638,-47.882476,brasilia,DF
14166,70150,-15.800488,-47.861001,brasilia,DF
14167,70160,-15.800331,-47.860509,brasilia,DF
14168,70175,-15.800386,-47.860527,brasilia,DF
14169,70200,-15.817348,-47.863285,brasilia,DF
14170,70210,-15.848599,-47.921188,brasilia,DF
14171,70232,-15.805656,-47.886109,brasilia,DF
14172,70233,-15.80857,-47.889117,brasilia,DF
14173,70234,-15.810891,-47.890953,brasilia,DF
14174,70235,-15.813347,-47.893391,brasilia,DF
14175,70236,-15.80737,-47.884068,brasilia,DF
14176,70237,-15.810245,-47.886487,brasilia,DF
14177,70238,-15.812842,-47.888956,brasilia,DF
14178,70239,-15.815255,-47.891262,brasilia,DF
14179,70252,-15.815757,-47.895732,brasilia,DF
14180,70253,-15.817713,-47.898643,brasilia,DF
14181,70254,-15.819904,-47.901184,brasilia,DF
14182,70255,-15.817696,-47.893571,brasilia,DF
14183,70256,-15.820443,-47.896851,brasilia,DF
14184,70257,-15.822132,-47.899547,brasilia,DF
14185,70258,-15.820488,-47.900847,brasilia,DF
14186,70272,-15.821688,-47.903952,brasilia,DF
14187,70273,-15.82397,-47.906644,brasilia,DF
14188,70274,-15.825802,-47.909463,brasilia,DF
14189,70275,-15.827777,-47.912245,brasilia,DF
14190,70276,-15.825981,-47.905007,brasilia,DF
14191,70277,-15.828108,-47.907754,brasilia,DF
14192,70278,-15.829963,-47.910154,brasilia,DF
14193,70292,-15.829802,-47.914765,brasilia,DF
14194,70293,-15.83143,-47.917256,brasilia,DF
14195,70294,-15.833461,-47.920055,brasilia,DF
14196,70295,-15.835209,-47.923071,brasilia,DF
14197,70296,-15.831907,-47.912774,brasilia,DF
14198,70297,-15.828569,-47.913266,brasilia,DF
14199,70298,-15.836028,-47.918571,brasilia,DF
14200,70299,-15.837765,-47.920801,brasilia,DF
14201,70330,-15.80288,-47.890814,brasilia,DF
14202,70331,-15.802945,-47.896856,brasilia,DF
14203,70335,-15.800597,-47.889454,brasilia,DF
14204,70336,-15.803832,-47.893926,brasilia,DF
14205,70337,-15.806473,-47.89628,brasilia,DF
14206,70338,-15.801759,-47.89177,brasilia,DF
14207,70340,-15.797666,-47.893793,brasilia,DF
14208,70342,-15.805811,-47.891968,brasilia,DF
14209,70343,-15.808439,-47.893921,brasilia,DF
14210,70344,-15.810694,-47.896337,brasilia,DF
14211,70345,-15.812812,-47.898506,brasilia,DF
14212,70346,-15.814658,-47.90112,brasilia,DF
14213,70347,-15.816532,-47.903889,brasilia,DF
14214,70350,-15.80758,-47.901753,brasilia,DF
14215,70351,-15.810962,-47.905759,brasilia,DF
14216,70352,-15.808386,-47.898289,brasilia,DF
14217,70353,-15.810688,-47.900588,brasilia,DF
14218,70354,-15.8125,-47.902908,brasilia,DF
14219,70355,-15.814475,-47.905571,brasilia,DF
14220,70360,-15.81473,-47.910372,brasilia,DF
14221,70361,-15.818993,-47.916358,brasilia,DF
14222,70362,-15.8164,-47.908113,brasilia,DF
14223,70363,-15.818421,-47.91114,brasilia,DF
14224,70364,-15.820177,-47.913124,brasilia,DF
14225,70365,-15.822208,-47.91658,brasilia,DF
14226,70372,-15.818613,-47.906818,brasilia,DF
14227,70373,-15.820618,-47.909236,brasilia,DF
14228,70374,-15.822597,-47.911895,brasilia,DF
14229,70375,-15.824477,-47.914511,brasilia,DF
14230,70376,-15.826435,-47.917134,brasilia,DF
14231,70377,-15.828299,-47.920109,brasilia,DF
14232,70380,-15.822489,-47.921852,brasilia,DF
14233,70381,-15.826466,-47.927027,brasilia,DF
14234,70382,-15.824352,-47.919071,brasilia,DF
14235,70383,-15.826096,-47.921614,brasilia,DF
14236,70384,-15.827648,-47.924285,brasilia,DF
14237,70385,-15.830411,-47.92277,brasilia,DF
14238,70386,-15.832157,-47.925335,brasilia,DF
14239,70387,-15.829789,-47.927146,brasilia,DF
14240,70390,-15.813747,-47.91493,brasilia,DF
14241,70391,-15.796373,-47.848955,brasilia,DF
14242,70393,-11.003214,-68.744723,brasilia,DF
14243,70402,-15.802478,-47.874711,brasilia,DF
14244,70406,-15.807899,-47.874064,brasília,DF
14245,70415,-15.823971,-47.887206,brasilia,DF
14246,70422,-15.824902,-47.892586,brasilia,DF
14247,70602,-15.748033,-47.92425,brasilia,DF
14248,70610,-15.794132,-47.914043,brasilia,DF
14249,70620,-15.77603,-47.909373,brasília,DF
14250,70630,-15.771173,-47.926503,brasilia,DF
14251,70631,-15.769281,-47.959345,brasilia,DF
14252,70632,-15.763408,-47.935454,brasilia,DF
14253,70634,-15.747189,-47.925361,brasilia,DF
14254,70636,-15.720987,-47.903388,brasilia,DF
14255,70640,-15.785749,-47.936385,brasilia,DF
14256,70645,-15.78176,-47.934037,brasilia,DF
14257,70648,-15.788616,-47.936228,brasilia,DF
14258,70650,-15.797449,-47.94251,brasilia,DF
14259,70655,-15.797531,-47.93679,brasilia,DF
14260,70658,-15.794905,-47.935603,brasilia,DF
14261,70660,-15.806409,-47.942289,brasilia,DF
14262,70666,-15.748866,-47.893932,brasilia,DF
14263,70670,-15.801931,-47.923699,brasilia,DF
14264,70673,-15.800054,-47.928174,brasilia,DF
14265,70675,-15.790227,-47.929923,brasilia,DF
14266,70680,-15.785799,-47.917575,brasília,DF
14267,70687,-15.815976,-47.907328,brasilia,DF
14268,70710,-15.762504,-47.889753,brasilia,DF
14269,70711,-15.788702,-47.882157,brasília,DF
14270,70712,-15.786891,-47.883927,brasilia,DF
14271,70719,-15.786904,-47.889593,brasilia,DF
14272,70720,-15.780989,-47.889382,brasilia,DF
14273,70722,-15.782545,-47.882747,brasilia,DF
14274,70723,-15.781554,-47.885515,brasilia,DF
14275,70730,-15.776349,-47.889174,brasilia,DF
14276,70732,-15.778668,-47.882822,brasilia,DF
14277,70733,-15.77594,-47.883067,brasilia,DF
14278,70734,-15.77249,-47.883571,brasilia,DF
14279,70735,-15.782519,-47.888068,brasília,DF
14280,70736,-15.776081,-47.886332,brasilia,DF
14281,70737,-15.772945,-47.886119,brasilia,DF
14282,70740,-15.768177,-47.891175,brasilia,DF
14283,70741,-15.763889,-47.892351,brasilia,DF
14284,70742,-15.769604,-47.884016,brasilia,DF
14285,70743,-15.766286,-47.884695,brasilia,DF
14286,70744,-15.763897,-47.885844,brasilia,DF
14287,70745,-15.769985,-47.886715,brasilia,DF
14288,70746,-15.767489,-47.887625,brasilia,DF
14289,70747,-15.764066,-47.888636,brasilia,DF
14290,70750,-15.760116,-47.894681,brasilia,DF
14291,70752,-15.760162,-47.886715,brasilia,DF
14292,70753,-15.757323,-47.88759,brasilia,DF
14293,70754,-15.754074,-47.888939,brasilia,DF
14294,70755,-15.761079,-47.889491,brasilia,DF
14295,70756,-15.757426,-47.890517,brasilia,DF
14296,70757,-15.755042,-47.891425,brasilia,DF
14297,70760,-15.750297,-47.896673,brasilia,DF
14298,70761,-15.745466,-47.89912,brasilia,DF
14299,70762,-15.751384,-47.889669,brasilia,DF
14300,70763,-15.747762,-47.891201,brasilia,DF
14301,70764,-15.745526,-47.892064,brasilia,DF
14302,70765,-15.751819,-47.892771,brasilia,DF
14303,70766,-15.749067,-47.893544,brasilia,DF
14304,70767,-15.745544,-47.894726,brasilia,DF
14305,70770,-15.740072,-47.899563,brasilia,DF
14306,70772,-15.741552,-47.89286,brasilia,DF
14307,70773,-15.738507,-47.894313,brasilia,DF
14308,70774,-15.742689,-47.895617,brasilia,DF
14309,70775,-15.739397,-47.896881,brasilia,DF
14310,70785,-15.736693,-47.89046,brasilia,DF
14311,70790,-15.756546,-47.898334,brasilia,DF
14312,70800,-15.777453,-47.857162,brasilia,DF
14313,70801,-15.793175,-47.850264,brasilia,DF
14314,70802,-15.793848,-47.852311,brasilia,DF
14315,70803,-15.791246,-47.851083,brasilia,DF
14316,70804,-15.794272,-47.848788,brasilia,DF
14317,70830,-15.777626,-47.874008,brasília,DF
14318,70832,-15.781754,-47.878523,brasilia,DF
14319,70833,-15.778725,-47.878736,brasilia,DF
14320,70834,-15.781734,-47.875407,brasilia,DF
14321,70835,-15.778237,-47.875643,brasilia,DF
14322,70842,-15.776011,-47.878927,brasilia,DF
14323,70843,-15.771891,-47.879605,brasilia,DF
14324,70844,-15.768837,-47.88002,brasilia,DF
14325,70845,-15.774461,-47.875942,brasilia,DF
14326,70846,-15.771314,-47.87627,brasilia,DF
14327,70847,-15.767629,-47.877374,brasilia,DF
14328,70852,-15.763761,-47.881313,brasília,DF
14329,70853,-15.762328,-47.881453,brasilia,DF
14330,70854,-15.759107,-47.882949,brasilia,DF
14331,70855,-15.764659,-47.878517,brasilia,DF
14332,70856,-15.761402,-47.878951,brasilia,DF
14333,70857,-15.75864,-47.879692,brasilia,DF
14334,70862,-15.755925,-47.88378,brasilia,DF
14335,70863,-15.752839,-47.884989,brasilia,DF
14336,70864,-15.749888,-47.88599,brasilia,DF
14337,70865,-15.754953,-47.881239,brasilia,DF
14338,70866,-15.751823,-47.882077,brasilia,DF
14339,70867,-15.748153,-47.883188,brasilia,DF
14340,70872,-15.746423,-47.887399,brasilia,DF
14341,70873,-15.743459,-47.887846,brasilia,DF
14342,70874,-15.740439,-47.888854,brasilia,DF
14343,70875,-15.737591,-47.889952,brasilia,DF
14344,70876,-15.747799,-47.884767,brasilia,DF
14345,70878,-15.739568,-47.886515,brasilia,DF
14346,70879,-15.73752,-47.887158,brasilia,DF
14347,70908,-15.765285,-47.856663,brasilia,DF
14348,70910,-11.014056,-68.746653,brasilia,DF
14349,71009,-15.787327,-47.885828,brasilia,DF
14350,71010,-15.815628,-47.986972,brasilia,DF
14351,71015,-15.823291,-47.986951,brasilia,DF
14352,71020,-15.817129,-47.973604,brasilia,DF
14353,71050,-15.832877,-47.975907,brasilia,DF
14354,71060,-15.83424,-47.982824,brasilia,DF
14355,71065,-15.842583,-47.975808,brasilia,DF
14356,71070,-15.833748,-47.947151,brasilia,DF
14357,71090,-15.815613,-47.995721,guara,DF
14358,71100,-15.808848,-47.989362,brasilia,DF
14359,71200,-15.799253,-47.946162,brasilia,DF
14360,71205,-15.795586,-47.949004,brasilia,DF
14361,71215,-15.814737,-47.940333,brasília,DF
14362,71218,-13.415011,-58.352487,brasilia,DF
14363,71225,-15.802428,-47.974134,brasilia,DF
14364,71250,-15.779272,-47.999528,brasilia,DF
14365,71503,-15.715464,-47.885948,brasilia,DF
14366,71505,-15.72651,-47.867505,brasilia,DF
14367,71510,-15.727517,-47.880951,brasilia,DF
14368,71515,-15.743926,-47.845597,brasilia,DF
14369,71520,-15.738014,-47.865637,brasilia,DF
14370,71525,-15.747068,-47.851593,brasilia,DF
14371,71530,-15.759372,-47.839035,brasilia,DF
14372,71535,-15.757146,-47.832405,brasilia,DF
14373,71540,-15.738616,-47.880548,brasilia,DF
14374,71570,-15.781313,-47.785244,brasilia,DF
14375,71571,-15.773464,-47.778695,brasilia,DF
14376,71572,-15.768324,-47.779941,brasilia,DF
14377,71573,-15.7632,-47.78036,brasilia,DF
14378,71596,-15.699168,-47.827767,brasilia,DF
14379,71600,-15.851802,-47.889232,brasilia,DF
14380,71605,-15.858051,-47.917591,brasilia,DF
14381,71610,-15.855338,-47.921751,brasilia,DF
14382,71615,-15.847772,-47.895946,brasilia,DF
14383,71620,-15.846568,-47.902104,brasilia,DF
14384,71625,-15.835839,-47.87547,brasilia,DF
14385,71630,-15.831822,-47.874873,brasilia,DF
14386,71635,-15.846302,-47.877514,brasilia,DF
14387,71640,-15.848746,-47.872286,brasilia,DF
14388,71645,-15.863958,-47.87487,brasilia,DF
14389,71650,-15.848744,-47.856344,brasilia,DF
14390,71655,-15.857639,-47.858897,brasilia,DF
14391,71660,-15.841549,-47.838216,brasilia,DF
14392,71665,-15.835947,-47.835954,brasilia,DF
14393,71670,-15.819951,-47.814504,brasilia,DF
14394,71675,-15.825772,-47.806351,brasilia,DF
14395,71680,-15.848888,-47.838535,brasilia,DF
14396,71691,-15.890188,-47.790186,brasilia,DF
14397,71692,-15.900744,-47.778638,brasilia,DF
14398,71693,-15.896339,-47.771063,brasilia,DF
14399,71694,-15.908933,-47.752809,brasilia,DF
14400,71697,-15.794197,-47.848101,brasilia,DF
14401,71699,-15.793097,-47.851616,brasilia,DF
14402,71705,-15.871811,-47.965228,brasilia,DF
14403,71710,-15.869529,-47.967279,brasilia,DF
14404,71715,-15.871958,-47.973575,brasilia,DF
14405,71720,-15.863865,-47.957454,brasilia,DF
14406,71725,-15.851145,-47.951109,brasilia,DF
14407,71727,-15.856415,-47.951093,brasilia,DF
14408,71730,-15.835318,-47.90811,brasilia,DF
14409,71731,-15.857537,-47.938894,brasilia,DF
14410,71735,-15.853749,-47.992349,brasilia,DF
14411,71736,-15.867965,-47.972549,brasilia,DF
14412,71738,-15.872279,-47.977064,brasilia,DF
14413,71740,-15.902522,-47.968912,brasilia,DF
14414,71741,-15.91863,-47.954484,brasilia,DF
14415,71742,-15.891074,-47.930659,brasilia,DF
14416,71745,-15.909191,-47.946103,brasilia,DF
14417,71746,-15.945488,-47.968147,brasilia,DF
14418,71750,-15.919418,-47.93223,brasilia,DF
14419,71800,-15.883455,-47.995019,riacho fundo,DF
14420,71805,-15.880508,-48.015547,brasilia,DF
14421,71820,-15.884877,-48.016587,brasilia,DF
14422,71825,-15.887486,-48.016838,brasilia,DF
14423,71880,-15.90285,-48.046231,brasilia,DF
14424,71881,-15.894294,-48.049657,brasilia,DF
14425,71882,-15.915118,-48.046263,brasilia,DF
14426,71900,-15.832887,-48.029378,brasilia,DF
14427,71901,-15.830993,-48.015559,brasilia,DF
14428,71904,-15.830768,-48.018024,brasilia,DF
14429,71906,-15.831018,-48.011026,brasilia,DF
14430,71907,-15.813949,-47.935774,brasilia,DF
14431,71908,-15.812032,-47.921672,brasilia,DF
14432,71909,-15.832683,-48.003171,brasilia,DF
14433,71910,-15.840224,-47.999995,brasilia,DF
14434,71915,-15.83795,-48.01378,brasilia,DF
14435,71916,-15.839709,-48.011805,brasilia,DF
14436,71917,-15.837239,-48.022294,brasilia,DF
14437,71918,-15.837614,-48.0236,brasília,DF
14438,71920,-15.830232,-48.032443,brasilia,DF
14439,71925,-15.84383,-47.989912,brasilia,DF
14440,71926,-15.829516,-47.983998,brasilia,DF
14441,71927,-15.843413,-48.018086,brasília,DF
14442,71928,-15.845635,-48.031714,brasília,DF
14443,71929,-15.842101,-48.007947,brasilia,DF
14444,71930,-15.837822,-48.036888,brasilia,DF
14445,71931,-15.836927,-48.039427,brasília,DF
14446,71936,-15.837859,-48.022705,brasilia,DF
14447,71937,-15.830018,-47.979164,brasilia,DF
14448,71938,-15.813094,-47.918142,brasilia,DF
14449,71939,-15.822817,-47.956253,brasilia,DF
14450,71940,-15.847384,-47.922556,brasilia,DF
14451,71950,-15.838929,-48.043784,brasilia,DF
14452,71955,-15.854624,-48.037636,brasilia,DF
14453,71956,-15.854646,-48.036986,brasilia,DF
14454,71957,-15.853709,-48.036796,brasilia,DF
14455,71958,-15.853074,-48.036079,brasilia,DF
14456,71959,-15.85157,-48.035284,brasilia,DF
14457,71960,-15.851968,-48.034328,brasilia,DF
14458,71961,-15.854773,-48.031882,brasilia,DF
14459,71963,-15.854834,-48.03334,brasilia,DF
14460,71964,-15.859462,-48.035727,brasília,DF
14461,71965,-15.860329,-48.027176,brasilia,DF
14462,71967,-15.864074,-48.026261,brasilia,DF
14463,71968,-15.864807,-48.024969,brasilia,DF
14464,71969,-15.865906,-48.025723,brasilia,DF
14465,71972,-15.86529,-48.032172,taguatinga,DF
14466,71973,-15.860763,-48.024452,brasília,DF
14467,71978,-15.861765,-47.985516,brasilia,DF
14468,71979,-15.869834,-48.019132,brasília,DF
14469,71980,-15.869012,-48.017754,brasilia,DF
14470,71981,-15.868906,-48.016266,brasilia,DF
14471,71982,-15.871865,-48.016141,brasilia,DF
14472,71985,-15.874837,-48.015121,brasilia,DF
14473,71987,-15.876899,-48.015494,brasilia,DF
14474,71988,-15.876864,-48.012103,brasilia,DF
14475,71989,-15.876791,-48.007973,brasilia,DF
14476,71990,-15.875405,-48.00048,brasilia,DF
14477,71991,-15.875034,-47.997764,brasília,DF
14478,72001,-15.791398,-47.856989,brasilia,DF
14479,72003,-15.792503,-47.845127,brasilia,DF
14480,72006,-15.791155,-47.85673,brasilia,DF
14481,72007,-15.774816,-48.046806,brasília,DF
14482,72010,-15.832207,-48.054798,brasilia,DF
14483,72015,-15.838156,-48.05347,brasilia,DF
14484,72016,-15.84008,-48.059968,brasilia,DF
14485,72020,-15.845175,-48.043687,brasilia,DF
14486,72025,-15.859417,-48.040935,brasilia,DF
14487,72035,-15.871149,-48.035682,brasilia,DF
14488,72110,-15.82426,-48.05484,brasilia,DF
14489,72115,-15.825216,-48.06041,brasilia,DF
14490,72120,-15.808036,-48.06216,brasilia,DF
14491,72125,-15.813063,-48.067656,brasilia,DF
14492,72130,-15.800452,-48.069311,brasilia,DF
14493,72135,-15.809413,-48.076066,brasilia,DF
14494,72140,-15.814226,-48.084173,brasilia,DF
14495,72145,-15.803212,-48.097915,brasilia,DF
14496,72146,-15.795153,-48.106523,brasilia,DF
14497,72150,-15.825965,-48.082202,brasilia,DF
14498,72151,-15.8263,-48.087087,brasilia,DF
14499,72152,-15.815618,-48.090975,brasilia,DF
14500,72153,-15.746433,-47.925418,brasilia,DF
14501,72155,-15.828307,-48.076002,brasilia,DF
14502,72156,-15.820071,-48.079388,brasilia,DF
14503,72160,-15.832591,-48.087972,brasilia,DF
14504,72161,-15.82184,-48.091486,brasilia,DF
14505,72162,-15.814021,-48.094974,brasília,DF
14506,72210,-15.806925,-48.106881,brasilia,DF
14507,72215,-15.827357,-48.097847,brasilia,DF
14508,72220,-15.832041,-48.107742,brasilia,DF
14509,72225,-15.811259,-48.119236,brasilia,DF
14510,72230,-15.838524,-48.122217,ceilandia,DF
14511,72231,-15.841742,-48.114604,brasilia,DF
14512,72233,-15.847901,-48.112501,brasilia,DF
14513,72235,-15.842888,-48.124747,brasilia,DF
14514,72236,-15.849481,-48.119844,brasilia,DF
14515,72240,-15.817462,-48.126933,brasilia,DF
14516,72241,-15.810019,-48.131863,brasilia,DF
14517,72250,-15.794727,-48.117725,brasilia,DF
14518,72251,-15.789017,-48.124882,brasilia,DF
14519,72252,-15.800068,-48.12621,brasilia,DF
14520,72255,-15.792464,-48.123756,brasilia,DF
14521,72260,-15.799501,-48.135584,brasilia,DF
14522,72261,-15.791098,-48.138815,brasilia,DF
14523,72270,-15.805457,-48.143886,brasilia,DF
14524,72275,-15.801553,-48.13106,brasilia,DF
14525,72301,-15.885569,-48.107145,brasilia,DF
14526,72302,-15.872083,-48.075712,brasilia,DF
14527,72303,-15.893589,-48.124597,brasilia,DF
14528,72304,-15.867435,-48.058966,brasilia,DF
14529,72305,-15.884696,-48.095858,brasilia,DF
14530,72306,-15.877409,-48.07622,brasilia,DF
14531,72307,-15.890761,-48.108275,brasilia,DF
14532,72308,-15.874259,-48.066679,brasilia,DF
14533,72309,-15.8963,-48.119342,brasilia,DF
14534,72310,-15.881534,-48.073967,brasilia,DF
14535,72311,-15.890446,-48.097913,brasilia,DF
14536,72312,-15.882194,-48.072422,brasilia,DF
14537,72313,-15.891597,-48.103052,brasilia,DF
14538,72314,-15.879816,-48.064152,brasilia,DF
14539,72315,-15.890535,-48.094918,brasilia,DF
14540,72316,-15.864968,-48.078233,brasilia,DF
14541,72317,-15.898355,-48.118018,brasilia,DF
14542,72318,-15.8624,-48.079915,brasilia,DF
14543,72319,-15.870772,-48.096448,brasilia,DF
14544,72320,-15.858562,-48.07546,brasilia,DF
14545,72321,-15.877785,-48.107471,brasilia,DF
14546,72322,-15.858432,-48.085254,brasilia,DF
14547,72323,-15.880178,-48.114811,brasilia,DF
14548,72325,-15.88449,-48.123212,brasilia,DF
14549,72327,-15.888308,-48.130453,brasilia,DF
14550,72329,-15.893886,-48.143275,brasilia,DF
14551,72331,-15.870942,-48.107664,brasilia,DF
14552,72333,-15.879932,-48.124795,brasilia,DF
14553,72335,-15.889402,-48.143515,brasilia,DF
14554,72405,-15.91619,-47.949658,brasilia,DF
14555,72410,-16.035265,-48.06365,brasilia,DF
14556,72415,-16.025156,-48.078642,brasilia,DF
14557,72420,-16.016768,-48.072015,brasilia,DF
14558,72425,-16.024213,-48.071041,brasilia,DF
14559,72430,-16.010007,-48.066129,brasilia,DF
14560,72445,-15.601977,-48.757083,brasilia,DF
14561,72450,-16.008512,-48.050017,brasilia,DF
14562,72460,-16.022947,-48.050718,brasilia,DF
14563,72500,-16.044743,-48.037981,brasilia,DF
14564,72501,-16.04324,-48.030366,brasilia,DF
14565,72502,-16.040013,-48.028342,brasilia,DF
14566,72503,-16.03686,-48.03074,brasilia,DF
14567,72504,-16.033149,-48.029236,brasilia,DF
14568,72506,-16.028056,-48.030188,brasilia,DF
14569,72507,-16.028183,-48.026818,brasilia,DF
14570,72508,-16.025326,-48.023873,brasilia,DF
14571,72509,-16.023673,-48.021737,brasilia,DF
14572,72510,-16.021323,-48.019306,brasilia,DF
14573,72542,-16.01226,-48.005064,brasilia,DF
14574,72543,-16.01048,-48.002268,brasilia,DF
14575,72544,-16.00848,-47.999872,brasilia,DF
14576,72545,-16.008848,-47.998006,brasilia,DF
14577,72546,-16.008889,-47.994241,brasilia,DF
14578,72547,-16.007617,-47.99106,brasilia,DF
14579,72548,-16.009384,-47.987402,brasilia,DF
14580,72592,-15.992752,-47.993339,brasilia,DF
14581,72593,-15.996889,-47.995539,brasilia,DF
14582,72594,-15.996379,-48.000059,brasilia,DF
14583,72600,-15.900967,-48.06408,brasilia,DF
14584,72601,-15.906642,-48.085145,brasilia,DF
14585,72602,-15.912267,-48.100051,brasilia,DF
14586,72603,-15.922739,-48.106557,brasilia,DF
14587,72610,-15.905827,-48.063501,brasilia,DF
14588,72620,-15.90932,-48.080637,brasilia,DF
14589,72621,-15.917168,-48.097708,brasilia,DF
14590,72622,-15.92454,-48.102823,brasilia,DF
14591,72630,-15.910074,-48.059558,brasilia,DF
14592,72631,-15.912624,-48.066492,brasilia,DF
14593,72640,-15.916752,-48.056802,brasilia,DF
14594,72641,-15.918128,-48.06361,brasilia,DF
14595,72650,-15.921507,-48.05274,brasilia,DF
14596,72660,-15.929869,-48.103347,brasilia,DF
14597,72669,-15.793363,-47.849224,brasília,DF
14598,72705,-15.677497,-48.195981,brasilia,DF
14599,72710,-15.694311,-48.158184,brasilia,DF
14600,72715,-15.684001,-48.194708,brasilia,DF
14601,72720,-15.70148,-48.139978,brasilia,DF
14602,72725,-15.671652,-48.201259,brasilia,DF
14603,72726,-15.667347,-48.201072,brasilia,DF
14604,72735,-15.662951,-48.193939,brasilia,DF
14605,72736,-15.66361,-48.196141,brasilia,DF
14606,72737,-15.663353,-48.198704,brasilia,DF
14607,72738,-15.662543,-48.201148,brasilia,DF
14608,72745,-15.65999,-48.193293,brasília,DF
14609,72746,-15.659326,-48.195558,brasilia,DF
14610,72747,-15.65911,-48.197766,brasilia,DF
14611,72748,-15.659381,-48.2012,brasilia,DF
14612,72755,-15.639002,-48.172524,brasilia,DF
14613,72800,-16.25486,-47.954334,luziania,GO
14614,72801,-16.262674,-47.956974,luziania,GO
14615,72803,-16.223652,-47.94576,luziania,GO
14616,72804,-16.248199,-47.922987,luziania,GO
14617,72805,-16.263318,-47.938441,luziania,GO
14618,72806,-16.264264,-47.924213,luziania,GO
14619,72810,-16.250584,-47.956067,luziania,GO
14620,72811,-16.248904,-47.963027,luziania,GO
14621,72812,-16.246079,-47.951545,luziania,GO
14622,72813,-16.239441,-47.948252,luziania,GO
14623,72814,-16.249901,-47.938129,luziania,GO
14624,72815,-16.237846,-47.931169,luziania,GO
14625,72820,-16.251925,-47.908012,luziania,GO
14626,72822,-16.255927,-47.928343,luziania,GO
14627,72823,-16.245275,-47.898777,luziania,GO
14628,72830,-16.242586,-47.919846,luziania,GO
14629,72831,-16.241505,-47.904583,luziania,GO
14630,72834,-16.21738,-47.919176,luziania,GO
14631,72836,-16.210019,-47.929634,luziânia,GO
14632,72850,-16.140686,-47.957213,luziania,GO
14633,72851,-16.132495,-47.951908,luziania,GO
14634,72853,-16.232123,-47.93354,luziania,GO
14635,72855,-16.178897,-47.928592,luziania,GO
14636,72858,-16.140112,-47.988877,luziania,GO
14637,72860,-16.057674,-48.036711,novo gama,GO
14638,72862,-16.06474,-48.045848,novo gama,GO
14639,72865,-16.091275,-48.031745,novo gama,GO
14640,72870,-16.069675,-47.997309,valparaiso de goias,GO
14641,72871,-16.059216,-48.0012,valparaiso de goias,GO
14642,72872,-16.087739,-47.988029,valparaiso de goias,GO
14643,72873,-16.076002,-47.972253,valparaiso de goias,GO
14644,72874,-16.11021,-47.98036,valparaiso de goias,GO
14645,72875,-16.074361,-47.989306,valparaiso de goias,GO
14646,72876,-16.077718,-47.977543,valparaiso de goias,GO
14647,72878,-16.059236,-47.980048,valparaiso de goias,GO
14648,72879,-16.060499,-47.9644,valparaiso de goias,GO
14649,72880,-16.092803,-47.922023,cidade ocidental,GO
14650,72883,-16.11151,-47.920562,cidade ocidental,GO
14651,72885,-16.106938,-47.952015,cidade ocidental,GO
14652,72887,-16.082745,-47.932241,cidade ocidental,GO
14653,72899,-21.467829,-56.171869,jardim abc de goias,GO
14654,72900,-15.958389,-48.273789,santo antonio do descoberto,GO
14655,72901,-15.934317,-48.276993,santo antonio do descoberto,GO
14656,72902,-16.106475,-48.479483,santo antonio do descoberto,GO
14657,72906,-15.95192,-48.261677,santo antonio do descoberto,GO
14658,72907,-15.956928,-48.269707,santo antonio do descoberto,GO
14659,72910,-15.728158,-48.27733,aguas lindas de goias,GO
14660,72911,-15.731403,-48.251223,aguas lindas de goias,GO
14661,72912,-15.721771,-48.265321,aguas lindas de goias,GO
14662,72914,-15.72836,-48.277071,aguas lindas de goias,GO
14663,72915,-15.391972,-48.087266,aguas lindas de goias,GO
14664,72916,-15.709672,-48.272561,aguas lindas de goias,GO
14665,72917,-15.696576,-48.269563,aguas lindas de goias,GO
14666,72920,-15.716331,-48.279776,aguas lindas de goias,GO
14667,72921,-15.72476,-48.32086,aguas lindas de goias,GO
14668,72922,-15.728452,-48.317315,aguas lindas de goias,GO
14669,72925,-15.738493,-48.298193,aguas lindas de goias,GO
14670,72926,-15.728637,-48.295913,aguas lindas de goias,GO
14671,72927,-15.758107,-48.287043,aguas lindas de goias,GO
14672,72930,-16.083521,-48.50553,alexania,GO
14673,72940,-16.193718,-48.709452,abadiania,GO
14674,72960,-15.925143,-48.809391,corumba de goias,GO
14675,72975,-15.772627,-48.759524,cocalzinho de goias,GO
14676,72980,-15.862707,-48.970169,pirenopolis,GO
14677,73005,-15.644984,-47.797892,brasilia,DF
14678,73006,-15.646138,-47.798776,brasilia,DF
14679,73010,-15.649199,-47.790434,brasilia,DF
14680,73011,-15.649675,-47.78986,brasilia,DF
14681,73015,-15.657434,-47.796465,brasilia,DF
14682,73020,-15.6576,-47.809413,brasilia,DF
14683,73025,-15.652572,-47.801135,brasilia,DF
14684,73030,-15.650865,-47.808259,brasilia,DF
14685,73035,-15.641274,-47.806044,brasilia,DF
14686,73036,-15.644224,-47.805536,brasilia,DF
14687,73040,-15.64462,-47.78668,brasilia,DF
14688,73041,-15.646059,-47.786049,brasilia,DF
14689,73045,-15.643219,-47.77792,brasilia,DF
14690,73050,-15.64778,-47.776941,brasilia,DF
14691,73060,-15.640681,-47.820601,brasilia,DF
14692,73062,-15.646601,-47.8237,brasilia,DF
14693,73063,-15.644657,-47.817386,brasilia,DF
14694,73070,-15.633492,-47.846356,brasilia,DF
14695,73080,-15.633883,-47.815845,brasilia,DF
14696,73083,-15.793452,-47.845852,brasília,DF
14697,73092,-15.666333,-47.824934,brasilia,DF
14698,73100,-15.754988,-47.831646,brasilia,DF
14699,73105,-15.66365,-47.860166,brasilia,DF
14700,73150,-15.791401,-47.849365,brasilia,DF
14701,73250,-15.577966,-48.007302,brasilia,DF
14702,73251,-15.670449,-47.815963,sobradinho,DF
14703,73252,-15.689304,-47.823788,brasilia,DF
14704,73270,-15.792495,-47.850487,brasilia,DF
14705,73320,-15.655796,-47.686448,brasilia,DF
14706,73330,-15.633269,-47.671904,brasilia,DF
14707,73340,-15.606143,-47.650415,brasilia,DF
14708,73350,-15.616785,-47.646956,brasilia,DF
14709,73355,-15.613317,-47.63612,brasilia,DF
14710,73356,-15.619921,-47.640156,brasilia,DF
14711,73357,-15.618217,-47.638937,brasilia,DF
14712,73358,-15.619419,-47.638159,brasilia,DF
14713,73360,-15.624786,-47.647022,brasilia,DF
14714,73365,-15.74969,-47.927246,brasilia,DF
14715,73366,-15.748649,-47.925066,brasilia,DF
14716,73367,-15.746777,-47.922968,brasília,DF
14717,73368,-15.74973,-47.927174,brasilia,DF
14718,73370,-15.653103,-47.644345,brasilia,DF
14719,73375,-15.792337,-47.851812,brasilia,DF
14720,73380,-15.611163,-47.679103,brasilia,DF
14721,73403,-15.792914,-47.85562,brasília,DF
14722,73700,-15.169692,-48.28366,padre bernardo,GO
14723,73730,-15.058481,-48.161432,mimoso de goias,GO
14724,73740,-14.152419,-48.074294,colinas do sul,GO
14725,73750,-15.452842,-47.602269,planaltina,GO
14726,73751,-15.43804,-47.605914,planaltina,GO
14727,73752,-15.453417,-47.599223,planaltina,GO
14728,73753,-15.454431,-47.604163,planaltina,GO
14729,73754,-15.49435,-47.636365,planaltina,GO
14730,73755,-15.482401,-47.589635,planaltina,GO
14731,73760,-14.706387,-47.522826,sao joao d'alianca,GO
14732,73770,-14.137993,-47.517216,alto paraiso de goias,GO
14733,73780,-14.974495,-47.784387,agua fria de goias,GO
14734,73790,-13.79453,-47.458302,cavalcante,GO
14735,73795,-13.764676,-47.263436,teresina de goias,GO
14736,73801,-15.541428,-47.337761,formosa,GO
14737,73802,-15.554004,-47.339347,formosa,GO
14738,73803,-15.547841,-47.340878,formosa,GO
14739,73804,-15.561774,-47.344292,formosa,GO
14740,73805,-15.536513,-47.343412,formosa,GO
14741,73807,-15.537866,-47.326836,formosa,GO
14742,73808,-15.538818,-47.306045,formosa,GO
14743,73809,-15.540659,-47.326734,formosa,GO
14744,73813,-15.550227,-47.329513,formosa,GO
14745,73814,-15.553925,-47.29894,formosa,GO
14746,73820,-13.741768,-46.881937,nova roma,GO
14747,73825,-15.03143,-47.065936,vila boa,GO
14748,73830,-13.263177,-46.882595,monte alegre de goias,GO
14749,73840,-13.037239,-46.769742,campos belos,GO
14750,73850,-16.769631,-47.61047,cristalina,GO
14751,73860,-13.406241,-46.315125,sao domingos,GO
14752,73865,-13.284321,-46.422388,divinopolis de goias,GO
14753,73870,-15.805135,-46.93091,cabeceiras,GO
14754,73890,-14.479601,-47.003397,flores de goias,GO
14755,73900,-14.087491,-46.361522,posse,GO
14756,73910,-13.912892,-46.454674,guarani de goias,GO
14757,73920,-14.10111,-46.634256,iaciara,GO
14758,73930,-14.468715,-46.482567,simolandia,GO
14759,73950,-14.485091,-46.507534,alvorada do norte,GO
14760,73970,-14.494294,-46.111902,mambai,GO
14761,73975,-14.455765,-46.436024,buritinopolis,GO
14762,73980,-14.559384,-46.174531,damianopolis,GO
14763,73990,-14.803551,-46.254998,sitio d'abadia,GO
14764,74001,-16.68034,-49.254444,goiânia,GO
14765,74003,-16.680719,-49.256911,goiania,GO
14766,74005,-16.651296,-49.264272,goiania,GO
14767,74010,-16.665331,-49.260596,goiânia,GO
14768,74013,-16.674569,-49.259559,goiania,GO
14769,74015,-16.678008,-49.259937,goiania,GO
14770,74020,-16.672899,-49.256915,goiania,GO
14771,74023,-16.673489,-49.256751,goiania,GO
14772,74025,-16.673697,-49.261451,goiania,GO
14773,74030,-16.676619,-49.25344,goiania,GO
14774,74040,-16.674044,-49.255713,goiania,GO
14775,74043,-16.675146,-49.259777,goiania,GO
14776,74045,-16.666897,-49.263671,goiania,GO
14777,74050,-16.667678,-49.260543,goiania,GO
14778,74053,-16.667648,-49.260285,goiania,GO
14779,74055,-16.667031,-49.257359,goiania,GO
14780,74063,-16.65997,-49.261662,goiania,GO
14781,74070,-16.669307,-49.268487,goiania,GO
14782,74075,-16.673609,-49.269558,goiania,GO
14783,74080,-16.687775,-49.255943,goiania,GO
14784,74083,-16.684073,-49.251521,goiania,GO
14785,74085,-16.696372,-49.252843,goiania,GO
14786,74093,-16.69469,-49.255926,goiania,GO
14787,74110,-16.680455,-49.269614,goiania,GO
14788,74115,-16.685796,-49.264743,goiania,GO
14789,74120,-16.689091,-49.267018,goiania,GO
14790,74125,-16.676872,-49.273691,goiania,GO
14791,74130,-16.686617,-49.271851,goiania,GO
14792,74140,-16.689599,-49.271639,goiania,GO
14793,74150,-16.697027,-49.267215,goiania,GO
14794,74160,-16.696447,-49.264524,goiania,GO
14795,74170,-16.695908,-49.261916,goiania,GO
14796,74175,-16.704347,-49.261663,goiania,GO
14797,74180,-16.700262,-49.256385,goiania,GO
14798,74210,-16.694152,-49.279095,goiania,GO
14799,74215,-16.697714,-49.27614,goiania,GO
14800,74223,-16.708711,-49.267366,goiania,GO
14801,74230,-16.71497,-49.268188,goiania,GO
14802,74250,-16.717414,-49.288126,goiania,GO
14803,74255,-16.709627,-49.289011,goiania,GO
14804,74265,-16.697001,-49.288997,goiania,GO
14805,74270,-16.701232,-49.283461,goiania,GO
14806,74275,-16.714211,-49.280759,goiania,GO
14807,74280,-16.716278,-49.272877,goiania,GO
14808,74290,-16.708974,-49.276644,goiania,GO
14809,74303,-16.701,-49.305929,goiania,GO
14810,74305,-16.69488,-49.296751,goiania,GO
14811,74310,-16.693207,-49.290097,goiania,GO
14812,74313,-16.70869,-49.303539,goiania,GO
14813,74315,-16.701265,-49.28543,goiania,GO
14814,74320,-16.694049,-49.311753,goiania,GO
14815,74323,-16.690438,-49.327015,goiania,GO
14816,74325,-16.709839,-49.311225,goiania,GO
14817,74330,-16.708557,-49.309793,goiania,GO
14818,74333,-16.711611,-49.304722,goiania,GO
14819,74335,-16.720089,-49.300171,goiania,GO
14820,74339,-16.713452,-49.316267,goiania,GO
14821,74340,-16.718395,-49.309001,goiania,GO
14822,74343,-16.735694,-49.30232,goiania,GO
14823,74345,-16.744611,-49.299994,goiania,GO
14824,74350,-16.740857,-49.3163,goiania,GO
14825,74351,-16.682062,-49.291076,goiania,GO
14826,74353,-16.742202,-49.328593,goiania,GO
14827,74354,-16.778072,-49.358901,goiania,GO
14828,74355,-16.780291,-49.361005,goiania,GO
14829,74356,-16.785118,-49.371099,goiania,GO
14830,74357,-16.746451,-49.333972,goiania,GO
14831,74360,-16.729731,-49.319832,goiania,GO
14832,74363,-16.713217,-49.320066,goiania,GO
14833,74365,-16.720228,-49.316199,goiania,GO
14834,74366,-16.714845,-49.327909,goiania,GO
14835,74367,-16.708417,-49.327233,goiania,GO
14836,74369,-16.743879,-49.345126,goiania,GO
14837,74370,-16.724843,-49.341152,goiania,GO
14838,74371,-16.733152,-49.346023,goiania,GO
14839,74372,-16.747748,-49.3674,goiania,GO
14840,74373,-16.709025,-49.32391,goiania,GO
14841,74375,-16.688046,-49.313909,goiania,GO
14842,74390,-16.676014,-49.322831,goiania,GO
14843,74391,-16.706065,-49.354653,goiania,GO
14844,74392,-16.709762,-49.366921,goiania,GO
14845,74393,-16.72695,-49.367572,goiania,GO
14846,74394,-16.729658,-49.398253,goiania,GO
14847,74395,-16.729036,-49.366324,goiania,GO
14848,74403,-16.67735,-49.298723,goiania,GO
14849,74405,-16.680161,-49.295487,goiania,GO
14850,74410,-16.6859,-49.296481,goiania,GO
14851,74413,-16.682843,-49.298522,goiania,GO
14852,74415,-16.68921,-49.313752,goiania,GO
14853,74420,-16.671113,-49.305169,goiania,GO
14854,74423,-16.680538,-49.312878,goiania,GO
14855,74425,-16.679036,-49.313558,goiania,GO
14856,74430,-16.671769,-49.307002,goiania,GO
14857,74433,-16.663214,-49.311576,goiania,GO
14858,74435,-16.665129,-49.300779,goiania,GO
14859,74440,-16.658138,-49.302085,goiania,GO
14860,74445,-16.64817,-49.304495,goiania,GO
14861,74450,-16.657527,-49.323281,goiania,GO
14862,74453,-16.659856,-49.330334,goiania,GO
14863,74455,-16.65119,-49.320685,goiania,GO
14864,74460,-16.658402,-49.333349,goiania,GO
14865,74461,-16.658565,-49.356073,goiania,GO
14866,74463,-16.648536,-49.332089,goiania,GO
14867,74464,-16.655862,-49.35485,goiania,GO
14868,74465,-16.641817,-49.325044,goiania,GO
14869,74470,-16.630814,-49.357718,goiania,GO
14870,74471,-16.646422,-49.346548,goiania,GO
14871,74473,-16.62077,-49.31921,goiania,GO
14872,74474,-16.614059,-49.316222,goiania,GO
14873,74475,-16.61087,-49.324922,goiania,GO
14874,74476,-16.610328,-49.347444,goiânia,GO
14875,74477,-16.59021,-49.352497,goiania,GO
14876,74480,-16.612291,-49.344411,goiania,GO
14877,74481,-16.6014,-49.333295,goiania,GO
14878,74483,-16.684587,-49.348219,goiania,GO
14879,74484,-16.701061,-49.35457,goiania,GO
14880,74485,-16.676175,-49.344507,goiania,GO
14881,74486,-16.679322,-49.332437,goiania,GO
14882,74487,-16.703865,-49.374902,goiania,GO
14883,74490,-16.685475,-49.407049,goiania,GO
14884,74491,-16.675656,-49.423187,goiania,GO
14885,74492,-16.677263,-49.357223,goiania,GO
14886,74493,-16.661299,-49.385127,goiania,GO
14887,74494,-16.6865,-49.394702,goiania,GO
14888,74495,-16.676067,-49.379002,goiania,GO
14889,74496,-16.651654,-49.383264,goiania,GO
14890,74503,-16.671081,-49.294146,goiania,GO
14891,74505,-16.667859,-49.294606,goiania,GO
14892,74510,-16.655789,-49.312964,goiania,GO
14893,74513,-16.674231,-49.29056,goiania,GO
14894,74515,-16.672813,-49.295173,goiania,GO
14895,74520,-16.665248,-49.293595,goiania,GO
14896,74523,-16.659635,-49.289643,goiania,GO
14897,74525,-16.66905,-49.28927,goiania,GO
14898,74530,-16.6808,-49.288006,goiania,GO
14899,74533,-16.68043,-49.27433,goiania,GO
14900,74535,-16.679653,-49.281793,goiania,GO
14901,74543,-16.670348,-49.277015,goiania,GO
14902,74550,-16.663751,-49.281874,goiania,GO
14903,74553,-16.673087,-49.287771,goiania,GO
14904,74555,-16.654519,-49.278855,goiania,GO
14905,74560,-16.659026,-49.274132,goiania,GO
14906,74563,-16.651181,-49.267864,goiania,GO
14907,74565,-16.638282,-49.280909,goiania,GO
14908,74573,-16.638372,-49.283815,goiania,GO
14909,74574,-16.646002,-49.279215,goiania,GO
14910,74575,-16.651123,-49.286941,goiania,GO
14911,74580,-16.650534,-49.299784,goiania,GO
14912,74583,-16.63637,-49.301503,goiania,GO
14913,74584,-16.628759,-49.298828,goiania,GO
14914,74590,-16.611999,-49.29658,goiania,GO
14915,74591,-16.617192,-49.287641,goiania,GO
14916,74593,-16.620068,-49.292994,goiania,GO
14917,74594,-16.621688,-49.301029,goiania,GO
14918,74595,-16.625539,-49.294462,goiania,GO
14919,74603,-16.680774,-49.240311,goiania,GO
14920,74605,-16.676443,-49.244122,goiania,GO
14921,74610,-16.674511,-49.237426,goiania,GO
14922,74611,-16.675153,-49.233028,goiania,GO
14923,74615,-16.67633,-49.232924,goiania,GO
14924,74620,-16.666591,-49.226078,goiania,GO
14925,74630,-16.662715,-49.225126,goiania,GO
14926,74633,-16.667527,-49.246775,goiania,GO
14927,74635,-16.660945,-49.239917,goiania,GO
14928,74640,-16.668355,-49.241669,goiania,GO
14929,74643,-16.670615,-49.246317,goiania,GO
14930,74645,-16.662386,-49.246038,goiania,GO
14931,74650,-16.654564,-49.244107,goiania,GO
14932,74653,-16.656754,-49.252032,goiania,GO
14933,74655,-16.653627,-49.257812,goiania,GO
14934,74660,-16.648221,-49.25965,goiania,GO
14935,74663,-16.629831,-49.258514,goiania,GO
14936,74665,-16.621329,-49.253834,goiania,GO
14937,74670,-16.639732,-49.240329,goiania,GO
14938,74672,-16.63407,-49.234817,goiania,GO
14939,74673,-16.648567,-49.237965,goiania,GO
14940,74674,-16.641053,-49.228587,goiania,GO
14941,74675,-16.621394,-49.217623,goiania,GO
14942,74680,-16.626777,-49.222502,goiania,GO
14943,74681,-16.622692,-49.195172,goiania,GO
14944,74682,-16.507688,-49.437324,goiania,GO
14945,74683,-16.611688,-49.218516,goiania,GO
14946,74684,-16.599496,-49.209646,goiania,GO
14947,74685,-16.622101,-49.251896,goiania,GO
14948,74686,-16.556178,-49.244786,goiania,GO
14949,74690,-16.622494,-49.252876,goiania,GO
14950,74691,-16.591023,-49.281307,goiania,GO
14951,74692,-16.584082,-49.264868,goiania,GO
14952,74693,-16.543065,-49.2829,goiania,GO
14953,74703,-16.663748,-49.217377,goiania,GO
14954,74705,-16.67063,-49.222224,goiania,GO
14955,74710,-16.6746,-49.214827,goiania,GO
14956,74711,-16.670715,-49.225415,goiania,GO
14957,74713,-16.675156,-49.228334,goiania,GO
14958,74715,-16.69041,-49.230311,goiania,GO
14959,74720,-16.685015,-49.246182,goiania,GO
14960,74723,-16.695768,-49.221729,goiania,GO
14961,74730,-16.693433,-49.215375,goiania,GO
14962,74735,-16.682181,-49.203808,goiania,GO
14963,74740,-16.692373,-49.225759,goiania,GO
14964,74765,-16.645557,-49.225638,goiania,GO
14965,74766,-16.667088,-49.18061,goiania,GO
14966,74767,-16.667913,-49.194272,goiania,GO
14967,74769,-16.645812,-49.201664,goiania,GO
14968,74770,-16.656531,-49.192788,goiania,GO
14969,74775,-16.651242,-49.211218,goiania,GO
14970,74780,-16.651611,-49.19032,goiania,GO
14971,74781,-16.651748,-49.199744,goiania,GO
14972,74783,-16.64708,-49.29002,goiania,GO
14973,74785,-16.644755,-49.185845,goiania,GO
14974,74786,-16.646858,-49.179849,goiania,GO
14975,74805,-16.690319,-49.241648,goiania,GO
14976,74810,-16.702689,-49.238985,goiania,GO
14977,74815,-16.701248,-49.252874,goiania,GO
14978,74817,-16.713203,-49.243771,goiânia,GO
14979,74820,-16.706658,-49.24882,goiania,GO
14980,74823,-16.715558,-49.259703,goiania,GO
14981,74825,-16.718012,-49.252425,goiania,GO
14982,74830,-16.712389,-49.261725,goiania,GO
14983,74835,-16.72202,-49.275736,goiania,GO
14984,74840,-16.736464,-49.277415,goiania,GO
14985,74843,-16.719946,-49.293692,goiania,GO
14986,74845,-16.717143,-49.242815,goiania,GO
14987,74850,-16.701248,-49.239304,goiania,GO
14988,74853,-16.729474,-49.247721,goiania,GO
14989,74855,-16.72613,-49.225977,goiania,GO
14990,74860,-16.7228,-49.225477,goiania,GO
14991,74863,-16.709925,-49.260753,goiania,GO
14992,74865,-16.704898,-49.22702,goiania,GO
14993,74870,-16.728951,-49.218089,goiania,GO
14994,74883,-16.683425,-49.231163,goiania,GO
14995,74884,-16.708896,-49.19934,goiania,GO
14996,74885,-16.704512,-49.245472,goiania,GO
14997,74886,-16.725834,-49.212229,goiania,GO
14998,74890,-16.747128,-49.202047,goiania,GO
14999,74893,-16.737589,-49.202423,goiania,GO
15000,74905,-16.738992,-49.258349,aparecida de goiania,GO
15001,74910,-16.746546,-49.249091,aparecida de goiania,GO
15002,74911,-16.738437,-49.244972,aparecida de goiania,GO
15003,74912,-16.742007,-49.24076,aparecida de goiania,GO
15004,74913,-16.762077,-49.26088,aparecida de goiania,GO
15005,74914,-16.753305,-49.260424,aparecida de goiania,GO
15006,74915,-16.745414,-49.270303,aparecida de goiania,GO
15007,74916,-16.752632,-49.280893,aparecida de goiania,GO
15008,74917,-16.760757,-49.273303,aparecida de goiania,GO
15009,74919,-16.770851,-49.25072,aparecida de goiania,GO
15010,74920,-16.757939,-49.256322,aparecida de goiania,GO
15011,74921,-16.756993,-49.214286,aparecida de goiania,GO
15012,74922,-16.749792,-49.224493,aparecida de goiania,GO
15013,74923,-16.776555,-49.229336,aparecida de goiania,GO
15014,74924,-16.785471,-49.216159,aparecida de goiania,GO
15015,74926,-16.756619,-49.209278,aparecida de goiania,GO
15016,74927,-16.75599,-49.205853,aparecida de goiania,GO
15017,74930,-16.766595,-49.339757,aparecida de goiania,GO
15018,74932,-16.761127,-49.335751,aparecida de goiania,GO
15019,74933,-16.754814,-49.319077,aparecida de goiania,GO
15020,74934,-16.774078,-49.309428,aparecida de goiania,GO
15021,74935,-16.751391,-49.296238,aparecida de goiania,GO
15022,74936,-16.762387,-49.293591,aparecida de goiania,GO
15023,74937,-16.773312,-49.295001,aparecida de goiania,GO
15024,74938,-16.752852,-49.287637,aparecida de goiania,GO
15025,74940,-16.7871,-49.287121,aparecida de goiania,GO
15026,74942,-16.784409,-49.314439,aparecida de goiania,GO
15027,74943,-16.776495,-49.330116,aparecida de goiania,GO
15028,74944,-16.786551,-49.327571,aparecida de goiania,GO
15029,74945,-16.789704,-49.333486,aparecida de goiania,GO
15030,74946,-16.775284,-49.344392,aparecida de goiania,GO
15031,74947,-16.797695,-49.348324,aparecida de goiania,GO
15032,74948,-16.809423,-49.351143,aparecida de goiania,GO
15033,74950,-16.779377,-49.275368,aparecida de goiania,GO
15034,74952,-16.774953,-49.274451,aparecida de goiania,GO
15035,74953,-16.784453,-49.291099,aparecida de goiania,GO
15036,74954,-16.792074,-49.277635,aparecida de goiania,GO
15037,74955,-16.806286,-49.283031,aparecida de goiania,GO
15038,74956,-16.801107,-49.2933,aparecida de goiania,GO
15039,74957,-16.806509,-49.309985,aparecida de goiania,GO
15040,74958,-16.801399,-49.318683,aparecida de goiania,GO
15041,74959,-16.818913,-49.310334,aparecida de goiania,GO
15042,74960,-16.799345,-49.31585,aparecida de goiania,GO
15043,74961,-16.811298,-49.321471,aparecida de goiania,GO
15044,74962,-16.816164,-49.341347,aparecida de goiania,GO
15045,74963,-16.818569,-49.358417,aparecida de goiania,GO
15046,74965,-16.832641,-49.365642,aparecida de goiânia,GO
15047,74966,-16.825127,-49.297354,aparecida de goiania,GO
15048,74967,-16.816692,-49.290795,aparecida de goiania,GO
15049,74968,-16.819231,-49.262957,aparecida de goiania,GO
15050,74969,-16.816035,-49.281863,aparecida de goiania,GO
15051,74970,-16.826803,-49.285824,aparecida de goiania,GO
15052,74971,-16.83221,-49.275858,aparecida de goiania,GO
15053,74973,-16.826085,-49.252512,aparecida de goiania,GO
15054,74975,-16.838343,-49.249194,aparecida de goiania,GO
15055,74976,-16.825645,-49.244793,aparecida de goiania,GO
15056,74980,-16.822834,-49.250203,aparecida de goiania,GO
15057,74981,-16.811435,-49.241468,aparecida de goiania,GO
15058,74982,-16.800688,-49.244869,aparecida de goiania,GO
15059,74983,-16.788881,-49.244119,aparecida de goiania,GO
15060,74984,-16.790909,-49.243163,aparecida de goiania,GO
15061,74985,-16.79506,-49.258945,aparecida de goiania,GO
15062,74986,-16.816204,-49.234354,aparecida de goiania,GO
15063,74987,-16.823089,-49.234002,aparecida de goiania,GO
15064,74988,-16.833819,-49.223304,aparecida de goiania,GO
15065,74989,-16.844916,-49.23698,aparecida de goiânia,GO
15066,74990,-16.828065,-49.237591,aparecida de goiania,GO
15067,74993,-16.813143,-49.219335,aparecida de goiânia,GO
15068,75020,-16.324534,-48.952636,anapolis,GO
15069,75023,-16.334154,-48.95995,anapolis,GO
15070,75024,-16.328168,-48.959193,anapolis,GO
15071,75025,-16.332782,-48.958454,anapolis,GO
15072,75040,-16.312683,-48.956623,anapolis,GO
15073,75043,-16.324474,-48.958592,anapolis,GO
15074,75044,-16.320836,-48.965657,anapolis,GO
15075,75045,-16.313077,-48.961703,anapolis,GO
15076,75050,-16.29867,-48.971477,anapolis,GO
15077,75053,-16.290871,-48.967102,anapolis,GO
15078,75054,-16.269554,-48.984207,anapolis,GO
15079,75060,-16.302631,-48.959657,anapolis,GO
15080,75063,-16.287855,-48.956686,anapolis,GO
15081,75064,-16.290143,-48.969147,anapolis,GO
15082,75065,-16.28369,-48.964715,anapolis,GO
15083,75066,-16.277415,-48.979363,anapolis,GO
15084,75070,-16.310996,-48.947198,anapolis,GO
15085,75071,-16.282594,-48.942952,anapolis,GO
15086,75072,-16.278563,-48.935406,anapolis,GO
15087,75073,-16.257216,-48.961649,anapolis,GO
15088,75074,-16.278033,-48.928251,anapolis,GO
15089,75075,-16.303275,-48.938723,anapolis,GO
15090,75076,-16.303635,-48.926678,anapolis,GO
15091,75080,-16.318004,-48.94662,anapolis,GO
15092,75083,-16.303741,-48.946055,anapolis,GO
15093,75084,-16.310965,-48.938834,anapolis,GO
15094,75085,-16.284583,-48.922385,anapolis,GO
15095,75090,-16.305554,-48.897742,anápolis,GO
15096,75091,-16.315124,-48.903451,anapolis,GO
15097,75093,-16.32289,-48.915527,anapolis,GO
15098,75094,-16.322576,-48.929285,anapolis,GO
15099,75095,-16.338543,-48.921074,anapolis,GO
15100,75096,-16.327223,-48.928658,anapolis,GO
15101,75097,-16.322742,-48.921096,anapolis,GO
15102,75100,-16.356678,-48.940205,anapolis,GO
15103,75101,-16.337107,-48.903665,anapolis,GO
15104,75102,-16.373441,-48.822395,anapolis,GO
15105,75103,-16.350642,-48.906149,anapolis,GO
15106,75104,-16.355057,-48.912651,anapolis,GO
15107,75105,-16.363778,-48.940813,anapolis,GO
15108,75106,-16.365734,-48.949653,anapolis,GO
15109,75110,-16.333439,-48.94054,anapolis,GO
15110,75113,-16.326908,-48.941706,anapolis,GO
15111,75114,-16.340829,-48.937823,anapolis,GO
15112,75115,-16.343892,-48.945715,anapolis,GO
15113,75120,-16.34108,-48.961096,anapolis,GO
15114,75123,-16.349416,-48.955053,anapolis,GO
15115,75124,-16.359146,-48.966685,anapolis,GO
15116,75125,-16.35286,-48.953974,anapolis,GO
15117,75126,-16.335052,-48.953139,anapolis,GO
15118,75130,-16.369022,-48.966672,anapolis,GO
15119,75131,-16.37395,-48.973686,anapolis,GO
15120,75132,-16.385466,-48.935144,anapolis,GO
15121,75133,-16.381092,-48.957732,anapolis,GO
15122,75134,-16.356671,-48.981883,anapolis,GO
15123,75135,-16.385701,-48.980724,anapolis,GO
15124,75136,-16.391064,-48.982926,anapolis,GO
15125,75140,-16.332121,-48.967457,anapolis,GO
15126,75143,-16.336912,-48.971928,anapolis,GO
15127,75144,-16.327772,-48.985683,anapolis,GO
15128,75145,-16.346651,-48.973106,anapolis,GO
15129,75154,-16.869901,-49.855602,sousania,GO
15130,75160,-16.295374,-49.090704,campo limpo de goias,GO
15131,75165,-16.21849,-49.196336,ouro verde de goias,GO
15132,75170,-16.506748,-49.019926,goianapolis,GO
15133,75175,-16.480988,-49.094156,terezopolis de goias,GO
15134,75180,-16.663248,-48.610081,silvania,GO
15135,75184,-16.452654,-48.699164,gameleira de goias,GO
15136,75185,-17.044378,-48.666684,sao miguel do passa quatro,GO
15137,75190,-16.619399,-48.751745,leopoldo de bulhoes,GO
15138,75195,-16.613157,-48.964425,bonfinopolis,GO
15139,75200,-17.304478,-48.282431,pires do rio,GO
15140,75202,-18.199245,-47.941801,catalão,GO
15141,75210,-17.325672,-48.426754,palmelo,GO
15142,75220,-17.306083,-48.501689,santa cruz de goias,GO
15143,75230,-17.196873,-48.706222,cristianopolis,GO
15144,75240,-16.970919,-48.950756,bela vista de goias,GO
15145,75245,-16.71446,-49.000899,caldazinha,GO
15146,75250,-16.691652,-49.115838,senador canedo,GO
15147,75251,-16.713163,-49.103752,senador canedo,GO
15148,75254,-16.701718,-49.141942,senador canedo,GO
15149,75255,-16.66774,-49.17224,senador canedo,GO
15150,75256,-16.652809,-49.153861,senador canedo,GO
15151,75258,-16.67543,-49.110498,senador canedo,GO
15152,75259,-16.687151,-49.10423,senador canedo,GO
15153,75260,-16.72435,-48.75915,senador canedo,GO
15154,75261,-16.698254,-49.096185,senador canedo,GO
15155,75262,-16.702839,-49.093367,senador canedo,GO
15156,75263,-16.715705,-49.09517,senador canedo,GO
15157,75264,-16.688838,-49.089381,senador canedo,GO
15158,75265,-16.74515,-48.514783,vianopolis,GO
15159,75280,-17.032069,-48.299924,orizona,GO
15160,75340,-16.96233,-49.229481,hidrolandia,GO
15161,75345,-16.767161,-49.438178,abadia de goias,GO
15162,75350,-16.837124,-49.536356,guapo,GO
15163,75355,-17.047355,-49.630991,varjao,GO
15164,75360,-16.910837,-49.449766,aragoiania,GO
15165,75370,-16.513671,-49.418602,goianira,GO
15166,75375,-16.492954,-49.311908,santo antonio de goias,GO
15167,75380,-16.637965,-49.421384,trindade,GO
15168,75381,-16.59111,-49.39673,trindade,GO
15169,75382,-16.629666,-49.406385,trindade,GO
15170,75383,-16.639941,-49.419541,trindade,GO
15171,75384,-16.638179,-49.437957,trindade,GO
15172,75386,-16.651004,-49.469674,trindade,GO
15173,75387,-16.644067,-49.478977,trindade,GO
15174,75388,-16.652866,-49.482299,trindade,GO
15175,75389,-16.667978,-49.486931,trindade,GO
15176,75390,-16.65629,-49.512109,trindade,GO
15177,75391,-16.654471,-49.497342,trindade,GO
15178,75392,-16.643682,-49.485978,trindade,GO
15179,75393,-16.639956,-49.501772,trindade,GO
15180,75395,-16.470582,-49.760408,avelinopolis,GO
15181,75396,-16.762699,-49.695901,campestre de goias,GO
15182,75398,-16.574825,-49.695553,santa barbara de goias,GO
15183,75400,-16.361441,-49.496768,inhumas,GO
15184,75410,-16.355692,-49.682654,aracu,GO
15185,75420,-16.254141,-49.368187,damolandia,GO
15186,75430,-16.445186,-49.496069,caturai,GO
15187,75440,-16.432174,-49.386866,brazabrantes,GO
15188,75450,-16.203634,-49.607369,itaucu,GO
15189,75455,-16.080539,-49.490065,santa rosa de goias,GO
15190,75460,-16.405957,-49.22132,neropolis,GO
15191,75470,-16.372802,-49.316667,nova veneza,GO
15192,75480,-16.103686,-49.332098,petrolina de goias,GO
15193,75490,-15.932887,-49.26276,sao francisco de goias,GO
15194,75495,-15.955098,-49.384388,jesupolis,GO
15195,75503,-18.417411,-49.216755,itumbiara,GO
15196,75510,-18.409995,-49.219932,itumbiara,GO
15197,75513,-18.40154,-49.2163,itumbiara,GO
15198,75514,-18.383603,-49.216753,itumbiara,GO
15199,75515,-18.380376,-49.215411,itumbiara,GO
15200,75516,-18.398375,-49.208399,itumbiara,GO
15201,75520,-18.391232,-49.197897,itumbiara,GO
15202,75522,-18.410207,-49.200452,itumbiara,GO
15203,75523,-18.409153,-49.206833,itumbiara,GO
15204,75524,-18.429976,-49.21509,itumbiara,GO
15205,75526,-18.424958,-49.228235,itumbiara,GO
15206,75528,-18.39778,-49.240845,itumbiara,GO
15207,75530,-18.415846,-49.227211,itumbiara,GO
15208,75532,-18.409438,-49.241569,itumbiara,GO
15209,75533,-18.405853,-49.241674,itumbiara,GO
15210,75534,-18.420397,-49.247334,itumbiara,GO
15211,75535,-18.412002,-49.2664,itumbiara,GO
15212,75536,-18.411526,-49.247246,itumbiara,GO
15213,75550,-18.487111,-49.992435,inaciolandia,GO
15214,75555,-17.733166,-49.804537,vicentinopolis,GO
15215,75560,-18.493034,-49.482245,cachoeira dourada,GO
15216,75570,-18.216233,-49.738523,bom jesus,GO
15217,75580,-18.182668,-49.353477,panama,GO
15218,75600,-18.012371,-49.368201,goiatuba,GO
15219,75603,-17.813118,-50.163495,porteirao,GO
15220,75610,-17.805713,-49.621656,joviania,GO
15221,75615,-17.729603,-49.477599,aloandia,GO
15222,75620,-17.518672,-49.450985,pontalina,GO
15223,75630,-17.297301,-49.492303,mairipotaba,GO
15224,75635,-17.289032,-49.375334,crominia,GO
15225,75640,-17.303261,-49.025914,piracanjuba,GO
15226,75645,-17.253069,-49.245145,professor jamil,GO
15227,75650,-17.733108,-49.11374,morrinhos,GO
15228,75660,-18.136396,-49.041029,buriti alegre,GO
15229,75665,-18.076322,-48.761604,agua limpa,GO
15230,75670,-17.979562,-48.644984,marzagao,GO
15231,75680,-18.14087,-48.563752,corumbaiba,GO
15232,75690,-17.740123,-48.619306,caldas novas,GO
15233,75695,-17.797636,-48.761568,rio quente,GO
15234,75701,-18.171167,-47.946888,catalao,GO
15235,75702,-18.162161,-47.95278,catalao,GO
15236,75703,-18.15934,-47.940526,catalao,GO
15237,75704,-18.158709,-47.935393,catalao,GO
15238,75705,-18.146488,-47.925484,catalao,GO
15239,75706,-18.162007,-47.925156,catalao,GO
15240,75707,-18.169983,-47.935323,catalao,GO
15241,75708,-18.170735,-47.921001,catalao,GO
15242,75709,-18.179101,-47.945745,catalao,GO
15243,75710,-18.203686,-47.938585,catalao,GO
15244,75711,-18.169079,-47.969246,catalao,GO
15245,75712,-18.164396,-47.958669,catalao,GO
15246,75713,-18.165871,-47.953791,catalao,GO
15247,75714,-17.831421,-47.478185,santo antonio do rio verde,GO
15248,75715,-18.232604,-47.834091,ouvidor,GO
15249,75720,-18.361393,-47.779259,tres ranchos,GO
15250,75730,-18.154181,-47.561352,davinopolis,GO
15251,75740,-18.134272,-48.086811,goiandira,GO
15252,75750,-18.058841,-48.256242,nova aurora,GO
15253,75760,-18.264754,-48.149794,cumari,GO
15254,75770,-18.339833,-48.219371,anhanguera,GO
15255,75780,-17.709584,-48.150842,ipameri,GO
15256,75790,-17.464535,-48.202577,urutai,GO
15257,75795,-17.635396,-47.776198,campo alegre de goias,GO
15258,75800,-17.884803,-51.717167,jatai,GO
15259,75801,-17.895216,-51.715566,jatai,GO
15260,75802,-17.899839,-51.731036,jatai,GO
15261,75803,-17.888491,-51.732868,jatai,GO
15262,75804,-17.877882,-51.729831,jatai,GO
15263,75805,-17.873584,-51.726826,jatai,GO
15264,75806,-17.864937,-51.713619,jatai,GO
15265,75807,-17.879448,-51.705958,jatai,GO
15266,75810,-18.763198,-51.346793,itaruma,GO
15267,75813,-18.567123,-51.134559,cacu,GO
15268,75814,-18.556727,-51.135392,cacu,GO
15269,75815,-19.065427,-51.549159,itaja,GO
15270,75819,-19.183508,-51.399688,lagoa santa,GO
15271,75820,-18.307015,-51.958391,serranopolis,GO
15272,75822,-18.311621,-51.954097,serranopolis,GO
15273,75823,-17.528448,-52.064499,perolandia,GO
15274,75825,-18.962628,-51.926942,apore,GO
15275,75827,-18.287735,-51.158495,aparecida do rio doce,GO
15276,75828,-18.396735,-52.663183,chapadao do ceu,GO
15277,75830,-17.557721,-52.550322,mineiros,GO
15278,75831,-17.560862,-52.559655,mineiros,GO
15279,75832,-17.554516,-52.5493,mineiros,GO
15280,75833,-17.555151,-52.547995,mineiros,GO
15281,75834,-17.542151,-52.543046,mineiros,GO
15282,75835,-17.354721,-52.679137,portelandia,GO
15283,75836,-17.569465,-52.536247,mineiros,GO
15284,75837,-17.55428,-52.542913,mineiros,GO
15285,75838,-17.579539,-52.549004,mineiros,GO
15286,75840,-17.32366,-53.198555,santa rita do araguaia,GO
15287,75843,-17.357162,-52.678264,portelandia,GO
15288,75845,-16.74473,-51.529463,palestina de goias,GO
15289,75850,-16.956466,-51.813284,caiaponia,GO
15290,75855,-16.728311,-52.321534,doverlandia,GO
15291,75860,-18.446136,-50.451271,quirinopolis,GO
15292,75865,-18.439389,-50.138402,gouvelandia,GO
15293,75870,-18.753473,-50.946906,cachoeira alta,GO
15294,75880,-18.905083,-50.650256,paranaiguara,GO
15295,75890,-18.998927,-50.548996,sao simao,GO
15296,75893,-17.651044,-49.778579,itaguacu,GO
15297,75900,-17.867023,-50.82712,rio verde,GO
15298,75901,-17.806122,-50.913304,rio verde,GO
15299,75902,-17.792575,-50.926095,rio verde,GO
15300,75903,-17.782743,-50.917956,rio verde,GO
15301,75904,-17.777999,-50.903245,rio verde,GO
15302,75905,-17.804259,-50.893357,rio verde,GO
15303,75906,-17.804487,-50.921582,rio verde,GO
15304,75907,-17.814994,-50.934435,rio verde,GO
15305,75908,-17.800578,-50.946693,rio verde,GO
15306,75909,-17.784796,-50.954842,rio verde,GO
15307,75910,-17.75282,-50.913603,rio verde,GO
15308,75911,-17.829114,-50.852504,rio verde,GO
15309,75912,-17.836192,-50.944353,rio verde,GO
15310,75913,-17.806676,-50.926613,rio verde,GO
15311,75914,-18.100148,-50.5614,ouroana,GO
15312,75915,-17.438731,-51.178809,montividiu,GO
15313,75920,-17.813801,-50.596976,santa helena de goias,GO
15314,75925,-18.089046,-50.220115,castelandia,GO
15315,75930,-17.975686,-50.339268,maurilandia,GO
15316,75935,-17.559546,-50.636073,santo antonio da barra,GO
15317,75940,-17.339575,-49.929004,edeia,GO
15318,75945,-17.422867,-49.673799,edealina,GO
15319,75950,-17.063607,-50.15328,jandaia,GO
15320,75955,-17.144889,-49.992317,indiara,GO
15321,75960,-17.398254,-50.373037,acreuna,GO
15322,75970,-17.852312,-50.305787,turvelandia,GO
15323,75980,-16.964047,-50.457107,parauna,GO
15324,75985,-16.818234,-50.408117,sao joao da parauna,GO
15325,75990,-16.793292,-50.163272,palminopolis,GO
15326,76100,-16.516414,-50.374856,sao luis de montes belos,GO
15327,76105,-16.579479,-50.305735,firminopolis,GO
15328,76110,-16.608937,-50.134095,turvania,GO
15329,76120,-16.680315,-50.465489,aurilandia,GO
15330,76125,-16.667475,-50.645818,cachoeira de goias,GO
15331,76130,-16.608244,-50.790712,ivolandia,GO
15332,76135,-16.543596,-50.739762,moipora,GO
15333,76140,-16.619799,-51.095801,amorinopolis,GO
15334,76145,-16.294531,-50.549304,corrego do ouro,GO
15335,76150,-16.124879,-50.213775,mossamedes,GO
15336,76152,-16.183272,-50.434172,buriti de goias,GO
15337,76155,-16.416263,-50.167602,adelandia,GO
15338,76160,-16.201481,-50.310417,sanclerlandia,GO
15339,76165,-16.253615,-49.981541,americano do brasil,GO
15340,76170,-16.459609,-49.960775,anicuns,GO
15341,76180,-16.581334,-49.883192,nazario,GO
15342,76190,-16.806871,-49.922216,palmeiras de goias,GO
15343,76195,-16.98044,-49.770599,cezarina,GO
15344,76200,-16.439148,-51.116701,ipora,GO
15345,76205,-16.315315,-50.904679,israelandia,GO
15346,76210,-16.183539,-50.95325,jaupaci,GO
15347,76220,-16.182791,-50.785447,fazenda nova,GO
15348,76230,-16.431842,-51.818161,piranhas,GO
15349,76235,-16.385575,-51.559836,arenopolis,GO
15350,76240,-15.907127,-52.237321,aragarcas,GO
15351,76244,-15.897244,-52.233865,aragarças,GO
15352,76245,-16.201544,-52.174785,bom jardim de goias,GO
15353,76250,-16.200376,-52.544148,baliza,GO
15354,76255,-16.004399,-51.395236,montes claros de goias,GO
15355,76260,-16.234468,-51.257944,diorama,GO
15356,76265,-15.769541,-51.102621,santa fe de goias,GO
15357,76270,-15.863814,-50.874384,jussara,GO
15358,76280,-15.243642,-51.164655,britania,GO
15359,76285,-16.034371,-50.710749,novo brasil,GO
15360,76290,-15.817978,-50.618932,itapirapua,GO
15361,76293,-17.804908,-50.92345,jacilandia,GO
15362,76300,-15.307024,-49.605972,ceres,GO
15363,76304,-15.172291,-49.671729,ipiranga de goias,GO
15364,76305,-15.149327,-49.574291,nova gloria,GO
15365,76310,-15.317312,-49.580426,rialma,GO
15366,76315,-15.448355,-49.511627,rianapolis,GO
15367,76320,-15.3023,-49.423905,santa isabel,GO
15368,76330,-15.75081,-49.329823,jaragua,GO
15369,76335,-15.505784,-49.683602,uruana,GO
15370,76340,-15.356895,-49.702355,carmo do rio verde,GO
15371,76343,-15.350782,-49.81909,sao patricio,GO
15372,76345,-15.022067,-49.893398,nova america,GO
15373,76350,-15.163677,-49.80335,rubiataba,GO
15374,76355,-15.315354,-50.057925,morro agudo de goias,GO
15375,76360,-14.957862,-49.548931,itapaci,GO
15376,76365,-14.863426,-49.328646,sao luiz do norte,GO
15377,76370,-14.763707,-49.579896,pilar de goias,GO
15378,76372,-14.763079,-49.578339,pilar de goias,GO
15379,76374,-14.732958,-49.704326,guarinos,GO
15380,76375,-14.72235,-49.468921,hidrolina,GO
15381,76380,-15.318073,-49.120846,goianesia,GO
15382,76381,-15.305443,-49.116222,goianésia,GO
15383,76382,-15.328958,-49.120033,goianesia,GO
15384,76383,-15.337253,-49.103909,goianesia,GO
15385,76385,-15.213522,-49.22435,goianesia,GO
15386,76386,-15.978868,-49.190322,goianesia,GO
15387,76387,-15.303478,-49.126439,goianesia,GO
15388,76388,-15.315055,-49.134871,goianesia,GO
15389,76390,-14.967141,-48.919579,barro alto,GO
15390,76393,-15.34241,-48.84807,vila propicio,GO
15391,76395,-14.913345,-49.059678,santa rita do novo destino,GO
15392,76400,-14.520789,-49.142602,uruacu,GO
15393,76410,-14.313,-49.153656,campinorte,GO
15394,76420,-14.470113,-48.456924,niquelandia,GO
15395,76440,-13.809215,-48.567323,campinacu,GO
15396,76450,-13.528913,-48.219759,minacu,GO
15397,76460,-13.510166,-48.743772,trombas,GO
15398,76465,-13.352843,-48.690562,montividiu do norte,GO
15399,76470,-13.659083,-48.878464,formoso,GO
15400,76480,-13.710698,-49.01622,santa tereza de goias,GO
15401,76485,-13.868971,-49.069073,estrela do norte,GO
15402,76490,-14.018464,-49.178233,mara rosa,GO
15403,76493,-13.902455,-49.404027,amaralina,GO
15404,76495,-14.287632,-49.388669,nova iguacu de goias,GO
15405,76500,-14.430734,-49.710603,santa terezinha de goias,GO
15406,76510,-14.540484,-49.969411,crixas,GO
15407,76515,-14.264871,-49.656724,campos verdes,GO
15408,76520,-14.095881,-50.34085,nova crixas,GO
15409,76523,-14.09911,-50.329886,nova crixás,GO
15410,76525,-14.284241,-49.918223,uirapuru,GO
15411,76530,-13.773117,-50.278494,mundo novo,GO
15412,76540,-13.727411,-49.284838,mutunopolis,GO
15413,76550,-13.438798,-49.146387,porangatu,GO
15414,76555,-13.649576,-49.830409,bonopolis,GO
15415,76560,-14.194184,-49.340763,alto horizonte,GO
15416,76580,-13.240387,-49.508567,novo planalto,GO
15417,76590,-13.261905,-50.162578,sao miguel do araguaia,GO
15418,76600,-15.938762,-50.142582,goias,GO
15419,76630,-16.022909,-49.80047,itaberai,GO
15420,76640,-16.053207,-49.60167,taquaral de goias,GO
15421,76650,-15.920651,-49.60473,itaguari,GO
15422,76660,-15.762269,-49.633345,itaguaru,GO
15423,76670,-15.719988,-49.826468,heitorai,GO
15424,76680,-15.560778,-49.947561,itapuranga,GO
15425,76690,-15.631943,-50.030337,guaraita,GO
15426,76700,-14.751517,-50.567567,mozarlandia,GO
15427,76710,-14.924176,-51.079274,aruana,GO
15428,76720,-15.099922,-50.614205,araguapaz,GO
15429,76730,-15.446118,-50.719407,matrincha,GO
15430,76740,-15.441665,-50.376902,faina,GO
15431,76801,-8.752465,-63.906021,porto velho,RO
15432,76802,-8.735549,-63.904963,porto velho,RO
15433,76803,-8.744158,-63.895866,porto velho,RO
15434,76804,-8.76646,-63.893789,porto velho,RO
15435,76805,-8.778031,-63.90706,porto velho,RO
15436,76806,-8.779583,-63.881235,porto velho,RO
15437,76807,-8.791125,-63.883524,porto velho,RO
15438,76808,-8.793862,-63.890229,porto velho,RO
15439,76810,-8.858836,-64.017284,porto velho,RO
15440,76811,-8.795361,-63.867614,porto velho,RO
15441,76812,-8.77573,-63.85593,porto velho,RO
15442,76813,-8.774959,-63.823376,porto velho,RO
15443,76814,-8.779962,-63.803847,porto velho,RO
15444,76815,-8.800485,-63.719816,porto velho,RO
15445,76817,-8.80799,-63.806071,porto velho,RO
15446,76820,-8.755641,-63.87378,porto velho,RO
15447,76821,-8.737792,-63.876333,porto velho,RO
15448,76822,-8.723066,-63.876385,porto velho,RO
15449,76824,-8.748602,-63.855759,porto velho,RO
15450,76825,-8.745368,-63.84372,porto velho,RO
15451,76828,-8.755925,-63.820871,porto velho,RO
15452,76829,-8.765797,-63.843201,porto velho,RO
15453,76840,-9.08292,-64.218082,jaci parana,RO
15454,76842,-9.295443,-64.546196,mutum parana,RO
15455,76846,-9.656214,-65.738066,porto velho,RO
15456,76847,-11.208615,-61.588629,extrema,RO
15457,76848,-9.763416,-66.619425,nova california,RO
15458,76850,-10.777834,-65.324352,guajara-mirim,RO
15459,76857,-10.403809,-65.289785,nova mamore,RO
15460,76860,-8.814138,-63.664024,candeias do jamari,RO
15461,76861,-9.184296,-63.186346,itapua do oeste,RO
15462,76862,-9.718213,-63.325977,alto paraiso,RO
15463,76863,-9.705982,-62.900007,rio crespo,RO
15464,76864,-9.362649,-62.583085,cujubim,RO
15465,76866,-10.246964,-62.349555,theobroma,RO
15466,76867,-9.857774,-62.174361,vale do anari,RO
15467,76868,-9.429121,-62.010202,machadinho d'oeste,RO
15468,76870,-9.910825,-63.040042,ariquemes,RO
15469,76871,-9.891592,-63.042377,ariquemes,RO
15470,76872,-9.905365,-63.033659,ariquemes,RO
15471,76873,-9.90958,-63.026432,ariquemes,RO
15472,76874,-9.890413,-63.022184,ariquemes,RO
15473,76875,-9.908845,-63.0139,ariquemes,RO
15474,76876,-9.926478,-63.036431,ariquemes,RO
15475,76877,-9.899065,-63.061672,ariquemes,RO
15476,76880,-10.207339,-63.830484,buritis,RO
15477,76887,-10.509968,-63.70835,campo novo de rondonia,RO
15478,76888,-10.255247,-63.309674,monte negro,RO
15479,76889,-10.33951,-62.908737,cacaulandia,RO
15480,76890,-10.437348,-62.473942,jaru,RO
15481,76898,-10.61106,-62.767786,governador jorge teixeira,RO
15482,76900,-10.878537,-61.957454,ji-parana,RO
15483,76901,-10.870144,-61.97594,ji-parana,RO
15484,76904,-10.841917,-61.993062,ji-parana,RO
15485,76906,-10.856144,-61.955433,ji-parana,RO
15486,76907,-10.866379,-61.95109,ji-parana,RO
15487,76908,-10.884108,-61.9197,ji-parana,RO
15488,76909,-10.878213,-61.902258,ji-parana,RO
15489,76912,-10.89734,-61.895644,ji-parana,RO
15490,76913,-10.898672,-61.915511,ji-parana,RO
15491,76914,-10.894632,-61.932859,ji-paraná,RO
15492,76916,-11.170613,-61.905963,presidente medici,RO
15493,76919,-11.18942,-61.524643,ministro andreazza,RO
15494,76920,-10.718937,-62.256548,ouro preto do oeste,RO
15495,76923,-10.416637,-62.127662,vale do paraiso,RO
15496,76924,-10.914372,-62.553753,nova uniao,RO
15497,76926,-11.029134,-62.669821,mirante da serra,RO
15498,76928,-10.933078,-62.256872,teixeiropolis,RO
15499,76929,-11.128943,-62.369954,urupa,RO
15500,76930,-11.347044,-62.28482,alvorada d'oeste,RO
15501,76932,-11.695354,-62.717451,sao miguel do guapore,RO
15502,76934,-11.786327,-63.04387,seringueiras,RO
15503,76935,-12.063939,-63.573064,sao francisco do guapore,RO
15504,76937,-12.381062,-64.21398,costa marques,RO
15505,76940,-11.722181,-61.777476,rolim de moura,RO
15506,76948,-11.428136,-61.950839,castanheiras,RO
15507,76950,-11.904957,-61.780297,santa luzia d'oeste,RO
15508,76952,-12.135586,-61.858065,alto alegre dos parecis,RO
15509,76954,-11.938089,-61.996543,alta floresta d'oeste,RO
15510,76956,-11.712706,-62.019079,novo horizonte do oeste,RO
15511,76958,-11.726052,-62.318359,nova brasilandia d'oeste,RO
15512,76960,-11.424996,-61.47145,cacoal,RO
15513,76961,-11.426604,-61.467425,cacoal,RO
15514,76962,-11.428576,-61.45962,cacoal,RO
15515,76963,-11.43269,-61.443196,cacoal,RO
15516,76964,-11.437733,-61.44341,cacoal,RO
15517,76965,-11.435614,-61.433912,cacoal,RO
15518,76966,-11.438348,-61.429972,cacoal,RO
15519,76967,-11.442897,-61.451503,cacoal,RO
15520,76970,-11.679745,-61.178505,pimenta bueno,RO
15521,76974,-11.525284,-61.014564,espigao do oeste,RO
15522,76976,-11.839642,-61.318944,primavera de rondonia,RO
15523,76977,-11.909669,-61.512214,sao felipe d'oeste,RO
15524,76979,-12.181214,-61.601471,parecis,RO
15525,76980,-12.740198,-60.138218,vilhena,RO
15526,76981,-12.740956,-60.147071,vilhena,RO
15527,76982,-12.722942,-60.13595,vilhena,RO
15528,76983,-12.720253,-60.145284,vilhena,RO
15529,76985,-12.735047,-60.113814,vilhena,RO
15530,76987,-12.742138,-60.116553,vilhena,RO
15531,76988,-12.746158,-60.132471,vilhena,RO
15532,76990,-12.554348,-60.903237,chupinguaia,RO
15533,76993,-13.121103,-60.542166,colorado do oeste,RO
15534,76994,-13.481628,-60.53239,cabixi,RO
15535,76995,-12.997532,-60.944922,corumbiara,RO
15536,76997,-13.192854,-60.823477,cerejeiras,RO
15537,76999,-13.480879,-61.045827,pimenteiras do oeste,RO
15538,77001,-10.168343,-48.341282,palmas,TO
15539,77002,-10.162327,-48.3431,palmas,TO
15540,77006,-10.175343,-48.319023,palmas,TO
15541,77015,-10.199319,-48.345353,palmas,TO
15542,77016,-10.217104,-48.346629,palmas,TO
15543,77017,-10.184961,-48.344841,palmas,TO
15544,77018,-10.246442,-48.346596,palmas,TO
15545,77019,-10.256599,-48.337988,palmas,TO
15546,77020,-10.188061,-48.320344,palmas,TO
15547,77021,-10.207235,-48.325035,palmas,TO
15548,77022,-10.217863,-48.32374,palmas,TO
15549,77023,-10.232311,-48.322315,palmas,TO
15550,77024,-10.254264,-48.323094,palmas,TO
15551,77025,-10.268968,-48.322167,palmas,TO
15552,77026,-10.154228,-48.314502,palmas,TO
15553,77059,-10.293478,-48.31715,palmas,TO
15554,77060,-10.317798,-48.303159,palmas,TO
15555,77062,-10.315739,-48.318035,palmas,TO
15556,77063,-10.329154,-48.323168,palmas,TO
15557,77064,-10.338458,-48.293066,palmas,TO
15558,77066,-10.341683,-48.281935,palmas,TO
15559,77080,-10.316873,-48.154605,palmas,TO
15560,77300,-11.628339,-46.821504,dianopolis,TO
15561,77303,-11.371631,-46.821815,rio da conceicao,TO
15562,77305,-12.213493,-47.296968,conceicao do tocantins,TO
15563,77308,-12.192317,-46.991546,taipas do tocantins,TO
15564,77310,-11.567893,-47.16831,almas,TO
15565,77315,-12.08978,-46.479177,ponte alta do bom jesus,TO
15566,77318,-11.819373,-46.624891,novo jardim,TO
15567,77320,-12.398781,-46.441714,taguatinga,TO
15568,77325,-12.710732,-46.406113,aurora do tocantins,TO
15569,77330,-12.918834,-46.952565,arraias,TO
15570,77350,-12.815825,-46.549448,combinado,TO
15571,77353,-12.914294,-46.573881,novo alegre,TO
15572,77360,-12.617087,-47.875527,parana,TO
15573,77365,-13.042968,-48.405667,palmeiropolis,TO
15574,77368,-12.74893,-48.237837,sao salvador do tocantins,TO
15575,77370,-11.713697,-47.721101,natividade,TO
15576,77375,-11.448122,-48.114507,santa rosa do tocantins,TO
15577,77378,-11.61781,-47.751038,chapada da natividade,TO
15578,77380,-11.143887,-47.575136,pindorama do tocantins,TO
15579,77390,-11.972821,-48.23403,sao valerio da natividade,TO
15580,77395,-11.588328,-47.048342,porto alegre do tocantins,TO
15581,77402,-11.725829,-49.073272,gurupi,TO
15582,77403,-11.729162,-49.074439,gurupi,TO
15583,77405,-11.72971,-49.066809,gurupi,TO
15584,77410,-11.729272,-49.061171,gurupi,TO
15585,77411,-11.737852,-49.048269,gurupi,TO
15586,77413,-11.723418,-49.073491,gurupi,TO
15587,77415,-11.757261,-49.069164,gurupi,TO
15588,77416,-11.719609,-49.086348,gurupi,TO
15589,77420,-11.717653,-49.068289,gurupi,TO
15590,77423,-11.728798,-49.064841,gurupi,TO
15591,77425,-11.73105,-49.096616,gurupi,TO
15592,77426,-11.734042,-49.072095,gurupi,TO
15593,77430,-11.717022,-49.092918,gurupi,TO
15594,77433,-11.735696,-49.072572,gurupi,TO
15595,77435,-11.725164,-49.07925,gurupi,TO
15596,77440,-11.708162,-49.042058,gurupi,TO
15597,77444,-11.708939,-49.055539,gurupi,TO
15598,77450,-12.659191,-48.600236,jau do tocantins,TO
15599,77453,-11.916046,-49.170719,cariri do tocantins,TO
15600,77455,-11.305058,-48.937086,alianca do tocantins,TO
15601,77458,-11.987586,-48.910575,sucupira,TO
15602,77460,-12.032918,-48.539878,peixe,TO
15603,77463,-11.103224,-48.918391,crixas do tocantins,TO
15604,77465,-12.135031,-49.164763,figueiropolis,TO
15605,77470,-11.811969,-49.541832,formoso do araguaia,TO
15606,77475,-12.928112,-49.826486,araguacu,TO
15607,77478,-12.539125,-49.926708,sandolandia,TO
15608,77480,-12.47915,-49.122741,alvorada,TO
15609,77483,-12.799258,-49.091808,talisma,TO
15610,77485,-11.341387,-49.266858,duere,TO
15611,77490,-10.602958,-49.195437,cristalandia,TO
15612,77493,-10.797272,-49.62954,lagoa da confusao,TO
15613,77495,-10.56539,-48.91245,nova rosalandia,TO
15614,77500,-10.703564,-48.40557,porto nacional,TO
15615,77555,-10.759368,-48.902622,fatima,TO
15616,77558,-10.707089,-48.905618,oliveira de fatima,TO
15617,77560,-11.018249,-48.571449,brejinho de nazare,TO
15618,77570,-10.441797,-49.177976,pium,TO
15619,77580,-11.162528,-48.141225,silvanopolis,TO
15620,77585,-10.763398,-48.103839,monte do carmo,TO
15621,77590,-10.744635,-47.536458,ponte alta do tocantins,TO
15622,77593,-10.546062,-46.419197,mateiros,TO
15623,77600,-10.174291,-48.888316,paraiso do tocantins,TO
15624,77603,-10.421499,-48.925691,pugmil,TO
15625,77610,-9.965558,-47.677521,novo acordo,TO
15626,77613,-10.295714,-47.563729,lagoa do tocantins,TO
15627,77615,-10.283361,-47.809007,santa tereza do tocantins,TO
15628,77620,-9.95041,-47.975272,aparecida do rio negro,TO
15629,77630,-9.594945,-46.67513,lizarda,TO
15630,77635,-9.346918,-47.896137,rio sono,TO
15631,77640,-9.567553,-48.37538,tocantinia,TO
15632,77645,-9.753703,-48.355778,lajeado,TO
15633,77650,-9.56911,-48.405093,miracema do tocantins,TO
15634,77655,-9.342896,-48.535517,rio dos bois,TO
15635,77660,-9.533986,-48.590989,miranorte,TO
15636,77665,-9.835548,-48.726056,barrolandia,TO
15637,77670,-9.801087,-49.215128,divinopolis do tocantins,TO
15638,77673,-9.980866,-49.029699,monte santo do tocantins,TO
15639,77675,-9.796645,-49.657202,marianopolis do tocantins,TO
15640,77680,-9.271499,-49.956698,caseara,TO
15641,77685,-9.257136,-49.065567,dois irmaos do tocantins,TO
15642,77690,-8.812216,-49.556691,araguacema,TO
15643,77693,-9.622443,-49.14972,abreulândia,TO
15644,77695,-8.774034,-48.935066,goianorte,TO
15645,77700,-8.839459,-48.508379,guarai,TO
15646,77704,-8.971529,-48.188261,tupirama,TO
15647,77708,-9.071367,-48.522287,fortaleza do tabocão,TO
15648,77710,-8.991524,-48.159935,pedro afonso,TO
15649,77714,-8.965546,-48.165667,bom jesus do tocantins,TO
15650,77716,-8.775036,-47.749393,santa maria do tocantins,TO
15651,77718,-8.384347,-48.108323,itapiratins,TO
15652,77720,-8.40005,-47.765313,itacaja,TO
15653,77723,-8.958467,-47.337114,centenario,TO
15654,77725,-8.73822,-48.753315,colmeia,TO
15655,77730,-8.596253,-48.934494,pequizeiro,TO
15656,77733,-8.719431,-47.215951,recursolandia,TO
15657,77735,-8.368402,-48.483198,brasilândia do tocantins,TO
15658,77740,-8.571427,-48.689396,itapora do tocantins,TO
15659,77745,-8.531084,-48.507221,presidente kennedy,TO
15660,77750,-8.362466,-49.176401,couto de magalhaes,TO
15661,77753,-8.119291,-49.101024,juarina,TO
15662,77755,-7.892222,-48.904446,bernardo sayao,TO
15663,77760,-8.058048,-48.47908,colinas do tocantins,TO
15664,77770,-7.712532,-47.316365,goiatins,TO
15665,77777,-7.99084,-46.801375,campos lindos,TO
15666,77780,-7.656651,-49.064148,arapoema,TO
15667,77783,-7.759598,-48.578086,bandeirantes do tocantins,TO
15668,77785,-7.541748,-49.369511,pau d'arco,TO
15669,77790,-7.630235,-48.423048,nova olinda,TO
15670,77795,-7.340103,-47.494537,filadelfia,TO
15671,77803,-7.193338,-48.209089,araguaina,TO
15672,77804,-7.188911,-48.207852,araguaina,TO
15673,77805,-7.191556,-48.210184,araguaina,TO
15674,77807,-7.197433,-48.198013,araguaina,TO
15675,77808,-7.208914,-48.187177,araguaina,TO
15676,77809,-7.207434,-48.202698,araguaina,TO
15677,77813,-7.200659,-48.210247,araguaina,TO
15678,77814,-7.221406,-48.239014,araguaina,TO
15679,77815,-7.211799,-48.224579,araguaina,TO
15680,77816,-7.202137,-48.232506,araguaina,TO
15681,77817,-7.197794,-48.224155,araguaina,TO
15682,77818,-7.193951,-48.223989,araguaina,TO
15683,77820,-7.199699,-48.218471,araguaina,TO
15684,77823,-7.182194,-48.214391,araguaina,TO
15685,77824,-7.183833,-48.205346,araguaina,TO
15686,77825,-7.172454,-48.201881,araguaina,TO
15687,77826,-7.192503,-48.194057,araguaina,TO
15688,77827,-7.188311,-48.191862,araguaina,TO
15689,77828,-7.202427,-48.175623,araguaina,TO
15690,77829,-7.223332,-48.238048,araguaina,TO
15691,77840,-7.035135,-48.3962,carmolandia,TO
15692,77845,-7.168984,-48.530338,aragominas,TO
15693,77848,-7.144404,-48.720311,santa fe do araguaia,TO
15694,77850,-7.142396,-48.607188,muricilandia,TO
15695,77855,-6.668324,-48.577056,araguana,TO
15696,77860,-6.850639,-47.965304,wanderlandia,TO
15697,77870,-7.203642,-47.758758,babaculandia,TO
15698,77880,-6.418658,-48.532682,xambioa,TO
15699,77885,-6.435021,-47.672864,santa terezinha do tocantins,TO
15700,77890,-6.368523,-48.073227,ananas,TO
15701,77895,-6.375045,-47.662822,nazare,TO
15702,77900,-6.326683,-47.428837,tocantinopolis,TO
15703,77903,-6.191112,-47.854867,luzinopolis,TO
15704,77905,-6.392816,-47.866107,angico,TO
15705,77908,-6.561011,-47.475138,aguiarnopolis,TO
15706,77910,-6.708445,-47.750785,darcinopolis,TO
15707,77913,-6.614612,-47.567332,palmeiras do tocantins,TO
15708,77915,-6.120012,-47.920326,cachoeirinha,TO
15709,77918,-5.954615,-47.507337,maurilandia do tocantins,TO
15710,77920,-5.77482,-47.479968,itaguatins,TO
15711,77925,-5.553556,-47.577306,sao miguel do tocantins,TO
15712,77930,-5.624574,-47.768036,axixa do tocantins,TO
15713,77940,-5.611812,-47.655589,sitio novo do tocantins,TO
15714,77950,-5.650553,-48.120701,araguatins,TO
15715,77958,-6.010488,-47.916233,sao bento do tocantins,TO
15716,77960,-5.468064,-47.888398,augustinopolis,TO
15717,77970,-5.411631,-47.810178,praia norte,TO
15718,77980,-5.352093,-47.874736,sampaio,TO
15719,77990,-5.272299,-48.216433,sao sebastiao do tocantins,TO
15720,77993,-5.365093,-48.541468,esperantina,TO
15721,77995,-5.319097,-48.220212,buriti do tocantins,TO
15722,78000,-15.649532,-56.032901,cuiaba,MT
15723,78005,-15.592274,-56.094436,cuiaba,MT
15724,78008,-15.591888,-56.082433,cuiaba,MT
15725,78010,-15.600427,-56.084369,cuiaba,MT
15726,78015,-15.608823,-56.086513,cuiaba,MT
15727,78020,-15.603021,-56.102563,cuiaba,MT
15728,78025,-15.608617,-56.100918,cuiaba,MT
15729,78028,-15.613519,-56.126584,cuiaba,MT
15730,78030,-15.606074,-56.121964,cuiaba,MT
15731,78031,-15.603422,-56.114584,cuiaba,MT
15732,78032,-15.597704,-56.106714,cuiaba,MT
15733,78035,-15.597579,-56.12936,cuiaba,MT
15734,78040,-15.583101,-56.11573,cuiaba,MT
15735,78042,-15.592012,-56.1186,cuiabá,MT
15736,78043,-15.585091,-56.107509,cuiaba,MT
15737,78045,-15.590257,-56.102317,cuiaba,MT
15738,78048,-15.572513,-56.084154,cuiaba,MT
15739,78049,-15.552754,-56.094537,cuiaba,MT
15740,78050,-15.585172,-56.069765,cuiaba,MT
15741,78051,-15.593175,-56.058194,cuiaba,MT
15742,78052,-15.584523,-56.036453,cuiaba,MT
15743,78053,-15.585396,-56.0514,cuiaba,MT
15744,78055,-15.556849,-56.055619,cuiaba,MT
15745,78056,-15.595939,-56.038017,cuiaba,MT
15746,78057,-15.663095,-56.040973,cuiaba,MT
15747,78058,-15.575702,-56.026009,cuiaba,MT
15748,78060,-15.60497,-56.070033,cuiaba,MT
15749,78061,-15.610295,-56.070465,cuiaba,MT
15750,78065,-15.617387,-56.076818,cuiaba,MT
15751,78068,-15.612835,-56.046355,cuiaba,MT
15752,78070,-15.623204,-56.073131,cuiaba,MT
15753,78074,-15.559818,-56.033027,cuiabá,MT
15754,78075,-15.60685,-56.034328,cuiaba,MT
15755,78076,-15.622793,-56.032786,cuiaba,MT
15756,78077,-15.604352,-56.046114,cuiaba,MT
15757,78080,-15.625819,-56.053454,cuiaba,MT
15758,78085,-15.635015,-56.058983,cuiaba,MT
15759,78087,-15.614686,-56.051743,cuiaba,MT
15760,78088,-15.625476,-56.016708,cuiaba,MT
15761,78089,-15.643249,-55.997247,cuiaba,MT
15762,78090,-15.641306,-56.026645,cuiaba,MT
15763,78091,-15.626366,-55.989951,cuiaba,MT
15764,78093,-15.61914,-56.022012,cuiaba,MT
15765,78094,-15.62549,-56.044052,cuiaba,MT
15766,78095,-15.659458,-56.050877,cuiaba,MT
15767,78096,-15.615618,-56.041185,cuiaba,MT
15768,78098,-15.649382,-55.989831,cuiaba,MT
15769,78099,-15.633029,-55.955645,cuiaba,MT
15770,78104,-14.63333,-57.06667,nossa senhora da guia,MT
15771,78110,-15.647675,-56.133397,varzea grande,MT
15772,78115,-15.630161,-56.107135,varzea grande,MT
15773,78116,-15.636311,-56.106789,varzea grande,MT
15774,78117,-15.633375,-56.140845,varzea grande,MT
15775,78118,-15.648998,-56.106732,varzea grande,MT
15776,78120,-15.668141,-56.094141,varzea grande,MT
15777,78125,-15.660697,-56.125064,varzea grande,MT
15778,78128,-15.673084,-56.125532,varzea grande,MT
15779,78130,-15.668737,-56.136452,varzea grande,MT
15780,78132,-15.680009,-56.149281,varzea grande,MT
15781,78134,-15.658883,-56.125793,varzea grande,MT
15782,78135,-15.657033,-56.142292,varzea grande,MT
15783,78138,-15.654197,-56.161789,varzea grande,MT
15784,78140,-15.641165,-56.147408,varzea grande,MT
15785,78141,-15.640775,-56.150634,varzea grande,MT
15786,78142,-15.631397,-56.155985,varzea grande,MT
15787,78143,-15.656806,-56.148668,varzea grande,MT
15788,78144,-15.633209,-56.153993,varzea grande,MT
15789,78145,-15.664525,-56.138666,varzea grande,MT
15790,78148,-15.662894,-56.156397,varzea grande,MT
15791,78149,-15.670967,-56.219107,varzea grande,MT
15792,78150,-15.6499,-56.164963,varzea grande,MT
15793,78152,-15.662386,-56.154864,varzea grande,MT
15794,78158,-15.635165,-56.166279,varzea grande,MT
15795,78165,-15.624914,-56.147907,varzea grande,MT
15796,78170,-15.79089,-56.379326,nossa senhora do livramento,MT
15797,78175,-16.262622,-56.62963,pocone,MT
15798,78178,-23.001849,-53.860352,cangas,MT
15799,78180,-15.916287,-56.022797,santo antonio do leverger,MT
15800,78190,-16.195434,-55.951225,barao de melgaco,MT
15801,78195,-15.44718,-55.738815,chapada dos guimaraes,MT
15802,78200,-16.064623,-57.687254,caceres,MT
15803,78237,-15.616296,-57.913696,curvelandia,MT
15804,78240,-15.834472,-58.514484,porto esperidiao,MT
15805,78243,-14.474749,-59.58685,nova lacerda,MT
15806,78245,-15.048864,-59.95635,vila bela da santissima trindade,MT
15807,78250,-15.235028,-59.332242,pontes e lacerda,MT
15808,78253,-15.289344,-59.082076,vale de sao domingos,MT
15809,78254,-14.554974,-59.52865,conquista d'oeste,MT
15810,78255,-15.339355,-58.872441,jauru,MT
15811,78260,-15.469618,-58.347527,araputanga,MT
15812,78265,-15.120961,-58.385276,reserva do cabacal,MT
15813,78270,-15.129033,-58.131234,salto do ceu,MT
15814,78275,-15.24026,-58.112839,rio branco,MT
15815,78278,-15.331075,-57.995709,lambari d'oeste,MT
15816,78280,-15.675974,-58.091471,mirassol d'oeste,MT
15817,78284,-15.771534,-58.12141,sonho azul,MT
15818,78285,-15.625998,-58.182971,sao jose dos quatro marcos,MT
15819,78290,-15.449068,-58.737838,figueiropolis d'oeste,MT
15820,78293,-15.76984,-58.31184,gloria d'oeste,MT
15821,78295,-15.457173,-58.584998,indiavai,MT
15822,78300,-14.622034,-57.493347,tangara da serra,MT
15823,78307,-13.721367,-59.259623,campos de julio,MT
15824,78310,-13.658898,-59.7849,comodoro,MT
15825,78320,-11.42125,-58.773947,juina,MT
15826,78325,-10.18113,-59.455468,aripuana,MT
15827,78330,-9.893592,-58.568158,cotriguacu,MT
15828,78335,-9.45325,-59.236073,colniza,MT
15829,78338,-10.84511,-61.460202,rondolandia,MT
15830,78340,-10.329427,-58.497014,juruena,MT
15831,78345,-11.137831,-58.610433,castanheira,MT
15832,78350,-12.126536,-58.000569,brasnorte,MT
15833,78360,-13.67874,-57.895408,campo novo do parecis,MT
15834,78361,-15.594054,-56.116434,itamarati norte,MT
15835,78365,-13.543842,-58.810996,sapezal,MT
15836,78370,-14.78022,-57.290986,nova olimpia,MT
15837,78380,-14.728494,-57.049455,denise,MT
15838,78390,-15.06978,-57.188415,barra do bugres,MT
15839,78398,-15.330653,-57.201527,porto estrela,MT
15840,78400,-14.393547,-56.43178,diamantino,MT
15841,78402,-14.382141,-56.402719,novo diamantino,MT
15842,78410,-14.51322,-56.487167,alto paraguai,MT
15843,78415,-14.36554,-56.97466,nova marilandia,MT
15844,78420,-14.460255,-56.842585,arenapolis,MT
15845,78425,-14.48875,-57.037366,santo afonso,MT
15846,78430,-14.452097,-56.805139,nortelandia,MT
15847,78435,-13.50615,-56.709994,sao jose do rio claro,MT
15848,78445,-13.009212,-57.102954,nova maringa,MT
15849,78450,-13.815107,-56.084225,nova mutum,MT
15850,78453,-13.809251,-55.272252,santa rita do trivelato,MT
15851,78455,-13.069079,-55.921749,lucas do rio verde,MT
15852,78460,-14.712041,-56.313952,nobres,MT
15853,78470,-14.834682,-56.38532,rosario oeste,MT
15854,78480,-15.199589,-56.366941,acorizal,MT
15855,78490,-15.241602,-56.485091,jangada,MT
15856,78500,-10.804117,-55.457814,colider,MT
15857,78505,-10.585103,-55.113899,terra nova do norte,MT
15858,78508,-10.309779,-55.404426,nova guarita,MT
15859,78510,-11.007982,-55.243472,itauba,MT
15860,78515,-10.602514,-55.79883,nova canaa do norte,MT
15861,78518,-10.4775,-56.07806,colorado do norte,MT
15862,78520,-9.950346,-54.905932,guaranta do norte,MT
15863,78525,-10.167427,-54.92012,matupa,MT
15864,78528,-9.97615,-55.176146,novo mundo,MT
15865,78530,-10.241627,-54.981867,peixoto de azevedo,MT
15866,78535,-11.08071,-54.519269,marcelandia,MT
15867,78540,-11.504248,-54.875895,claudia,MT
15868,78543,-11.531137,-54.368371,uniao do sul,MT
15869,78545,-11.973368,-55.28012,santa carmem,MT
15870,78548,-10.865642,-55.140213,nova santa helena,MT
15871,78550,-11.853018,-55.503513,sinop,MT
15872,78551,-11.787941,-55.471673,sinop,MT
15873,78552,-11.834705,-55.508145,sinop,MT
15874,78553,-11.825065,-55.517232,sinop,MT
15875,78555,-11.844257,-55.527898,sinop,MT
15876,78556,-11.867281,-55.517039,sinop,MT
15877,78557,-11.873851,-55.500652,sinop,MT
15878,78558,-11.942501,-55.512529,sinop,MT
15879,78559,-11.903569,-55.505461,sinop,MT
15880,78560,-11.551017,-57.370559,porto dos gauchos,MT
15881,78563,-11.299084,-56.789958,tabapora,MT
15882,78565,-9.848704,-57.829101,nova bandeirantes,MT
15883,78570,-11.390683,-57.319832,novo horizonte do norte,MT
15884,78573,-12.731238,-56.518215,tapurah,MT
15885,78575,-11.233739,-57.518304,juara,MT
15886,78578,-12.229388,-56.145046,ipiranga do norte,MT
15887,78579,-12.230062,-56.649095,itanhanga,MT
15888,78580,-9.878938,-56.084484,alta floresta,MT
15889,78587,-9.966936,-55.823847,carlinda,MT
15890,78590,-9.675756,-56.510476,paranaita,MT
15891,78593,-9.980076,-57.453072,nova monte verde,MT
15892,78595,-9.556191,-57.392559,apiacas,MT
15893,78600,-15.877711,-52.275104,barra do garcas,MT
15894,78610,-16.764985,-52.836771,ponte branca,MT
15895,78613,-16.487763,-52.699281,ribeiraozinho,MT
15896,78615,-16.858993,-53.034235,araguainha,MT
15897,78620,-15.690866,-52.836012,general carneiro,MT
15898,78625,-14.912221,-53.019582,novo sao joaquim,MT
15899,78628,-14.800645,-53.611391,santo antonio do leste,MT
15900,78630,-14.415777,-52.843814,campinapolis,MT
15901,78635,-14.053955,-52.166166,agua boa,MT
15902,78638,-13.989458,-51.796709,nova nazaré,MT
15903,78640,-13.547296,-52.270711,canarana,MT
15904,78643,-12.592038,-52.219651,querencia,MT
15905,78645,-10.014179,-51.119257,vila rica,MT
15906,78650,-10.858077,-50.963648,santa terezinha,MT
15907,78652,-10.645054,-51.570957,confresa,MT
15908,78655,-10.876628,-51.634344,porto alegre do norte,MT
15909,78658,-11.066734,-51.832422,canabrava do norte,MT
15910,78660,-11.220696,-50.666148,luciara,MT
15911,78663,-10.796135,-52.734656,sao jose do xingu,MT
15912,78664,-10.517734,-52.640333,santa cruz do xingu,MT
15913,78665,-11.680019,-51.377205,alto boa vista,MT
15914,78668,-12.091253,-51.394374,serra nova dourada,MT
15915,78670,-11.620219,-50.695672,sao felix do araguaia,MT
15916,78674,-12.315703,-50.968981,novo santo antonio,MT
15917,78675,-12.930691,-51.815566,ribeirao cascalheira,MT
15918,78678,-12.252173,-51.56961,bom jesus do araguaia,MT
15919,78680,-14.39283,-51.002154,cocalinho,MT
15920,78685,-15.724666,-51.834833,araguaiana,MT
15921,78690,-14.667176,-52.354444,nova xavantina,MT
15922,78695,-16.199845,-52.557273,torixoreu,MT
15923,78698,-15.899893,-52.256694,pontal do araguaia,MT
15924,78700,-16.467788,-54.631041,rondonopolis,MT
15925,78705,-16.459611,-54.650585,rondonopolis,MT
15926,78710,-16.456062,-54.639644,rondonopolis,MT
15927,78711,-16.440095,-54.662833,rondonopolis,MT
15928,78714,-16.439466,-54.633674,rondonopolis,MT
15929,78715,-16.442161,-54.638453,rondonopolis,MT
15930,78716,-16.439853,-54.641366,rondonopolis,MT
15931,78717,-16.44538,-54.629782,rondonopolis,MT
15932,78718,-16.456012,-54.628502,rondonopolis,MT
15933,78719,-16.43237,-54.62605,rondonopolis,MT
15934,78720,-16.444964,-54.624035,rondonopolis,MT
15935,78721,-16.436386,-54.619283,rondonopolis,MT
15936,78725,-16.445644,-54.615012,rondonopolis,MT
15937,78730,-16.461582,-54.609032,rondonopolis,MT
15938,78731,-16.445122,-54.609603,rondonopolis,MT
15939,78734,-16.478125,-54.618828,rondonopolis,MT
15940,78735,-16.476399,-54.593113,rondonopolis,MT
15941,78736,-16.470375,-54.570444,rondonopolis,MT
15942,78739,-16.46536,-54.638563,rondonopolis,MT
15943,78740,-16.475936,-54.617235,rondonopolis,MT
15944,78744,-16.485866,-54.643157,rondonopolis,MT
15945,78745,-16.482568,-54.648458,rondonopolis,MT
15946,78746,-16.487758,-54.624,rondonopolis,MT
15947,78747,-16.439951,-54.674662,rondonopolis,MT
15948,78750,-16.456314,-54.671487,rondonopolis,MT
15949,78752,-16.14475,-54.661085,boa vista,MT
15950,78760,-16.345728,-53.763249,guiratinga,MT
15951,78770,-16.945663,-53.53171,alto garcas,MT
15952,78773,-16.514101,-54.277147,sao jose do povo,MT
15953,78775,-16.081116,-53.553854,tesouro,MT
15954,78780,-17.317502,-53.223977,alto araguaia,MT
15955,78785,-17.831471,-53.282438,alto taquari,MT
15956,78790,-17.205844,-54.145933,itiquira,MT
15957,78795,-16.63355,-54.459473,pedra preta,MT
15958,78800,-15.828037,-54.390659,poxoreu,MT
15959,78810,-16.05348,-54.888165,juscimeira,MT
15960,78816,-16.162099,-54.795126,juscimeira,MT
15961,78820,-15.959375,-54.971008,jaciara,MT
15962,78830,-15.809257,-54.921551,dom aquino,MT
15963,78835,-16.003311,-54.920082,sao pedro da cipa,MT
15964,78840,-15.5507,-55.171906,campo verde,MT
15965,78850,-15.552901,-54.299616,primavera do leste,MT
15966,78855,-14.661,-54.777662,planalto da serra,MT
15967,78860,-14.924715,-54.973008,nova brasilandia,MT
15968,78870,-14.414119,-54.054548,paranatinga,MT
15969,78875,-13.182314,-53.263742,gaucha do norte,MT
15970,78880,-12.285837,-55.297902,vera,MT
15971,78885,-12.374812,-54.927205,feliz natal,MT
15972,78888,-13.01456,-55.163207,nova ubirata,MT
15973,78890,-12.561358,-55.719895,sorriso,MT
15974,78896,-14.316048,-50.276246,boa esperanca,MT
15975,79002,-20.460129,-54.611931,campo grande,MS
15976,79003,-20.47029,-54.596877,campo grande,MS
15977,79004,-20.473869,-54.60955,campo grande,MS
15978,79005,-20.472708,-54.625795,campo grande,MS
15979,79006,-20.483154,-54.638771,campo grande,MS
15980,79008,-20.45759,-54.624323,campo grande,MS
15981,79009,-20.451773,-54.629162,campo grande,MS
15982,79010,-20.44407,-54.608051,campo grande,MS
15983,79011,-20.430924,-54.606468,campo grande,MS
15984,79012,-20.42189,-54.603219,campo grande,MS
15985,79013,-20.419371,-54.590513,campo grande,MS
15986,79014,-20.425171,-54.6057,campo grande,MS
15987,79015,-20.399294,-54.582983,campo grande,MS
15988,79016,-20.407844,-54.575037,campo grande,MS
15989,79017,-20.390461,-54.56922,campo grande,MS
15990,79018,-20.385777,-54.550927,campo grande,MS
15991,79020,-20.457338,-54.597877,campo grande,MS
15992,79021,-20.451974,-54.587401,campo grande,MS
15993,79022,-20.442602,-54.592576,campo grande,MS
15994,79023,-20.43066,-54.584372,campo grande,MS
15995,79031,-20.450481,-54.570264,campo grande,MS
15996,79032,-20.437923,-54.573269,campo grande,MS
15997,79033,-20.422634,-54.572702,campo grande,MS
15998,79034,-20.423844,-54.563951,campo grande,MS
15999,79035,-20.419911,-54.559973,campo grande,MS
16000,79036,-20.43542,-54.560835,campo grande,MS
16001,79037,-20.440875,-54.539083,campo grande,MS
16002,79040,-20.462719,-54.578293,campo grande,MS
16003,79041,-20.47443,-54.579541,campo grande,MS
16004,79042,-20.484154,-54.570376,campo grande,MS
16005,79043,-20.471439,-54.562622,campo grande,MS
16006,79044,-20.472432,-54.54804,campo grande,MS
16007,79045,-20.460629,-54.540074,campo grande,MS
16008,79046,-20.483388,-54.552498,campo grande,MS
16009,79048,-20.49347,-54.607761,campo grande,MS
16010,79050,-20.486666,-54.606195,campo grande,MS
16011,79051,-20.486694,-54.59264,campo grande,MS
16012,79052,-20.500399,-54.585562,campo grande,MS
16013,79060,-20.511036,-54.596521,campo grande,MS
16014,79062,-20.514893,-54.571466,campo grande,MS
16015,79063,-20.523799,-54.590671,campo grande,MS
16016,79064,-20.551867,-54.58466,campo grande,MS
16017,79065,-20.552339,-54.574701,campo grande,MS
16018,79070,-20.517985,-54.615151,campo grande,MS
16019,79071,-20.529502,-54.609398,campo grande,MS
16020,79072,-20.54492,-54.607535,campo grande,MS
16021,79073,-20.550312,-54.620919,campo grande,MS
16022,79074,-20.530986,-54.638238,campo grande,MS
16023,79075,-20.552685,-54.650508,campo grande,MS
16024,79076,-20.538285,-54.65787,campo grande,MS
16025,79077,-20.55045,-54.662796,campo grande,MS
16026,79080,-20.489485,-54.622458,campo grande,MS
16027,79081,-20.501535,-54.630544,campo grande,MS
16028,79082,-20.510319,-54.641809,campo grande,MS
16029,79083,-20.524762,-54.644433,campo grande,MS
16030,79084,-20.519211,-54.649385,campo grande,MS
16031,79085,-20.524015,-54.656943,campo grande,MS
16032,79086,-20.499468,-54.647513,campo grande,MS
16033,79090,-20.477504,-54.648976,campo grande,MS
16034,79091,-20.483809,-54.666123,campo grande,MS
16035,79092,-20.498404,-54.657041,campo grande,MS
16036,79093,-20.497566,-54.680531,campo grande,MS
16037,79094,-20.515093,-54.663313,campo grande,MS
16038,79095,-20.527205,-54.666712,campo grande,MS
16039,79096,-20.518073,-54.684191,campo grande,MS
16040,79097,-20.538086,-54.670493,campo grande,MS
16041,79100,-20.457182,-54.646343,campo grande,MS
16042,79101,-20.462586,-54.653034,campo grande,MS
16043,79102,-20.453061,-54.664366,campo grande,MS
16044,79103,-20.448285,-54.671083,campo grande,MS
16045,79104,-20.462389,-54.689846,campo grande,MS
16046,79105,-20.466228,-54.702515,campo grande,MS
16047,79106,-20.446951,-54.694598,campo grande,MS
16048,79107,-20.432457,-54.672164,campo grande,MS
16049,79108,-20.47778,-54.741169,campo grande,MS
16050,79110,-20.453628,-54.637055,campo grande,MS
16051,79112,-20.442031,-54.655709,campo grande,MS
16052,79113,-20.441647,-54.666921,campo grande,MS
16053,79114,-20.417683,-54.662648,campo grande,MS
16054,79115,-20.429059,-54.654163,campo grande,MS
16055,79116,-20.418679,-54.641317,campo grande,MS
16056,79117,-20.419688,-54.629385,campo grande,MS
16057,79118,-20.429628,-54.623214,campo grande,MS
16058,79125,-20.981461,-54.503718,anhandui,MS
16059,79130,-21.798281,-54.542606,rio brilhante,MS
16060,79134,-21.654479,-54.431619,prudêncio thomaz,MS
16061,79140,-21.459776,-54.372149,nova alvorada do sul,MS
16062,79150,-21.621778,-55.165256,maracaju,MS
16063,79152,-21.726512,-55.499311,vista alegre,MS
16064,79170,-20.934874,-54.962853,sidrolandia,MS
16065,79180,-20.455477,-53.753807,ribas do rio pardo,MS
16066,79190,-20.440304,-54.865007,terenos,MS
16067,79200,-20.467551,-55.782817,aquidauana,MS
16068,79208,-20.126883,-55.389101,cipolandia,MS
16069,79210,-20.493959,-55.802953,anastacio,MS
16070,79215,-20.682183,-55.283295,dois irmaos do buriti,MS
16071,79220,-21.160253,-55.829019,nioaque,MS
16072,79230,-21.460741,-56.106403,guia lopes da laguna,MS
16073,79240,-21.480457,-56.149233,jardim,MS
16074,79260,-22.100317,-56.538364,bela vista,MS
16075,79270,-21.989173,-57.011487,caracol,MS
16076,79280,-21.685062,-57.8637,porto murtinho,MS
16077,79290,-21.126501,-56.487387,bonito,MS
16078,79300,-19.003005,-57.652058,corumba,MS
16079,79301,-19.003616,-57.649572,corumba,MS
16080,79302,-19.001587,-57.647762,corumba,MS
16081,79303,-19.003146,-57.643868,corumba,MS
16082,79304,-19.00371,-57.635882,corumba,MS
16083,79310,-19.012951,-57.636095,corumba,MS
16084,79311,-19.019513,-57.642155,corumba,MS
16085,79320,-19.020414,-57.65629,corumba,MS
16086,79321,-19.033979,-57.651732,corumba,MS
16087,79330,-19.001662,-57.654728,corumba,MS
16088,79331,-19.002854,-57.66083,corumba,MS
16089,79332,-19.01197,-57.65589,corumba,MS
16090,79333,-19.004634,-57.668553,corumba,MS
16091,79370,-19.009087,-57.604075,ladario,MS
16092,79380,-20.237522,-56.397837,miranda,MS
16093,79390,-20.550142,-56.676041,bodoquena,MS
16094,79400,-18.506598,-54.747558,coxim,MS
16095,79410,-18.099939,-54.551952,pedro gomes,MS
16096,79415,-17.582924,-54.754924,sonora,MS
16097,79420,-19.535436,-54.042357,camapua,MS
16098,79424,-19.014033,-53.900889,pontinha do cocho,MS
16099,79428,-18.679533,-53.638713,figueirao,MS
16100,79430,-19.908846,-54.364068,bandeirantes,MS
16101,79440,-20.10064,-54.435533,jaraguari,MS
16102,79450,-19.956287,-54.889932,rochedo,MS
16103,79460,-19.820449,-54.86876,corguinho,MS
16104,79470,-19.439746,-54.988699,rio negro,MS
16105,79480,-18.916793,-54.846525,rio verde de mato grosso,MS
16106,79490,-19.386518,-54.578796,sao gabriel do oeste,MS
16107,79500,-19.673701,-51.193627,paranaiba,MS
16108,79530,-18.325834,-53.710047,alcinopolis,MS
16109,79540,-19.113164,-51.740925,cassilandia,MS
16110,79550,-18.541365,-53.132905,costa rica,MS
16111,79556,-19.03213,-53.015877,paraiso das aguas,MS
16112,79560,-18.793598,-52.62553,chapadao do sul,MS
16113,79570,-20.079058,-51.108343,aparecida do taboado,MS
16114,79580,-19.74316,-51.929757,inocencia,MS
16115,79590,-20.35427,-51.446743,selviria,MS
16116,79600,-20.780666,-51.708346,tres lagoas,MS
16117,79601,-20.785204,-51.704973,tres lagoas,MS
16118,79602,-20.786045,-51.700777,tres lagoas,MS
16119,79603,-20.793456,-51.696423,tres lagoas,MS
16120,79604,-20.786572,-51.690481,tres lagoas,MS
16121,79610,-20.797659,-51.685061,tres lagoas,MS
16122,79611,-20.803682,-51.681112,tres lagoas,MS
16123,79612,-20.791651,-51.658876,tres lagoas,MS
16124,79620,-20.798809,-51.703951,tres lagoas,MS
16125,79621,-20.806174,-51.714539,tres lagoas,MS
16126,79622,-20.809554,-51.683511,tres lagoas,MS
16127,79630,-20.799477,-51.73019,tres lagoas,MS
16128,79640,-20.782592,-51.718271,tres lagoas,MS
16129,79641,-20.768197,-51.701651,tres lagoas,MS
16130,79645,-20.773254,-51.692129,tres lagoas,MS
16131,79648,-20.441284,-51.416715,tres lagoas,MS
16132,79654,-20.788333,-52.060383,arapua,MS
16133,79670,-21.267829,-52.06991,brasilandia,MS
16134,79680,-20.440771,-52.87777,agua clara,MS
16135,79690,-21.301357,-52.825737,santa rita do pardo,MS
16136,79700,-22.378306,-54.508924,fatima do sul,MS
16137,79710,-22.413199,-54.443992,vicentina,MS
16138,79712,-22.49333,-54.463055,sao jose,MS
16139,79720,-22.479983,-54.308373,jatei,MS
16140,79730,-22.418034,-54.23102,gloria de dourados,MS
16141,79740,-22.30574,-53.824432,ivinhema,MS
16142,79742,-22.38533,-53.594664,amandina,MS
16143,79745,-22.655212,-53.857536,novo horizonte do sul,MS
16144,79750,-22.247983,-53.347368,nova andradina,MS
16145,79758,-21.757378,-53.268732,nova casa verde,MS
16146,79760,-22.29679,-53.269504,bataypora,MS
16147,79765,-22.486861,-53.351121,taquarussu,MS
16148,79770,-22.184026,-52.718603,anaurilandia,MS
16149,79780,-21.715614,-52.423,bataguassu,MS
16150,79785,-22.156805,-53.776222,angelica,MS
16151,79790,-22.254424,-54.161912,deodapolis,MS
16152,79792,-22.264156,-54.224959,lagoa bonita,MS
16153,79800,-22.226615,-54.811628,dourados,MS
16154,79801,-22.228127,-54.807333,dourados,MS
16155,79802,-22.231176,-54.808377,dourados,MS
16156,79803,-22.227317,-54.819628,dourados,MS
16157,79804,-22.225452,-54.813369,dourados,MS
16158,79805,-22.224517,-54.809469,dourados,MS
16159,79806,-22.225786,-54.80371,dourados,MS
16160,79810,-22.23375,-54.803453,dourados,MS
16161,79811,-22.238692,-54.804284,dourados,MS
16162,79812,-22.246155,-54.809865,dourados,MS
16163,79813,-22.25418,-54.811479,dourados,MS
16164,79814,-22.241826,-54.82103,dourados,MS
16165,79815,-22.241392,-54.749291,dourados,MS
16166,79820,-22.229761,-54.826816,dourados,MS
16167,79821,-22.214672,-54.85395,dourados,MS
16168,79822,-22.229177,-54.838836,dourados,MS
16169,79823,-22.215914,-54.834749,dourados,MS
16170,79824,-22.224246,-54.813648,dourados,MS
16171,79825,-22.218822,-54.81307,dourados,MS
16172,79826,-22.211391,-54.807464,dourados,MS
16173,79827,-22.213913,-54.811257,dourados,MS
16174,79830,-22.221347,-54.790905,dourados,MS
16175,79831,-22.214543,-54.78726,dourados,MS
16176,79833,-22.218863,-54.767615,dourados,MS
16177,79837,-22.261837,-54.772278,dourados,MS
16178,79839,-22.252923,-54.787786,dourados,MS
16179,79840,-22.237686,-54.786954,dourados,MS
16180,79841,-22.22792,-54.763957,dourados,MS
16181,79842,-22.239539,-54.754728,dourados,MS
16182,79843,-22.239571,-54.738616,dourados,MS
16183,79862,-22.13197,-54.615227,sao pedro,MS
16184,79864,-22.086201,-55.350351,itahum,MS
16185,79878,-22.134253,-54.618528,vila vargas,MS
16186,79880,-22.041317,-54.606973,douradina,MS
16187,79890,-22.075498,-54.787758,itapora,MS
16188,79894,-21.98165,-54.67664,pirapora,MS
16189,79896,-22.033517,-54.744494,montese,MS
16190,79900,-22.509044,-55.732429,ponta pora,MS
16191,79901,-22.49973,-55.732698,ponta pora,MS
16192,79902,-22.514307,-55.723656,ponta pora,MS
16193,79903,-22.512289,-55.706725,ponta pora,MS
16194,79904,-22.533903,-55.723812,ponta pora,MS
16195,79905,-22.553174,-55.710646,ponta pora,MS
16196,79906,-22.562059,-55.692149,ponta pora,MS
16197,79907,-22.577228,-55.679175,ponta porã,MS
16198,79909,-22.620252,-55.628332,sanga puita,MS
16199,79910,-22.19017,-55.94944,antônio joão,MS
16200,79920,-22.565565,-55.154547,laguna carapa,MS
16201,79925,-23.892193,-55.42945,paranhos,MS
16202,79930,-22.953678,-55.615043,aral moreira,MS
16203,79932,-23.02517,-55.58861,vila marques,MS
16204,79935,-23.97455,-55.037964,sete quedas,MS
16205,79940,-22.632717,-54.823902,caarapo,MS
16206,79944,-22.498654,-54.758226,cristalina,MS
16207,79950,-23.06077,-54.200321,navirai,MS
16208,79955,-22.859878,-54.60455,juti,MS
16209,79960,-23.681117,-54.562935,iguatemi,MS
16210,79965,-23.473273,-54.178414,itaquirai,MS
16211,79970,-23.783818,-54.280353,eldorado,MS
16212,79975,-23.635139,-55.017107,tacuru,MS
16213,79980,-23.938227,-54.288233,mundo novo,MS
16214,79985,-23.891732,-54.407288,japora,MS
16215,79990,-23.09549,-55.228713,amambai,MS
16216,79995,-23.271105,-55.529766,coronel sapucaia,MS
16217,80002,-25.439563,-49.261963,curitiba,PR
16218,80006,-25.433983,-49.259927,curitiba,PR
16219,80010,-25.433878,-49.269707,curitiba,PR
16220,80011,-25.431451,-49.269582,curitiba,PR
16221,80020,-25.430074,-49.27149,curitiba,PR
16222,80030,-25.417361,-49.26067,curitiba,PR
16223,80035,-25.406201,-49.251956,curitiba,PR
16224,80040,-25.418225,-49.248799,curitiba,PR
16225,80045,-25.424627,-49.253823,curitiba,PR
16226,80050,-25.43516,-49.244077,curitiba,PR
16227,80060,-25.430063,-49.26112,curitiba,PR
16228,80061,-25.433617,-49.260252,curitiba,PR
16229,80101,-25.436595,-49.266187,curitiba,PR
16230,80210,-25.440711,-49.245563,curitiba,PR
16231,80215,-25.44918,-49.253908,curitiba,PR
16232,80220,-25.45685,-49.264373,curitiba,PR
16233,80230,-25.442354,-49.266756,curitiba,PR
16234,80231,-25.439563,-49.261963,curitiba,PR
16235,80240,-25.449146,-49.288997,curitiba,PR
16236,80249,-25.449382,-49.293209,curitiba,PR
16237,80250,-25.443864,-49.276544,curitiba,PR
16238,80310,-25.45689,-49.309772,curitiba,PR
16239,80320,-25.460856,-49.294916,curitiba,PR
16240,80330,-25.469943,-49.306847,curitiba,PR
16241,80370,-25.435891,-49.301322,curitiba,PR
16242,80410,-25.430247,-49.279329,curitiba,PR
16243,80420,-25.437666,-49.282161,curitiba,PR
16244,80430,-25.429768,-49.285767,curitiba,PR
16245,80440,-25.44377,-49.296589,curitiba,PR
16246,80510,-25.422054,-49.278793,curitiba,PR
16247,80520,-25.410683,-49.277592,curitiba,PR
16248,80530,-25.415032,-49.267486,curitiba,PR
16249,80540,-25.406284,-49.261644,curitiba,PR
16250,80610,-25.469563,-49.288176,curitiba,PR
16251,80611,-25.563294,-49.313129,curitiba,PR
16252,80620,-25.459161,-49.284316,curitiba,PR
16253,80627,-25.563189,-49.312889,curitiba,PR
16254,80630,-25.486281,-49.26743,curitiba,PR
16255,80710,-25.426705,-49.298431,curitiba,PR
16256,80730,-25.434017,-49.297219,curitiba,PR
16257,80740,-25.441796,-49.311156,curitiba,PR
16258,80810,-25.416517,-49.290828,curitiba,PR
16259,80820,-25.408864,-49.294746,curitiba,PR
16260,81010,-25.479484,-49.279492,curitiba,PR
16261,81020,-25.490759,-49.286905,curitiba,PR
16262,81030,-25.484014,-49.272425,curitiba,PR
16263,81050,-25.490157,-49.302232,curitiba,PR
16264,81070,-25.482961,-49.303482,curitiba,PR
16265,81110,-25.501109,-49.290327,curitiba,PR
16266,81130,-25.505953,-49.300658,curitiba,PR
16267,81150,-25.51797,-49.301906,curitiba,PR
16268,81170,-25.515653,-49.3246,curitiba,PR
16269,81200,-25.437053,-49.332607,curitiba,PR
16270,81210,-25.444452,-49.327946,curitiba,PR
16271,81220,-25.459579,-49.323635,curitiba,PR
16272,81230,-25.461681,-49.338695,curitiba,PR
16273,81240,-25.475245,-49.336268,curitiba,PR
16274,81250,-25.479916,-49.34469,curitiba,PR
16275,81260,-25.48365,-49.352634,curitiba,PR
16276,81265,-25.469356,-49.367283,curitiba,PR
16277,81270,-25.454908,-49.350029,curitiba,PR
16278,81280,-25.439459,-49.354852,curitiba,PR
16279,81290,-25.443521,-49.365629,curitiba,PR
16280,81295,-25.431637,-49.381156,curitiba,PR
16281,81305,-25.505685,-49.325119,curitiba,PR
16282,81310,-25.498485,-49.317747,curitiba,PR
16283,81312,-25.50588,-49.30991,curitiba,PR
16284,81315,-25.506953,-49.323653,curitiba,PR
16285,81320,-25.476286,-49.318323,curitiba,PR
16286,81330,-25.485635,-49.32902,curitiba,PR
16287,81350,-25.501972,-49.333548,curitiba,PR
16288,81420,-25.438036,-49.276961,curitiba,PR
16289,81450,-25.496736,-49.347843,curitiba,PR
16290,81452,-25.504275,-49.353787,curitiba,PR
16291,81460,-25.540495,-49.335402,curitiba,PR
16292,81470,-25.568165,-49.335814,curitiba,PR
16293,81480,-25.561552,-49.325196,curitiba,PR
16294,81490,-25.587819,-49.330511,curitiba,PR
16295,81495,-25.593551,-49.336561,curitiba,PR
16296,81510,-25.467514,-49.24296,curitiba,PR
16297,81520,-25.461807,-49.2399,curitiba,PR
16298,81530,-25.461372,-49.231124,curitiba,PR
16299,81540,-25.466536,-49.221674,curitiba,PR
16300,81550,-25.483682,-49.209873,curitiba,PR
16301,81560,-25.486533,-49.217764,curitiba,PR
16302,81570,-25.480988,-49.230996,curitiba,PR
16303,81580,-25.495951,-49.22013,curitiba,PR
16304,81590,-25.485806,-49.202089,curitiba,PR
16305,81610,-25.478467,-49.246095,curitiba,PR
16306,81630,-25.48264,-49.254529,curitiba,PR
16307,81650,-25.492922,-49.235698,curitiba,PR
16308,81670,-25.497035,-49.249426,curitiba,PR
16309,81690,-25.582933,-49.313298,curitiba,PR
16310,81710,-25.498517,-49.264189,curitiba,PR
16311,81720,-25.513373,-49.255699,curitiba,PR
16312,81730,-25.508567,-49.226604,curitiba,PR
16313,81750,-25.517575,-49.241381,curitiba,PR
16314,81770,-25.527829,-49.241286,curitiba,PR
16315,81810,-25.507089,-49.276064,curitiba,PR
16316,81820,-25.518743,-49.277756,curitiba,PR
16317,81825,-25.528809,-49.276058,curitiba,PR
16318,81830,-25.517205,-49.264588,curitiba,PR
16319,81850,-25.533703,-49.247836,curitiba,PR
16320,81860,-25.537262,-49.240049,curitiba,PR
16321,81870,-25.52796,-49.289246,curitiba,PR
16322,81880,-25.538362,-49.293055,curitiba,PR
16323,81900,-25.539538,-49.278339,curitiba,PR
16324,81910,-25.531894,-49.264518,curitiba,PR
16325,81920,-25.541211,-49.255463,curitiba,PR
16326,81925,-25.548075,-49.26594,curitiba,PR
16327,81930,-25.561818,-49.280255,curitiba,PR
16328,81935,-25.555749,-49.253466,curitiba,PR
16329,81940,-25.568768,-49.290613,curitiba,PR
16330,81945,-25.599709,-49.31225,curitiba,PR
16331,82010,-25.425348,-49.325922,curitiba,PR
16332,82015,-25.416429,-49.335792,curitiba,PR
16333,82020,-25.403285,-49.323233,curitiba,PR
16334,82025,-25.414336,-49.314697,curitiba,PR
16335,82030,-25.39616,-49.323191,curitiba,PR
16336,82100,-25.39672,-49.296562,curitiba,PR
16337,82110,-25.389713,-49.290042,curitiba,PR
16338,82115,-25.381855,-49.292237,curitiba,PR
16339,82120,-25.393066,-49.278533,curitiba,PR
16340,82130,-25.379021,-49.276462,curitiba,PR
16341,82200,-25.39687,-49.265847,curitiba,PR
16342,82210,-25.38617,-49.263664,curitiba,PR
16343,82220,-25.364732,-49.268519,curitiba,PR
16344,82250,-25.443361,-49.279485,curitiba,PR
16345,82300,-25.42113,-49.347456,curitiba,PR
16346,82305,-25.430777,-49.354149,curitiba,PR
16347,82310,-25.42318,-49.358187,curitiba,PR
16348,82315,-25.412531,-49.357002,curitiba,PR
16349,82320,-25.404371,-49.345396,curitiba,PR
16350,82400,-25.394872,-49.343793,curitiba,PR
16351,82410,-25.382522,-49.330563,curitiba,PR
16352,82500,-25.391584,-49.260797,curitiba,PR
16353,82510,-25.400134,-49.240536,curitiba,PR
16354,82515,-25.395422,-49.230383,curitiba,PR
16355,82520,-25.414829,-49.230172,curitiba,PR
16356,82530,-25.427513,-49.234371,curitiba,PR
16357,82540,-25.392939,-49.251768,curitiba,PR
16358,82560,-25.385222,-49.246444,curitiba,PR
16359,82580,-25.386334,-49.23611,curitiba,PR
16360,82590,-25.389056,-49.19396,curitiba,PR
16361,82600,-25.393174,-49.21811,curitiba,PR
16362,82620,-25.382985,-49.222388,curitiba,PR
16363,82630,-25.377935,-49.213039,curitiba,PR
16364,82640,-25.376828,-49.235613,curitiba,PR
16365,82650,-25.374337,-49.245202,curitiba,PR
16366,82700,-25.374777,-49.257853,curitiba,PR
16367,82710,-25.359325,-49.25614,curitiba,PR
16368,82720,-25.362446,-49.229566,curitiba,PR
16369,82800,-25.434677,-49.226936,curitiba,PR
16370,82810,-25.437181,-49.212498,curitiba,PR
16371,82820,-25.41776,-49.206702,curitiba,PR
16372,82821,-25.423514,-49.215177,curitiba,PR
16373,82840,-25.401411,-49.205398,curitiba,PR
16374,82860,-25.384856,-49.19787,curitiba,PR
16375,82900,-25.446202,-49.223979,curitiba,PR
16376,82920,-25.449549,-49.206695,curitiba,PR
16377,82930,-25.457637,-49.205677,curitiba,PR
16378,82940,-25.457302,-49.217432,curitiba,PR
16379,82950,-25.451001,-49.217147,curitiba,PR
16380,82960,-25.467018,-49.20761,curitiba,PR
16381,82970,-25.473482,-49.203005,curitiba,PR
16382,82980,-25.471299,-49.194491,curitiba,PR
16383,82990,-25.460434,-49.19733,curitiba,PR
16384,83000,-25.537466,-49.201873,sao jose dos pinhais,PR
16385,83005,-25.538556,-49.199548,sao jose dos pinhais,PR
16386,83010,-25.542306,-49.182226,sao jose dos pinhais,PR
16387,83015,-25.562055,-49.170611,sao jose dos pinhais,PR
16388,83020,-25.55828,-49.195294,sao jose dos pinhais,PR
16389,83021,-25.605882,-49.252213,sao jose dos pinhais,PR
16390,83025,-25.557899,-49.20823,sao jose dos pinhais,PR
16391,83030,-25.537926,-49.213889,sao jose dos pinhais,PR
16392,83035,-25.524089,-49.205934,sao jose dos pinhais,PR
16393,83040,-25.519093,-49.192752,sao jose dos pinhais,PR
16394,83045,-25.513156,-49.183643,sao jose dos pinhais,PR
16395,83050,-25.499659,-49.177304,sao jose dos pinhais,PR
16396,83055,-25.482701,-49.167311,sao jose dos pinhais,PR
16397,83060,-25.492491,-49.142269,sao jose dos pinhais,PR
16398,83065,-25.512617,-49.160863,sao jose dos pinhais,PR
16399,83070,-25.520334,-49.124988,sao jose dos pinhais,PR
16400,83075,-25.533675,-49.090012,sao jose dos pinhais,PR
16401,83085,-25.546518,-49.151201,sao jose dos pinhais,PR
16402,83090,-25.607789,-49.167341,sao jose dos pinhais,PR
16403,83091,-25.647744,-49.175372,sao jose dos pinhais,PR
16404,83095,-25.698655,-49.147259,sao jose dos pinhais,PR
16405,83115,-25.700671,-49.146982,sao jose dos pinhais,PR
16406,83116,-25.662771,-49.099092,sao jose dos pinhais,PR
16407,83190,-25.922987,-49.178644,tijucas do sul,PR
16408,83203,-25.516939,-48.510742,paranagua,PR
16409,83206,-25.526122,-48.523343,paranagua,PR
16410,83209,-25.543528,-48.534516,paranagua,PR
16411,83212,-25.555931,-48.554253,paranagua,PR
16412,83215,-25.566445,-48.564864,paranagua,PR
16413,83218,-25.578552,-48.576886,paranagua,PR
16414,83220,-25.528514,-48.518494,paranagua,PR
16415,83221,-25.520181,-48.535314,paranagua,PR
16416,83250,-25.553423,-48.627524,alexandra,PR
16417,83255,-25.638369,-48.42634,pontal do parana,PR
16418,83260,-25.811813,-48.536166,matinhos,PR
16419,83280,-25.888596,-48.585185,guaratuba,PR
16420,83301,-25.448327,-49.073638,piraquara,PR
16421,83302,-25.451697,-49.104121,piraquara,PR
16422,83303,-25.437316,-49.092442,piraquara,PR
16423,83304,-25.431817,-49.057108,piraquara,PR
16424,83305,-25.448303,-49.05264,piraquara,PR
16425,83306,-25.455757,-49.06605,piraquara,PR
16426,83307,-25.463425,-49.063212,piraquara,PR
16427,83308,-25.485924,-49.122273,piraquara,PR
16428,83309,-25.521348,-49.091308,piraquara,PR
16429,83310,-25.452427,-49.138472,piraquara,PR
16430,83311,-25.463301,-49.138442,piraquara,PR
16431,83312,-25.466398,-49.14739,piraquara,PR
16432,83314,-25.45199,-49.153853,piraquara,PR
16433,83320,-25.432507,-49.177161,pinhais,PR
16434,83321,-25.446327,-49.176643,pinhais,PR
16435,83322,-25.458133,-49.185097,pinhais,PR
16436,83323,-25.437777,-49.193834,pinhais,PR
16437,83324,-25.42504,-49.189076,pinhais,PR
16438,83325,-25.414387,-49.18073,pinhais,PR
16439,83326,-25.400771,-49.18511,pinhais,PR
16440,83327,-25.400354,-49.158894,pinhais,PR
16441,83328,-25.418399,-49.150462,pinhais,PR
16442,83330,-25.431282,-49.158844,pinhais,PR
16443,83331,-25.441762,-49.160119,pinhais,PR
16444,83350,-25.483655,-48.828501,morretes,PR
16445,83360,-25.35442,-48.879249,porto de cima,PR
16446,83370,-25.434664,-48.712974,antonina,PR
16447,83390,-25.29722,-48.324065,guaraquecaba,PR
16448,83401,-25.32119,-49.23154,colombo,PR
16449,83402,-25.346401,-49.221835,colombo,PR
16450,83403,-25.346661,-49.209739,colombo,PR
16451,83404,-25.362585,-49.204347,colombo,PR
16452,83405,-25.364171,-49.192768,colombo,PR
16453,83406,-25.352644,-49.190259,colombo,PR
16454,83407,-25.342365,-49.183823,colombo,PR
16455,83408,-25.368316,-49.184005,colombo,PR
16456,83409,-25.376124,-49.182388,colombo,PR
16457,83410,-25.357074,-49.162691,colombo,PR
16458,83411,-25.329118,-49.149797,colombo,PR
16459,83412,-25.367643,-49.144528,colombo,PR
16460,83413,-25.383067,-49.169463,colombo,PR
16461,83414,-25.293583,-49.222131,colombo,PR
16462,83415,-25.280468,-49.215632,colombo,PR
16463,83420,-25.371535,-49.078273,quatro barras,PR
16464,83425,-25.392833,-49.030248,borda do campo,PR
16465,83430,-25.345384,-49.089533,campina grande do sul,PR
16466,83450,-25.211008,-49.1116,bocaiuva do sul,PR
16467,83480,-24.973522,-49.070315,tunas do parana,PR
16468,83490,-24.667495,-48.977785,adrianopolis,PR
16469,83501,-25.313089,-49.291831,almirante tamandare,PR
16470,83502,-25.317898,-49.278382,almirante tamandare,PR
16471,83503,-25.329448,-49.276594,almirante tamandare,PR
16472,83504,-25.333678,-49.266311,almirante tamandare,PR
16473,83505,-25.342727,-49.249852,almirante tamandare,PR
16474,83506,-25.342884,-49.274304,almirante tamandare,PR
16475,83507,-25.345983,-49.294869,almirante tamandare,PR
16476,83508,-25.374201,-49.307603,almirante tamandare,PR
16477,83511,-25.349071,-49.301986,almirante tamandare,PR
16478,83512,-25.316805,-49.307871,almirante tamandare,PR
16479,83513,-25.294121,-49.302112,almirante tamandare,PR
16480,83514,-25.256901,-49.301149,almirante tamandare,PR
16481,83535,-25.375923,-49.38749,campo magro,PR
16482,83540,-25.181689,-49.316394,rio branco do sul,PR
16483,83560,-25.215855,-49.349959,itaperucu,PR
16484,83570,-24.828673,-49.263869,cerro azul,PR
16485,83590,-24.571056,-49.418688,doutor ulysses,PR
16486,83600,-25.460541,-49.530371,campo largo,PR
16487,83601,-25.46063,-49.52705,campo largo,PR
16488,83602,-25.471896,-49.539207,campo largo,PR
16489,83603,-25.489346,-49.523111,campo largo,PR
16490,83604,-25.464389,-49.555176,campo largo,PR
16491,83605,-25.451027,-49.558957,campo largo,PR
16492,83606,-25.447182,-49.530913,campo largo,PR
16493,83607,-25.452381,-49.509313,campo largo,PR
16494,83608,-25.445705,-49.442463,campo largo,PR
16495,83609,-25.460684,-49.414833,campo largo,PR
16496,83648,-25.330219,-49.491612,campo largo,PR
16497,83650,-25.572387,-49.627072,balsa nova,PR
16498,83660,-25.581093,-48.354021,bugre,PR
16499,83700,-25.594952,-49.415245,araucaria,PR
16500,83701,-25.599139,-49.388939,araucaria,PR
16501,83702,-25.59056,-49.402903,araucaria,PR
16502,83703,-25.582425,-49.405802,araucaria,PR
16503,83704,-25.574278,-49.410966,araucaria,PR
16504,83705,-25.565034,-49.39538,araucaria,PR
16505,83706,-25.544845,-49.385756,araucaria,PR
16506,83707,-25.544197,-49.36015,araucaria,PR
16507,83708,-25.588053,-49.38222,araucaria,PR
16508,83709,-25.613509,-49.372826,araucaria,PR
16509,83730,-25.679028,-49.534793,contenda,PR
16510,83750,-25.764399,-49.719699,lapa,PR
16511,83760,-25.509432,-49.298553,mariental,PR
16512,83800,-25.771005,-49.325006,mandirituba,PR
16513,83810,-20.385421,-47.335281,areia branca dos assis,PR
16514,83820,-25.64564,-49.302005,fazenda rio grande,PR
16515,83823,-25.659379,-49.300548,fazenda rio grande,PR
16516,83824,-25.673554,-49.305081,fazenda rio grande,PR
16517,83825,-25.70064,-49.30528,fazenda rio grande,PR
16518,83829,-25.657027,-49.325638,fazenda rio grande,PR
16519,83830,-25.673691,-49.32809,fazenda rio grande,PR
16520,83833,-25.643606,-49.323459,fazenda rio grande,PR
16521,83840,-25.872332,-49.50051,quitandinha,PR
16522,83850,-25.986455,-49.334736,agudos do sul,PR
16523,83860,-26.097891,-49.428851,pien,PR
16524,83870,-25.984014,-49.679103,campo do tenente,PR
16525,83880,-26.095219,-49.787436,rio negro,PR
16526,83900,-25.869926,-50.38757,sao mateus do sul,PR
16527,83980,-25.973969,-50.186004,antonio olinto,PR
16528,84010,-25.094195,-50.160951,ponta grossa,PR
16529,84015,-25.07576,-50.159127,ponta grossa,PR
16530,84016,-25.067733,-50.143876,ponta grossa,PR
16531,84020,-25.079672,-50.132137,ponta grossa,PR
16532,84021,-25.074633,-50.13318,ponta grossa,PR
16533,84022,-25.064091,-50.112166,ponta grossa,PR
16534,84025,-25.090745,-50.137801,ponta grossa,PR
16535,84026,-25.102144,-50.143233,ponta grossa,PR
16536,84030,-25.08679,-50.108663,ponta grossa,PR
16537,84031,-25.098472,-50.118237,ponta grossa,PR
16538,84032,-25.105604,-50.107288,ponta grossa,PR
16539,84033,-25.116586,-50.1174,ponta grossa,PR
16540,84035,-25.108228,-50.152389,ponta grossa,PR
16541,84036,-25.126231,-50.145451,ponta grossa,PR
16542,84037,-25.136264,-50.141706,ponta grossa,PR
16543,84040,-25.108991,-50.161559,ponta grossa,PR
16544,84043,-25.159795,-50.144474,ponta grossa,PR
16545,84045,-25.127554,-50.157417,ponta grossa,PR
16546,84046,-25.142821,-50.168384,ponta grossa,PR
16547,84050,-25.110241,-50.170988,ponta grossa,PR
16548,84051,-25.099497,-50.177141,ponta grossa,PR
16549,84052,-25.093191,-50.194557,ponta grossa,PR
16550,84053,-25.087433,-50.18315,ponta grossa,PR
16551,84060,-25.111737,-50.207824,ponta grossa,PR
16552,84061,-25.09601,-50.204297,ponta grossa,PR
16553,84062,-25.083308,-50.204885,ponta grossa,PR
16554,84063,-25.066914,-50.211055,ponta grossa,PR
16555,84064,-25.050294,-50.233409,ponta grossa,PR
16556,84065,-25.048809,-50.26939,ponta grossa,PR
16557,84070,-25.078987,-50.176989,ponta grossa,PR
16558,84071,-25.065041,-50.179398,ponta grossa,PR
16559,84072,-25.052631,-50.169638,ponta grossa,PR
16560,84073,-25.057805,-50.164303,ponta grossa,PR
16561,84130,-25.423232,-49.999111,palmeira,PR
16562,84140,-25.548072,-49.893112,porto amazonas,PR
16563,84145,-24.947424,-50.119054,carambei,PR
16564,84150,-25.684752,-50.298283,sao joao do triunfo,PR
16565,84165,-24.793008,-50.009757,castro,PR
16566,84168,-24.775617,-50.007391,castro,PR
16567,84172,-24.793146,-49.993211,castro,PR
16568,84173,-24.792272,-49.99152,castro,PR
16569,84174,-24.803913,-49.990584,castro,PR
16570,84178,-24.806512,-50.000847,castro,PR
16571,84190,-24.771486,-49.708291,socavao,PR
16572,84196,-23.702853,-46.401559,colonia castrolanda,PR
16573,84200,-24.257636,-49.716269,jaguariaiva,PR
16574,84220,-24.113653,-49.464387,senges,PR
16575,84240,-24.533219,-49.93952,pirai do sul,PR
16576,84250,-24.448722,-50.755052,imbau,PR
16577,84261,-24.328479,-50.619083,telemaco borba,PR
16578,84262,-24.321955,-50.622067,telemaco borba,PR
16579,84263,-24.324865,-50.612421,telemaco borba,PR
16580,84264,-24.340573,-50.613675,telemaco borba,PR
16581,84265,-24.334721,-50.625245,telemaco borba,PR
16582,84266,-24.332634,-50.636486,telemaco borba,PR
16583,84267,-24.326576,-50.640496,telemaco borba,PR
16584,84268,-24.322885,-50.633409,telemaco borba,PR
16585,84269,-24.332498,-50.655169,telemaco borba,PR
16586,84270,-24.318599,-50.647729,telemaco borba,PR
16587,84271,-24.317742,-50.656939,telemaco borba,PR
16588,84272,-24.315959,-50.630095,telemaco borba,PR
16589,84275,-24.252255,-51.676066,harmonia,PR
16590,84280,-24.038078,-50.456947,curiuva,PR
16591,84285,-23.849618,-50.403529,figueira,PR
16592,84290,-23.910388,-50.580073,sapopema,PR
16593,84300,-24.515143,-50.412569,tibagi,PR
16594,84315,-24.623004,-50.640591,caetano mendes,PR
16595,84320,-24.652372,-50.849636,reserva,PR
16596,84345,-24.226296,-50.257723,ventania,PR
16597,84350,-24.20691,-50.931651,ortigueira,PR
16598,84400,-25.213199,-50.985374,prudentopolis,PR
16599,84430,-25.22981,-50.604361,imbituva,PR
16600,84435,-25.190405,-50.809098,guamiranga,PR
16601,84450,-25.024163,-50.582998,ipiranga,PR
16602,84460,-25.007538,-50.855466,ivai,PR
16603,84465,-25.029846,-50.803404,bom jardim do sul,PR
16604,84470,-24.572087,-51.335907,candido de abreu,PR
16605,84500,-25.474809,-50.650473,irati,PR
16606,84530,-25.371753,-50.460823,teixeira soares,PR
16607,84535,-25.416158,-50.550178,fernandes pinheiro,PR
16608,84550,-25.623419,-50.693188,reboucas,PR
16609,84560,-25.727563,-50.790169,rio azul,PR
16610,84570,-25.883948,-50.826471,mallet,PR
16611,84600,-26.229754,-51.085322,uniao da vitoria,PR
16612,84601,-26.259573,-51.100129,uniao da vitoria,PR
16613,84602,-26.243842,-51.121722,uniao da vitoria,PR
16614,84603,-26.230622,-51.061942,uniao da vitoria,PR
16615,84604,-26.222755,-51.043738,uniao da vitoria,PR
16616,84605,-26.210891,-51.086955,uniao da vitoria,PR
16617,84607,-26.223803,-51.061512,uniao da vitoria,PR
16618,84608,-26.202411,-51.055181,uniao da vitoria,PR
16619,84615,-26.164234,-51.224642,porto vitoria,PR
16620,84620,-26.013641,-51.346656,cruz machado,PR
16621,84630,-26.204273,-50.931575,paula freitas,PR
16622,84635,-26.043345,-50.828669,paulo frontin,PR
16623,84640,-26.160122,-51.548736,bituruna,PR
16624,84660,-26.420874,-51.315024,general carneiro,PR
16625,84900,-23.842319,-50.194297,ibaiti,PR
16626,84914,-23.707147,-50.224573,ibaiti,PR
16627,84920,-23.812156,-50.140339,japira,PR
16628,84925,-23.789784,-50.058606,pinhalao,PR
16629,84930,-23.742587,-50.073431,jaboti,PR
16630,84935,-23.777459,-49.954663,tomazina,PR
16631,84940,-23.679793,-49.820496,siqueira campos,PR
16632,84945,-23.605129,-49.627785,salto do itarare,PR
16633,84950,-23.876833,-49.802166,wenceslau braz,PR
16634,84970,-23.755571,-49.628232,santana do itarare,PR
16635,84980,-23.924936,-49.660384,sao jose da boa vista,PR
16636,84990,-24.142432,-49.823301,arapoti,PR
16637,85010,-25.391919,-51.467252,guarapuava,PR
16638,85012,-25.404165,-51.460147,guarapuava,PR
16639,85015,-25.405404,-51.47136,guarapuava,PR
16640,85020,-25.409491,-51.487368,guarapuava,PR
16641,85022,-25.41495,-51.474638,guarapuava,PR
16642,85023,-25.419582,-51.482752,guarapuava,PR
16643,85025,-25.397601,-51.491221,guarapuava,PR
16644,85027,-25.402942,-51.498304,guarapuava,PR
16645,85030,-25.389441,-51.506424,guarapuava,PR
16646,85031,-25.411464,-51.55704,guarapuava,PR
16647,85035,-25.384555,-51.478098,guarapuava,PR
16648,85040,-25.376502,-51.490031,guarapuava,PR
16649,85045,-25.377112,-51.481611,guarapuava,PR
16650,85050,-25.356787,-51.474421,guarapuava,PR
16651,85053,-25.351551,-51.490625,guarapuava,PR
16652,85055,-25.371506,-51.469257,guarapuava,PR
16653,85060,-25.370407,-51.461365,guarapuava,PR
16654,85063,-25.360723,-51.456538,guarapuava,PR
16655,85064,-25.360298,-51.438081,guarapuava,PR
16656,85065,-25.381497,-51.454154,guarapuava,PR
16657,85067,-25.377162,-51.443976,guarapuava,PR
16658,85070,-25.392485,-51.450424,guarapuava,PR
16659,85138,-25.534957,-51.506343,vitoria,PR
16660,85139,-25.272807,-50.070091,vitoria,PR
16661,85140,-25.565677,-52.043037,candoi,PR
16662,85145,-25.736095,-52.118304,foz do jordao,PR
16663,85148,-25.109855,-51.801253,campina do simao,PR
16664,85150,-25.040193,-51.531492,turvo,PR
16665,85155,-25.57936,-51.082231,inacio martins,PR
16666,85160,-25.375967,-52.123071,cantagalo,PR
16667,85162,-25.198667,-51.994784,goioxim,PR
16668,85168,-25.114086,-52.257595,marquinho,PR
16669,85170,-25.696373,-51.656809,pinhao,PR
16670,85174,-25.691745,-51.663177,pinhao,PR
16671,85195,-25.816391,-52.053451,reserva do iguacu,PR
16672,85200,-24.757624,-51.76658,pitanga,PR
16673,85225,-24.878991,-51.549369,boa ventura de sao roque,PR
16674,85230,-24.933944,-51.884627,santa maria do oeste,PR
16675,85240,-24.702656,-52.160033,mato rico,PR
16676,85250,-24.443513,-51.949897,nova tebas,PR
16677,85260,-24.519484,-51.670703,manoel ribas,PR
16678,85270,-24.885507,-52.210369,palmital,PR
16679,85275,-24.891271,-52.476211,laranjal,PR
16680,85280,-24.799898,-52.715541,altamira do parana,PR
16681,85301,-25.406806,-52.412373,laranjeiras do sul,PR
16682,85302,-25.41144,-52.421235,laranjeiras do sul,PR
16683,85303,-25.390673,-52.403719,laranjeiras do sul,PR
16684,85304,-25.41076,-52.405494,laranjeiras do sul,PR
16685,85340,-25.496911,-52.525503,rio bonito do iguacu,PR
16686,85345,-25.55269,-52.413112,porto barreiro,PR
16687,85350,-25.302873,-52.540542,nova laranjeiras,PR
16688,85390,-25.382085,-52.205286,virmond,PR
16689,85400,-25.100587,-52.868836,guaraniacu,PR
16690,85408,-25.044255,-52.680876,diamante do sul,PR
16691,85410,-24.526763,-53.259534,nova aurora,PR
16692,85415,-24.622434,-53.322141,cafelandia,PR
16693,85420,-24.79644,-53.298547,corbelia,PR
16694,85422,-24.639062,-53.212322,ouro verde do piquiri,PR
16695,85423,-24.713554,-53.087113,iguatu,PR
16696,85425,-24.644736,-53.133568,anahy,PR
16697,85430,-24.819294,-53.118747,braganey,PR
16698,85440,-24.542287,-52.98951,ubirata,PR
16699,85450,-25.033484,-52.992045,campo bonito,PR
16700,85460,-25.453825,-52.910123,quedas do iguacu,PR
16701,85465,-25.423016,-52.832271,espigao alto do iguacu,PR
16702,85470,-25.205745,-53.153642,catanduvas,PR
16703,85478,-25.11707,-53.015976,ibema,PR
16704,85485,-25.423227,-53.185513,tres barras do parana,PR
16705,85500,-26.253352,-52.672815,pato branco,PR
16706,85501,-26.226542,-52.674506,pato branco,PR
16707,85502,-26.232072,-52.684621,pato branco,PR
16708,85503,-26.207581,-52.684635,pato branco,PR
16709,85504,-26.216869,-52.667316,pato branco,PR
16710,85505,-26.230352,-52.662979,pato branco,PR
16711,85506,-26.243639,-52.674239,pato branco,PR
16712,85507,-26.255825,-52.677703,pato branco,PR
16713,85508,-26.266511,-52.683225,pato branco,PR
16714,85509,-26.24116,-52.702353,pato branco,PR
16715,85514,-26.092657,-52.645376,sao roque do chopim,PR
16716,85515,-26.074538,-52.835327,bom sucesso do sul,PR
16717,85520,-26.265753,-52.779406,vitorino,PR
16718,85525,-26.354875,-52.554312,mariopolis,PR
16719,85530,-26.407394,-52.356973,clevelandia,PR
16720,85540,-25.940246,-52.176643,mangueirinha,PR
16721,85548,-26.151755,-52.382035,honorio serpa,PR
16722,85550,-25.984478,-52.567942,coronel vivida,PR
16723,85555,-26.484801,-51.989905,palmas,PR
16724,85557,-26.224444,-52.030143,coronel domingos soares,PR
16725,85560,-25.854475,-52.530101,chopinzinho,PR
16726,85565,-25.699912,-52.720688,sulina,PR
16727,85568,-25.695818,-52.618725,saudade do iguacu,PR
16728,85570,-25.825982,-52.728642,sao joao,PR
16729,85571,-22.726561,-43.449195,dois irmãos,PR
16730,85575,-25.707282,-52.918779,sao jorge d'oeste,PR
16731,85579,-25.608284,-53.005908,sao jorge doeste,PR
16732,85580,-25.964884,-52.82102,itapejara d'oeste,PR
16733,85585,-25.878073,-52.913136,vere,PR
16734,85598,-25.603643,-53.125338,cruzeiro do iguacu,PR
16735,85601,-26.080457,-53.053808,francisco beltrao,PR
16736,85602,-26.06878,-53.068409,francisco beltrao,PR
16737,85603,-26.046146,-53.056723,francisco beltrao,PR
16738,85604,-26.065019,-53.050622,francisco beltrao,PR
16739,85605,-26.071858,-53.040705,francisco beltrao,PR
16740,85606,-26.0359,-53.053226,francisco beltrao,PR
16741,85610,-26.157999,-52.970573,renascenca,PR
16742,85615,-26.149384,-53.029455,marmeleiro,PR
16743,85618,-26.25681,-53.304384,flor da serra do sul,PR
16744,85620,-26.174121,-53.360771,salgado filho,PR
16745,85628,-26.144615,-53.309888,manfrinopolis,PR
16746,85630,-25.944357,-53.162817,eneas marques,PR
16747,85635,-25.900173,-53.261479,nova esperanca do sudoeste,PR
16748,85640,-25.919096,-53.474002,ampere,PR
16749,85650,-25.817721,-53.480176,santa izabel do oeste,PR
16750,85660,-25.748768,-53.059914,dois vizinhos,PR
16751,85670,-25.783831,-53.308486,salto do lontra,PR
16752,85680,-25.63589,-53.214527,boa esperanca do iguacu,PR
16753,85685,-25.634145,-53.347753,nova prata do iguacu,PR
16754,85700,-26.253878,-53.633639,barracao,PR
16755,85708,-26.194314,-53.598882,bom jesus do sul,PR
16756,85710,-26.029223,-53.676867,santo antonio do sudoeste,PR
16757,85727,-26.03031,-53.485541,pinhal de sao bento,PR
16758,85730,-26.016877,-53.739256,pranchita,PR
16759,85740,-25.827123,-53.740694,perola d'oeste,PR
16760,85745,-25.88044,-53.66693,bela vista da caroba,PR
16761,85750,-25.720277,-53.764993,planalto,PR
16762,85760,-25.668789,-53.804574,capanema,PR
16763,85770,-25.771368,-53.533527,realeza,PR
16764,85780,-25.436928,-53.408164,boa vista da aparecida,PR
16765,85790,-25.486641,-53.601034,capitao leonidas marques,PR
16766,85794,-24.188911,-52.687366,alto alegre do iguacu,PR
16767,85795,-25.405715,-53.567014,santa lucia,PR
16768,85801,-24.958866,-53.462718,cascavel,PR
16769,85802,-24.966131,-53.466409,cascavel,PR
16770,85803,-24.982615,-53.461254,cascavel,PR
16771,85804,-24.986481,-53.493566,cascavel,PR
16772,85805,-24.964935,-53.484676,cascavel,PR
16773,85806,-24.960881,-53.505457,cascavel,PR
16774,85807,-24.945647,-53.488008,cascavel,PR
16775,85808,-24.951323,-53.51534,cascavel,PR
16776,85810,-24.95125,-53.466942,cascavel,PR
16777,85811,-24.941283,-53.470125,cascavel,PR
16778,85812,-24.94948,-53.447692,cascavel,PR
16779,85813,-24.937062,-53.451391,cascavel,PR
16780,85814,-24.920662,-53.428424,cascavel,PR
16781,85815,-24.933991,-53.42376,cascavel,PR
16782,85816,-24.951514,-53.424962,cascavel,PR
16783,85817,-24.942199,-53.410037,cascavel,PR
16784,85818,-24.967869,-53.410529,cascavel,PR
16785,85819,-24.978313,-53.446158,cascavel,PR
16786,85820,-24.913594,-53.450807,cascavel,PR
16787,85822,-24.82694,-53.64611,sede alvorada,PR
16788,85824,-23.195196,-47.288885,rio do salto,PR
16789,85825,-25.053616,-53.61979,santa tereza do oeste,PR
16790,85826,-25.266987,-53.573023,lindoeste,PR
16791,85830,-24.296045,-53.315138,formosa do oeste,PR
16792,85833,-24.429586,-53.355199,iracema do oeste,PR
16793,85835,-24.384577,-53.388242,jesuitas,PR
16794,85840,-25.14685,-53.849627,ceu azul,PR
16795,85845,-25.06122,-53.877837,vera cruz do oeste,PR
16796,85851,-25.541775,-54.584753,foz do iguacu,PR
16797,85852,-25.539178,-54.574963,foz do iguacu,PR
16798,85853,-25.555875,-54.563845,foz do iguacu,PR
16799,85854,-25.568564,-54.569383,foz do iguacu,PR
16800,85855,-25.579394,-54.568724,foz do iguacu,PR
16801,85856,-25.540815,-54.553345,foz do iguacu,PR
16802,85857,-25.531326,-54.555933,foz do iguacu,PR
16803,85858,-25.527459,-54.541793,foz do iguacu,PR
16804,85859,-25.513535,-54.534756,foz do iguacu,PR
16805,85860,-25.499197,-54.567433,foz do iguacu,PR
16806,85861,-25.499985,-54.557806,foz do iguacu,PR
16807,85862,-25.488241,-54.521233,foz do iguacu,PR
16808,85863,-25.523019,-54.567913,foz do iguacu,PR
16809,85864,-25.522751,-54.584531,foz do iguacu,PR
16810,85865,-25.511461,-54.585681,foz do iguacu,PR
16811,85866,-25.500397,-54.577544,foz do iguacu,PR
16812,85867,-25.4778,-54.585435,foz do iguacu,PR
16813,85868,-25.488481,-54.576738,foz do iguacu,PR
16814,85869,-25.490611,-54.557626,foz do iguacu,PR
16815,85870,-25.454437,-54.570434,foz do iguacu,PR
16816,85875,-25.442209,-54.402265,santa terezinha de itaipu,PR
16817,85877,-25.352964,-54.227559,sao miguel do iguacu,PR
16818,85878,-25.368939,-54.158713,aurora do iguacu,PR
16819,85880,-25.148444,-54.30264,itaipulandia,PR
16820,85883,-23.163122,-53.307797,sao jose do itavo,PR
16821,85884,-25.293829,-54.095636,medianeira,PR
16822,85885,-25.406974,-54.043423,serranopolis do iguacu,PR
16823,85887,-25.194145,-53.900432,matelandia,PR
16824,85888,-25.119339,-54.028402,ramilandia,PR
16825,85890,-25.094095,-54.243226,missal,PR
16826,85892,-24.867014,-54.33187,santa helena,PR
16827,85896,-24.942648,-54.103997,diamante d'oeste,PR
16828,85898,-24.835995,-54.060726,sao jose das palmeiras,PR
16829,85900,-24.7281,-53.739342,toledo,PR
16830,85901,-24.736803,-53.740409,toledo,PR
16831,85902,-24.733572,-53.752662,toledo,PR
16832,85903,-24.71816,-53.758936,toledo,PR
16833,85904,-24.711284,-53.747891,toledo,PR
16834,85905,-24.713246,-53.735013,toledo,PR
16835,85906,-24.720664,-53.720091,toledo,PR
16836,85907,-24.745102,-53.708665,toledo,PR
16837,85908,-24.735816,-53.706848,toledo,PR
16838,85909,-24.739152,-53.723777,toledo,PR
16839,85910,-24.749816,-53.724399,toledo,PR
16840,85911,-24.760475,-53.73388,toledo,PR
16841,85912,-24.762805,-53.734931,toledo,PR
16842,85913,-24.75205,-53.742646,toledo,PR
16843,85914,-24.744945,-53.746592,toledo,PR
16844,85915,-24.762775,-53.744154,toledo,PR
16845,85920,-24.678575,-53.915974,dez de maio,PR
16846,85925,-24.62606,-53.75867,novo sobradinho,PR
16847,85926,-24.576362,-53.800518,vila nova,PR
16848,85927,-24.547383,-53.896246,novo sarandi,PR
16849,85929,-24.912359,-53.889155,sao pedro do iguacu,PR
16850,85930,-24.462643,-53.955834,nova santa rosa,PR
16851,85933,-24.773786,-53.905085,ouro verde do oeste,PR
16852,85935,-24.400604,-53.515927,assis chateaubriand,PR
16853,85936,-24.418291,-53.655716,encantado d'oeste,PR
16854,85937,-24.609389,-53.616029,bragantina,PR
16855,85940,-24.57174,-53.97663,quatro pontes,PR
16856,85945,-24.600116,-53.507967,tupassi,PR
16857,85948,-24.625505,-54.227162,pato bragado,PR
16858,85950,-24.283851,-53.838069,palotina,PR
16859,85952,-24.191289,-53.912802,são camilo,PR
16860,85955,-24.421813,-53.828036,maripa,PR
16861,85957,-24.479572,-53.796086,maripa,PR
16862,85960,-24.55478,-54.058914,marechal candido rondon,PR
16863,85976,-24.488823,-54.304494,porto mendes,PR
16864,85980,-24.087065,-54.250983,guaira,PR
16865,85985,-24.251427,-54.265805,doutor oliveira castro,PR
16866,85988,-24.70347,-54.240539,entre rios do oeste,PR
16867,85990,-24.169311,-54.096762,terra roxa,PR
16868,85995,-24.368934,-54.015472,santa rita do oeste,PR
16869,85998,-24.449587,-54.169611,mercedes,PR
16870,86010,-23.318383,-51.156971,londrina,PR
16871,86015,-23.328271,-51.161063,londrina,PR
16872,86020,-23.312555,-51.167312,londrina,PR
16873,86025,-23.297899,-51.16404,londrina,PR
16874,86026,-23.308724,-51.155375,londrina,PR
16875,86027,-23.301399,-51.144643,londrina,PR
16876,86030,-23.294756,-51.129265,londrina,PR
16877,86031,-23.283898,-51.12037,londrina,PR
16878,86032,-23.290407,-51.096605,londrina,PR
16879,86035,-23.31057,-51.135328,londrina,PR
16880,86036,-23.317294,-51.125206,londrina,PR
16881,86037,-23.320737,-51.11276,londrina,PR
16882,86038,-23.32731,-51.123457,londrina,PR
16883,86039,-23.321031,-51.141763,londrina,PR
16884,86040,-23.338786,-51.136127,londrina,PR
16885,86041,-23.355593,-51.138807,londrina,PR
16886,86042,-23.368059,-51.141817,londrina,PR
16887,86043,-23.363989,-51.133687,londrina,PR
16888,86044,-23.386563,-51.132706,londrina,PR
16889,86045,-23.367313,-51.157572,londrina,PR
16890,86046,-23.347415,-51.148234,londrina,PR
16891,86047,-23.347957,-51.167952,londrina,PR
16892,86049,-23.370298,-51.153277,londrina,PR
16893,86050,-23.331632,-51.176354,londrina,PR
16894,86055,-23.33754,-51.189336,londrina,PR
16895,86056,-23.327452,-51.222503,londrina,PR
16896,86057,-23.32329,-51.209427,londrina,PR
16897,86058,-23.348574,-51.204005,londrina,PR
16898,86060,-23.31225,-51.175615,londrina,PR
16899,86061,-23.31351,-51.179415,londrina,PR
16900,86062,-23.305818,-51.187058,londrina,PR
16901,86063,-23.311924,-51.197107,londrina,PR
16902,86065,-23.303855,-51.203159,londrina,PR
16903,86066,-23.313521,-51.212669,londrina,PR
16904,86067,-23.293162,-51.223077,londrina,PR
16905,86070,-23.296557,-51.182084,londrina,PR
16906,86071,-23.292413,-51.196552,londrina,PR
16907,86072,-23.286348,-51.205107,londrina,PR
16908,86073,-23.281673,-51.189308,londrina,PR
16909,86075,-23.2868,-51.167422,londrina,PR
16910,86076,-23.286483,-51.17799,londrina,PR
16911,86077,-23.277509,-51.166923,londrina,PR
16912,86078,-23.277276,-51.154031,londrina,PR
16913,86079,-23.287462,-51.155303,londrina,PR
16914,86080,-23.275191,-51.177321,londrina,PR
16915,86081,-23.266347,-51.184972,londrina,PR
16916,86082,-23.257772,-51.172172,londrina,PR
16917,86083,-23.266421,-51.170567,londrina,PR
16918,86084,-23.263389,-51.157087,londrina,PR
16919,86085,-23.252544,-51.146346,londrina,PR
16920,86086,-23.257296,-51.138167,londrina,PR
16921,86087,-23.274046,-51.146636,londrina,PR
16922,86088,-23.262925,-51.146172,londrina,PR
16923,86089,-23.251302,-51.209754,londrina,PR
16924,86112,-23.528584,-51.083339,paiquere,PR
16925,86125,-23.724949,-51.095688,tamarana,PR
16926,86130,-22.993306,-51.195898,bela vista do paraiso,PR
16927,86140,-22.853082,-51.026272,primeiro de maio,PR
16928,86150,-22.77911,-51.229741,alvorada do sul,PR
16929,86160,-22.752278,-51.379581,porecatu,PR
16930,86165,-22.866535,-51.390489,florestopolis,PR
16931,86170,-23.058947,-51.037482,sertanopolis,PR
16932,86181,-23.279562,-51.283237,cambe,PR
16933,86182,-23.273275,-51.281642,cambe,PR
16934,86183,-23.273636,-51.255456,cambe,PR
16935,86184,-23.266458,-51.280441,cambe,PR
16936,86185,-23.28928,-51.242913,cambe,PR
16937,86186,-23.296892,-51.239942,cambe,PR
16938,86187,-23.305535,-51.219109,cambe,PR
16939,86188,-23.307692,-51.22669,cambe,PR
16940,86189,-23.298285,-51.260515,cambé,PR
16941,86191,-23.285808,-51.264368,cambe,PR
16942,86192,-23.286454,-51.274297,cambe,PR
16943,86200,-23.269487,-51.053058,ibipora,PR
16944,86210,-23.257189,-50.971098,jataizinho,PR
16945,86220,-23.374685,-50.845905,assai,PR
16946,86225,-23.51829,-50.783927,santa cecilia do pavao,PR
16947,86230,-23.331288,-50.718307,nova america da colina,PR
16948,86240,-23.465076,-50.760843,sao sebastiao da amoreira,PR
16949,86250,-23.587943,-50.763012,nova santa barbara,PR
16950,86270,-23.718458,-50.742663,sao jeronimo da serra,PR
16951,86280,-23.202285,-50.79376,urai,PR
16952,86285,-23.230049,-50.85865,cruzeiro do norte,PR
16953,86290,-23.071836,-50.914431,rancho alegre,PR
16954,86300,-23.181326,-50.649336,cornelio procopio,PR
16955,86305,-23.200658,-50.72308,congonhas,PR
16956,86310,-23.433677,-50.561759,nova fatima,PR
16957,86315,-23.492814,-50.643874,santo antonio do paraiso,PR
16958,86320,-23.553601,-50.549812,congonhinhas,PR
16959,86330,-23.07927,-50.750152,leopolis,PR
16960,86340,-23.037058,-50.817572,sertaneja,PR
16961,86350,-23.147321,-50.519318,santa mariana,PR
16962,86358,-22.952379,-50.586279,panema,PR
16963,86360,-23.111464,-50.372153,bandeirantes,PR
16964,86370,-23.267588,-50.42845,santa amelia,PR
16965,86375,-23.01778,-50.406535,itambaraca,PR
16966,86380,-23.048557,-50.230495,andira,PR
16967,86385,-23.112718,-50.17586,barra do jacare,PR
16968,86390,-23.041672,-50.075223,cambara,PR
16969,86400,-23.158311,-49.975899,jacarezinho,PR
16970,86410,-23.196499,-49.757811,ribeirao claro,PR
16971,86420,-23.42768,-49.718146,carlopolis,PR
16972,86430,-23.295088,-50.075605,santo antonio da platina,PR
16973,86450,-23.568348,-49.913688,quatigua,PR
16974,86455,-23.500096,-49.922072,joaquim tavora,PR
16975,86460,-23.304617,-50.310828,abatia,PR
16976,86465,-23.51574,-50.043406,guapirama,PR
16977,86470,-23.437682,-50.247633,jundiai do sul,PR
16978,86480,-23.623815,-50.169558,conselheiro mairinck,PR
16979,86490,-23.409268,-50.357745,ribeirao do pinhal,PR
16980,86600,-23.312218,-51.363795,rolandia,PR
16981,86601,-23.301261,-51.363239,rolandia,PR
16982,86602,-23.302944,-51.39103,rolandia,PR
16983,86604,-23.317904,-51.390945,rolandia,PR
16984,86605,-23.323129,-51.370479,rolandia,PR
16985,86606,-23.336079,-51.39359,rolandia,PR
16986,86609,-23.195147,-51.441439,sao martinho,PR
16987,86610,-23.11377,-51.533751,jaguapita,PR
16988,86613,-23.233876,-51.583492,pitangueiras,PR
16989,86615,-22.966319,-51.484467,miraselva,PR
16990,86618,-23.039673,-51.44254,prado ferreira,PR
16991,86620,-22.969028,-51.648183,guaraci,PR
16992,86625,-22.92992,-51.714459,bentopolis,PR
16993,86630,-22.82254,-51.59554,centenario do sul,PR
16994,86635,-22.754873,-51.658304,lupionopolis,PR
16995,86640,-22.789554,-51.715316,cafeara,PR
16996,86650,-22.693416,-51.789177,santo inacio,PR
16997,86660,-22.639303,-51.903612,santa inês,PR
16998,86670,-22.617652,-51.96734,itaguaje,PR
16999,86680,-22.914097,-51.797149,nossa senhora das gracas,PR
17000,86690,-22.837499,-51.973238,colorado,PR
17001,86695,-22.897388,-51.88851,alto alegre,PR
17002,86700,-23.409653,-51.435822,arapongas,PR
17003,86701,-23.407454,-51.437991,arapongas,PR
17004,86702,-23.390409,-51.446645,arapongas,PR
17005,86703,-23.39316,-51.420151,arapongas,PR
17006,86704,-23.392087,-51.417388,arapongas,PR
17007,86705,-23.408493,-51.423556,arapongas,PR
17008,86706,-23.428054,-51.424155,arapongas,PR
17009,86707,-23.424769,-51.433815,arapongas,PR
17010,86708,-23.414986,-51.444066,arapongas,PR
17011,86709,-23.411429,-51.457102,arapongas,PR
17012,86710,-23.421961,-51.429772,arapongas,PR
17013,86711,-23.407946,-51.452196,arapongas,PR
17014,86716,-23.393705,-51.424411,arapongas,PR
17015,86720,-23.321908,-51.55541,sabaudia,PR
17016,86730,-23.236589,-51.667931,astorga,PR
17017,86742,-23.174477,-51.678167,santa zelia,PR
17018,86744,-23.170581,-51.635535,icara,PR
17019,86750,-23.203188,-51.83196,iguaracu,PR
17020,86755,-23.193794,-51.916124,angulo,PR
17021,86760,-23.148614,-51.774255,munhoz de melo,PR
17022,86770,-23.03951,-51.810297,santa fe,PR
17023,86780,-23.087348,-51.954439,florida,PR
17024,86790,-23.009591,-51.951796,lobato,PR
17025,86800,-23.554567,-51.465842,apucarana,PR
17026,86801,-23.557124,-51.486514,apucarana,PR
17027,86802,-23.568851,-51.468748,apucarana,PR
17028,86803,-23.531683,-51.456044,apucarana,PR
17029,86804,-23.540818,-51.451526,apucarana,PR
17030,86805,-23.539909,-51.442118,apucarana,PR
17031,86806,-23.526876,-51.433775,apucarana,PR
17032,86807,-23.546636,-51.437662,apucarana,PR
17033,86808,-23.554637,-51.450245,apucarana,PR
17034,86809,-23.56359,-51.454647,apucarana,PR
17035,86810,-23.5701,-51.454696,apucarana,PR
17036,86811,-23.561766,-51.443072,apucarana,PR
17037,86812,-23.55443,-51.427765,apucarana,PR
17038,86813,-23.571283,-51.442745,apucarana,PR
17039,86818,-23.560256,-51.529923,pirapo,PR
17040,86819,-23.612035,-51.408433,vila reis,PR
17041,86820,-23.665349,-51.356516,california,PR
17042,86825,-23.748216,-51.303435,marilandia do sul,PR
17043,86828,-23.900114,-51.227737,maua da serra,PR
17044,86830,-23.762726,-51.413376,rio bom,PR
17045,86840,-23.998413,-51.323423,faxinal,PR
17046,86845,-24.151599,-51.49481,grandes rios,PR
17047,86848,-24.324915,-51.311128,rio branco do ivai,PR
17048,86850,-24.254868,-51.251499,rosario do ivai,PR
17049,86855,-23.994054,-51.44224,cruzmaltina,PR
17050,86860,-24.179839,-51.689655,jardim alegre,PR
17051,86865,-24.090835,-51.646669,lidianopolis,PR
17052,86870,-24.246736,-51.670656,ivaipora,PR
17053,86880,-24.383753,-51.581469,ariranha do ivai,PR
17054,86884,-24.313832,-51.804911,arapua,PR
17055,86890,-23.6055,-51.577531,cambira,PR
17056,86895,-23.764646,-51.506708,novo itacolomi,PR
17057,86900,-23.60264,-51.644629,jandaia do sul,PR
17058,86910,-23.707128,-51.640219,marumbi,PR
17059,86920,-23.829552,-51.673147,kalore,PR
17060,86925,-23.940207,-51.58528,borrazopolis,PR
17061,86930,-23.993092,-51.819048,sao joao do ivai,PR
17062,86931,-23.957501,-51.915794,luar,PR
17063,86932,-24.090375,-54.255825,ubauna,PR
17064,86935,-24.078304,-51.74317,lunardelli,PR
17065,86938,-24.194417,-51.924767,godoy moreira,PR
17066,86940,-23.709454,-51.767729,bom sucesso,PR
17067,86945,-23.894341,-51.81209,sao pedro do ivai,PR
17068,86950,-23.915806,-51.979298,fenix,PR
17069,86960,-24.02782,-52.009562,barbosa ferraz,PR
17070,86970,-24.100903,-52.117069,corumbatai do sul,PR
17071,86975,-23.522031,-51.678107,mandaguari,PR
17072,86990,-23.484246,-51.799108,marialva,PR
17073,86995,-23.584743,-51.902743,aquidaban,PR
17074,87005,-23.442618,-51.927987,maringa,PR
17075,87010,-23.437473,-51.935435,maringa,PR
17076,87013,-23.422728,-51.938295,maringa,PR
17077,87014,-23.428923,-51.948296,maringa,PR
17078,87015,-23.428545,-51.95874,maringa,PR
17079,87020,-23.412402,-51.942288,maringa,PR
17080,87023,-23.390317,-51.935531,maringa,PR
17081,87024,-23.370015,-51.944351,maringa,PR
17082,87025,-23.382349,-51.92805,maringa,PR
17083,87030,-23.413533,-51.927282,maringa,PR
17084,87031,-23.42198,-51.934054,maringa,PR
17085,87033,-23.400653,-51.918841,maringa,PR
17086,87035,-23.387887,-51.908937,maringa,PR
17087,87040,-23.413497,-51.907494,maringa,PR
17088,87043,-23.401208,-51.894249,maringa,PR
17089,87045,-23.424648,-51.895755,maringa,PR
17090,87047,-23.414367,-51.886003,maringa,PR
17091,87050,-23.430727,-51.918101,maringa,PR
17092,87053,-23.458446,-51.919682,maringa,PR
17093,87055,-23.45097,-51.90462,maringa,PR
17094,87060,-23.449183,-51.953885,maringa,PR
17095,87062,-23.465022,-51.951479,maringa,PR
17096,87063,-23.468198,-51.925016,maringa,PR
17097,87065,-23.444137,-51.976353,maringa,PR
17098,87070,-23.412887,-51.980652,maringa,PR
17099,87075,-23.395741,-51.974741,maringa,PR
17100,87080,-23.407622,-51.958405,maringa,PR
17101,87083,-23.388178,-51.954976,maringa,PR
17102,87103,-23.380982,-52.047335,maringa,PR
17103,87105,-23.412309,-51.930403,maringa,PR
17104,87110,-23.441616,-51.873757,sarandi,PR
17105,87111,-23.447681,-51.870101,sarandi,PR
17106,87112,-23.455198,-51.877323,sarandi,PR
17107,87113,-23.432619,-51.873492,sarandi,PR
17108,87114,-23.433485,-51.86622,sarandi,PR
17109,87117,-23.47082,-51.87609,sarandi,PR
17110,87118,-23.437955,-51.876626,sarandi,PR
17111,87120,-23.613895,-52.082413,floresta,PR
17112,87130,-23.611765,-52.206735,ivatuba,PR
17113,87140,-23.456811,-52.039918,paicandu,PR
17114,87145,-23.501806,-52.150926,paicandu,PR
17115,87155,-23.554711,-52.218421,doutor camargo,PR
17116,87160,-23.344241,-52.099316,mandaguacu,PR
17117,87165,-23.343247,-52.09327,pulinopolis,PR
17118,87170,-23.405001,-52.194157,ourizona,PR
17119,87175,-23.65948,-51.989399,itambe,PR
17120,87180,-23.277553,-52.154266,presidente castelo branco,PR
17121,87185,-23.318167,-52.306597,florai,PR
17122,87190,-23.434666,-52.292488,sao jorge do ivai,PR
17123,87200,-23.655836,-52.609763,cianorte,PR
17124,87201,-23.647457,-52.612701,cianorte,PR
17125,87202,-23.652559,-52.628167,cianorte,PR
17126,87203,-23.656348,-52.62854,cianorte,PR
17127,87204,-23.657697,-52.631909,cianorte,PR
17128,87205,-23.67183,-52.633156,cianorte,PR
17129,87206,-23.687576,-52.6335,cianorte,PR
17130,87207,-23.675188,-52.622604,cianorte,PR
17131,87208,-23.671705,-52.608962,cianorte,PR
17132,87209,-23.664825,-52.596326,cianorte,PR
17133,87210,-23.658321,-52.590258,cianorte,PR
17134,87214,-23.605119,-52.51856,vidigal,PR
17135,87215,-23.389221,-52.630675,sao manoel do parana,PR
17136,87220,-23.535477,-52.589335,sao tome,PR
17137,87225,-23.471936,-52.555523,japura,PR
17138,87230,-23.622699,-52.470205,jussara,PR
17139,87235,-23.479174,-52.696799,indianopolis,PR
17140,87240,-23.770763,-52.447794,terra boa,PR
17141,87250,-23.916495,-52.344864,peabiru,PR
17142,87260,-23.930596,-52.499655,araruna,PR
17143,87265,-23.849896,-52.132164,quinta do sol,PR
17144,87270,-23.799832,-52.26289,engenheiro beltrao,PR
17145,87275,-25.461736,-49.286722,ivailandia,PR
17146,87280,-24.408956,-52.100568,iretama,PR
17147,87290,-24.284289,-52.276768,luiziana,PR
17148,87300,-24.041675,-52.37145,campo mourao,PR
17149,87301,-24.050007,-52.376875,campo mourao,PR
17150,87302,-24.042896,-52.385912,campo mourao,PR
17151,87303,-24.033917,-52.376089,campo mourao,PR
17152,87305,-24.048512,-52.400149,campo mourao,PR
17153,87306,-24.053841,-52.414729,campo mourao,PR
17154,87307,-24.046944,-52.365761,campo mourao,PR
17155,87308,-24.025913,-52.371067,campo mourao,PR
17156,87309,-24.020882,-52.360619,campo mourao,PR
17157,87310,-24.016334,-52.353144,campo mourao,PR
17158,87320,-24.593584,-52.278683,roncador,PR
17159,87325,-24.095231,-52.623242,farol,PR
17160,87330,-24.672427,-52.570561,nova cantu,PR
17161,87340,-24.314388,-52.529397,mambore,PR
17162,87345,-24.592118,-52.803764,campina da lagoa,PR
17163,87355,-24.418527,-52.847073,juranda,PR
17164,87357,-24.474613,-52.877759,rio verde,PR
17165,87360,-24.185834,-53.025327,goioere,PR
17166,87365,-24.279692,-53.074286,quarto centenario,PR
17167,87370,-24.05276,-53.006032,moreira sales,PR
17168,87375,-24.110383,-52.887692,paraná d'oeste,PR
17169,87380,-24.137654,-52.7832,janiopolis,PR
17170,87390,-24.243437,-52.787241,boa esperanca,PR
17171,87395,-24.302522,-52.958566,rancho alegre d'oeste,PR
17172,87400,-23.804842,-53.025116,cruzeiro do oeste,PR
17173,87408,-23.531909,-53.084044,sao silvestre,PR
17174,87430,-23.734136,-52.866003,tapejara,PR
17175,87450,-23.86705,-52.874793,tuneiras do oeste,PR
17176,87470,-24.01063,-53.151609,mariluz,PR
17177,87480,-23.616251,-53.205977,maria helena,PR
17178,87485,-23.382482,-53.291694,douradina,PR
17179,87490,-23.47196,-53.088809,nova olimpia,PR
17180,87501,-23.763198,-53.310102,umuarama,PR
17181,87502,-23.758682,-53.296553,umuarama,PR
17182,87503,-23.767701,-53.320461,umuarama,PR
17183,87504,-23.751572,-53.302013,umuarama,PR
17184,87505,-23.770143,-53.293839,umuarama,PR
17185,87506,-23.780782,-53.317841,umuarama,PR
17186,87507,-23.785628,-53.2969,umuarama,PR
17187,87508,-23.778585,-53.331123,umuarama,PR
17188,87509,-23.74312,-53.318875,umuarama,PR
17189,87510,-23.768463,-53.334626,umuarama,PR
17190,87518,-23.619535,-53.382121,serra dos dourados,PR
17191,87520,-23.769558,-53.198101,umuarama,PR
17192,87521,-23.528248,-53.465362,santa eliza,PR
17193,87525,-23.407307,-53.370586,ivate,PR
17194,87528,-23.506787,-53.729138,alto paraiso,PR
17195,87530,-23.39274,-53.620754,icaraima,PR
17196,87535,-23.733444,-53.505999,xambre,PR
17197,87538,-23.894779,-53.407507,perobal,PR
17198,87540,-23.803115,-53.681556,perola,PR
17199,87545,-23.72449,-53.810626,esperanca nova,PR
17200,87550,-23.872061,-53.893611,altonia,PR
17201,87555,-23.763919,-53.879386,sao jorge do patrocinio,PR
17202,87560,-24.004665,-53.709127,ipora,PR
17203,87565,-23.903775,-53.513943,cafezal do sul,PR
17204,87567,-24.247975,-51.676013,guaipora,PR
17205,87569,-24.012134,-53.535574,jangada,PR
17206,87570,-24.07512,-53.849695,francisco alves,PR
17207,87575,-8.474008,-35.74211,rio bonito,PR
17208,87580,-24.032902,-53.4399,alto piquiri,PR
17209,87595,-24.196994,-53.527202,brasilandia do sul,PR
17210,87600,-23.185687,-52.203123,nova esperanca,PR
17211,87630,-23.151438,-52.052258,atalaia,PR
17212,87640,-23.085717,-52.157643,uniflor,PR
17213,87650,-22.963163,-52.16303,cruzeiro do sul,PR
17214,87660,-22.930563,-52.153226,paranacity,PR
17215,87666,-22.931709,-52.15463,paranacity,PR
17216,87670,-22.751384,-52.198433,inaja,PR
17217,87680,-22.656836,-52.083649,paranapoema,PR
17218,87690,-22.552577,-52.037546,jardim olinda,PR
17219,87701,-23.084849,-52.462556,paranavai,PR
17220,87702,-23.078897,-52.464841,paranavai,PR
17221,87703,-23.067012,-52.463893,paranavai,PR
17222,87704,-23.077612,-52.457531,paranavai,PR
17223,87705,-23.081026,-52.453423,paranavai,PR
17224,87706,-23.07875,-52.440499,paranavai,PR
17225,87707,-23.08629,-52.446604,paranavai,PR
17226,87708,-23.091778,-52.454777,paranavai,PR
17227,87709,-23.081144,-52.463628,paranavai,PR
17228,87710,-23.097517,-52.47923,paranavai,PR
17229,87711,-23.096584,-52.46639,paranavai,PR
17230,87720,-23.070383,-52.415198,paranavai,PR
17231,87722,-23.084504,-52.606082,graciosa,PR
17232,87730,-22.738781,-52.345364,santo antonio do caiua,PR
17233,87740,-22.855777,-52.336971,sao joao do caiua,PR
17234,87750,-23.130061,-52.319778,alto parana,PR
17235,87760,-23.200181,-52.500132,tamboara,PR
17236,87770,-23.316647,-52.477337,sao carlos do ivai,PR
17237,87780,-23.28372,-52.60431,paraiso do norte,PR
17238,87790,-23.177394,-52.605347,nova alianca do ivai,PR
17239,87800,-23.417782,-52.772471,rondon,PR
17240,87810,-23.34092,-52.776874,guaporema,PR
17241,87820,-23.38245,-52.940809,cidade gaucha,PR
17242,87830,-23.32009,-53.072694,tapira,PR
17243,87840,-23.236494,-52.761991,mirador,PR
17244,87850,-23.094637,-52.787448,amapora,PR
17245,87860,-23.022102,-52.920085,planaltina do parana,PR
17246,87880,-22.938757,-52.687487,guairaca,PR
17247,87890,-22.724727,-52.623133,terra rica,PR
17248,87895,-22.694009,-52.719707,adhemar de barros,PR
17249,87900,-22.929583,-53.13575,loanda,PR
17250,87910,-23.004931,-53.194435,santa isabel do ivai,PR
17251,87913,-23.132248,-53.277412,sao jose do ivai,PR
17252,87915,-23.136809,-53.104919,santa monica,PR
17253,87920,-22.958328,-53.294718,santa cruz de monte castelo,PR
17254,87930,-23.084306,-53.48449,querencia do norte,PR
17255,87950,-22.774315,-53.267781,porto rico,PR
17256,87955,-22.826618,-53.213334,sao pedro do parana,PR
17257,87957,-23.130767,-53.275037,porto sao jose,PR
17258,87960,-22.737017,-53.033788,marilena,PR
17259,87970,-22.763659,-52.98823,nova londrina,PR
17260,87980,-22.729816,-52.885412,itauna do sul,PR
17261,87990,-22.659331,-52.863673,diamante do norte,PR
17262,88000,-27.468278,-48.466852,florianopolis,SC
17263,88010,-27.592262,-48.552283,florianopolis,SC
17264,88015,-27.589885,-48.55116,florianopolis,SC
17265,88020,-27.593506,-48.544165,florianopolis,SC
17266,88021,-27.611989,-48.544669,florianopolis,SC
17267,88025,-27.577948,-48.536169,florianopolis,SC
17268,88030,-27.562701,-48.513194,florianopolis,SC
17269,88032,-27.546553,-48.497691,florianopolis,SC
17270,88034,-27.584516,-48.500932,florianopolis,SC
17271,88035,-27.591045,-48.509072,florianopolis,SC
17272,88036,-27.589226,-48.522838,florianopolis,SC
17273,88037,-27.600036,-48.506014,florianopolis,SC
17274,88040,-27.604247,-48.523553,florianopolis,SC
17275,88045,-27.608361,-48.533649,florianopolis,SC
17276,88047,-27.655114,-48.531158,florianopolis,SC
17277,88048,-27.653358,-48.48292,florianopolis,SC
17278,88049,-27.685619,-48.560611,florianopolis,SC
17279,88050,-27.519388,-48.515885,florianopolis,SC
17280,88051,-27.492267,-48.526602,florianopolis,SC
17281,88052,-27.47577,-48.459979,florianopolis,SC
17282,88053,-27.442797,-48.49858,florianopolis,SC
17283,88054,-27.432213,-48.465258,florianopolis,SC
17284,88056,-27.419031,-48.426427,florianopolis,SC
17285,88058,-27.443564,-48.401724,florianopolis,SC
17286,88060,-27.488563,-48.414938,florianopolis,SC
17287,88061,-27.581468,-48.431216,florianopolis,SC
17288,88062,-27.607533,-48.470376,florianopolis,SC
17289,88063,-27.682077,-48.491112,florianopolis,SC
17290,88064,-27.724937,-48.542164,florianopolis,SC
17291,88065,-27.681404,-48.50656,florianopolis,SC
17292,88066,-27.724966,-48.506552,florianopolis,SC
17293,88067,-27.780356,-48.520951,florianopolis,SC
17294,88070,-27.59163,-48.583739,florianopolis,SC
17295,88075,-27.584786,-48.58031,florianopolis,SC
17296,88080,-27.606432,-48.580659,florianopolis,SC
17297,88085,-27.606677,-48.592649,florianopolis,SC
17298,88090,-27.592146,-48.59574,florianopolis,SC
17299,88095,-27.582476,-48.59558,florianopolis,SC
17300,88101,-27.594006,-48.623326,sao jose,SC
17301,88102,-27.596381,-48.616217,sao jose,SC
17302,88103,-27.608603,-48.629074,sao jose,SC
17303,88104,-27.621811,-48.63906,sao jose,SC
17304,88106,-27.602365,-48.642481,sao jose,SC
17305,88107,-27.580221,-48.667439,sao jose,SC
17306,88108,-27.591011,-48.623329,sao jose,SC
17307,88110,-27.574992,-48.618286,sao jose,SC
17308,88111,-27.566205,-48.625443,sao jose,SC
17309,88113,-27.55805,-48.631087,sao jose,SC
17310,88115,-27.54301,-48.634938,sao jose,SC
17311,88117,-27.579054,-48.607235,sao jose,SC
17312,88119,-27.576288,-48.645866,sao jose,SC
17313,88122,-27.599128,-48.683036,sao jose,SC
17314,88123,-27.582513,-48.716447,sao jose,SC
17315,88125,-27.568015,-48.775594,sao pedro de alcantara,SC
17316,88130,-27.636926,-48.655633,palhoca,SC
17317,88131,-27.657441,-48.66611,palhoca,SC
17318,88132,-27.648286,-48.679441,palhoca,SC
17319,88133,-27.629332,-48.664506,palhoca,SC
17320,88134,-27.680481,-48.651784,palhoca,SC
17321,88135,-27.678096,-48.687952,palhoca,SC
17322,88136,-27.64075,-48.708616,palhoca,SC
17323,88137,-27.658869,-48.664416,palhoca,SC
17324,88138,-27.753926,-48.633494,palhoca,SC
17325,88139,-27.88461,-48.59049,palhoca,SC
17326,88140,-27.688477,-48.773253,santo amaro da imperatriz,SC
17327,88150,-27.700076,-48.835443,aguas mornas,SC
17328,88160,-27.50639,-48.645036,biguacu,SC
17329,88161,-27.512838,-48.653323,biguacu,SC
17330,88162,-27.527042,-48.64345,biguaçu,SC
17331,88164,-27.493231,-48.664027,biguacu,SC
17332,88165,-27.475483,-48.662419,biguacu,SC
17333,88168,-27.443502,-48.635411,biguacu,SC
17334,88180,-27.516323,-48.768512,antonio carlos,SC
17335,88190,-27.34106,-48.552495,governador celso ramos,SC
17336,88200,-27.239373,-48.636765,tijucas,SC
17337,88210,-27.156919,-48.567615,porto belo,SC
17338,88215,-27.15729,-48.505532,bombinhas,SC
17339,88220,-27.110402,-48.608478,itapema,SC
17340,88230,-27.265664,-48.768188,canelinha,SC
17341,88240,-27.277988,-48.850807,sao joao batista,SC
17342,88260,-27.418044,-48.999602,major gercino,SC
17343,88270,-27.284124,-48.931684,nova trento,SC
17344,88295,-27.200822,-49.078374,botuvera,SC
17345,88301,-26.911537,-48.656659,itajai,SC
17346,88302,-26.918523,-48.65933,itajai,SC
17347,88303,-26.912506,-48.67409,itajai,SC
17348,88304,-26.902928,-48.677523,itajai,SC
17349,88305,-26.893511,-48.675968,itajai,SC
17350,88306,-26.938945,-48.639614,itajai,SC
17351,88307,-26.925466,-48.678499,itajai,SC
17352,88308,-26.923622,-48.695685,itajai,SC
17353,88309,-26.903877,-48.692883,itajai,SC
17354,88310,-26.892705,-48.698283,itajai,SC
17355,88311,-26.880895,-48.704603,itajai,SC
17356,88312,-26.912238,-48.705681,itajai,SC
17357,88313,-26.971308,-48.683232,itajai,SC
17358,88316,-26.943657,-48.719394,itajai,SC
17359,88317,-26.889666,-48.738157,itajai,SC
17360,88318,-26.987472,-48.79356,itajai,SC
17361,88320,-26.903488,-48.824346,ilhota,SC
17362,88330,-26.992752,-48.631976,balneario camboriu,SC
17363,88331,-26.966565,-48.635973,balneario camboriu,SC
17364,88332,-27.014352,-48.605551,balneario camboriu,SC
17365,88333,-28.081186,-49.080969,balneario camboriu,SC
17366,88334,-27.047184,-48.592884,balneario camboriu,SC
17367,88336,-27.021609,-48.61603,balneario camboriu,SC
17368,88337,-27.0067,-48.635772,balneario camboriu,SC
17369,88338,-26.976965,-48.644567,balneario camboriu,SC
17370,88339,-26.96579,-48.648148,balneario camboriu,SC
17371,88340,-27.023775,-48.648792,camboriu,SC
17372,88341,-27.034142,-48.651201,camboriu,SC
17373,88343,-27.037779,-48.638733,camboriu,SC
17374,88345,-27.030578,-48.661502,camboriu,SC
17375,88347,-27.034452,-48.662953,camboriu,SC
17376,88348,-27.002054,-48.658337,camboriu,SC
17377,88349,-26.983667,-48.68196,camboriu,SC
17378,88350,-27.107622,-48.937264,brusque,SC
17379,88351,-27.085215,-48.918268,brusque,SC
17380,88352,-27.076074,-48.892688,brusque,SC
17381,88353,-27.12336,-48.91167,brusque,SC
17382,88354,-27.109644,-48.926607,brusque,SC
17383,88355,-27.065468,-48.904261,brusque,SC
17384,88356,-27.070195,-48.865927,brusque,SC
17385,88357,-27.153394,-48.897044,brusque,SC
17386,88358,-27.157172,-48.933286,brusque,SC
17387,88359,-27.14866,-48.95773,brusque,SC
17388,88360,-27.089208,-48.98036,guabiruba,SC
17389,88370,-26.890535,-48.65522,navegantes,SC
17390,88371,-26.871391,-48.682368,navegantes,SC
17391,88372,-26.844661,-48.635252,navegantes,SC
17392,88373,-26.847357,-48.658565,navegantes,SC
17393,88374,-26.796065,-48.756289,navegantes,SC
17394,88375,-26.872431,-48.669684,navegantes,SC
17395,88380,-26.760885,-48.679643,balneario picarras,SC
17396,88385,-26.790947,-48.631576,penha,SC
17397,88390,-26.659852,-48.689001,barra velha,SC
17398,88395,-26.59796,-48.783007,sao joao do itaperiu,SC
17399,88400,-27.417855,-49.598936,ituporanga,SC
17400,88405,-26.45,-50.83333,rio bonito,SC
17401,88407,-27.589692,-49.550697,chapadao do lageado,SC
17402,88410,-27.42116,-49.782806,atalanta,SC
17403,88420,-27.407283,-49.829924,agrolandia,SC
17404,88430,-27.520769,-49.68504,petrolandia,SC
17405,88440,-27.488427,-49.42237,imbuia,SC
17406,88443,-27.391687,-49.361839,vidal ramos,SC
17407,88445,-27.507511,-49.288034,leoberto leal,SC
17408,88450,-27.700362,-49.330666,alfredo wagner,SC
17409,88460,-27.581448,-48.984373,angelina,SC
17410,88470,-27.672548,-49.023941,rancho queimado,SC
17411,88475,-27.904106,-49.12855,anitapolis,SC
17412,88485,-27.89547,-48.931472,sao bonifacio,SC
17413,88490,-27.978665,-48.682718,paulo lopes,SC
17414,88495,-28.03543,-48.627747,garopaba,SC
17415,88501,-27.817961,-50.330845,lages,SC
17416,88502,-27.814532,-50.323764,lages,SC
17417,88503,-27.826691,-50.328109,lages,SC
17418,88504,-27.821744,-50.34355,lages,SC
17419,88505,-27.8088,-50.345117,lages,SC
17420,88506,-27.802734,-50.332923,lages,SC
17421,88508,-27.805018,-50.313974,lages,SC
17422,88509,-27.817668,-50.310564,lages,SC
17423,88511,-27.830257,-50.315054,lages,SC
17424,88512,-27.838347,-50.341581,lages,SC
17425,88513,-27.847477,-50.355472,lages,SC
17426,88514,-27.823128,-50.362706,lages,SC
17427,88516,-27.803562,-50.369968,lages,SC
17428,88517,-27.762056,-50.335488,lages,SC
17429,88519,-27.783271,-50.313802,lages,SC
17430,88520,-27.794716,-50.30503,lages,SC
17431,88521,-27.781837,-50.291941,lages,SC
17432,88523,-27.805165,-50.303562,lages,SC
17433,88524,-27.796942,-50.285458,lages,SC
17434,88525,-27.813348,-50.284944,lages,SC
17435,88526,-27.827185,-50.3068,lages,SC
17436,88535,-27.584855,-50.364873,correia pinto,SC
17437,88538,-27.743041,-49.920185,bocaina do sul,SC
17438,88540,-27.499235,-50.116132,otacilio costa,SC
17439,88543,-27.932879,-50.099236,painel,SC
17440,88545,-27.572436,-50.155834,palmeira,SC
17441,88548,-27.937436,-50.511001,capao alto,SC
17442,88550,-27.476979,-50.37887,ponte alta,SC
17443,88570,-27.65833,-50.586767,sao jose do cerrito,SC
17444,88580,-27.899922,-50.759915,campo belo do sul,SC
17445,88585,-27.796643,-50.873465,cerro negro,SC
17446,88590,-27.687085,-51.128216,anita garibaldi,SC
17447,88598,-27.633269,-51.33708,celso ramos,SC
17448,88600,-28.289429,-49.934129,sao joaquim,SC
17449,88625,-27.954819,-49.881734,urupema,SC
17450,88640,-28.334225,-49.623439,bom jardim da serra,SC
17451,88650,-28.000791,-49.585873,urubici,SC
17452,88658,-27.863826,-49.78255,rio rufino,SC
17453,88680,-27.798404,-49.488587,bom retiro,SC
17454,88701,-28.487905,-49.009197,tubarao,SC
17455,88702,-28.490866,-49.025774,tubarao,SC
17456,88703,-28.532301,-49.056753,tubarao,SC
17457,88704,-28.476221,-49.012518,tubarao,SC
17458,88705,-28.478607,-48.995526,tubarao,SC
17459,88706,-28.484598,-48.985206,tubarao,SC
17460,88708,-28.462432,-49.027034,tubarao,SC
17461,88710,-28.498101,-49.102689,treze de maio,SC
17462,88715,-28.631583,-49.022908,jaguaruna,SC
17463,88717,-28.658593,-49.113211,sangao,SC
17464,88720,-28.436357,-49.185921,pedras grandes,SC
17465,88725,-28.49361,-49.22028,azambuja,SC
17466,88730,-28.329441,-49.176492,sao ludgero,SC
17467,88735,-28.328662,-49.048883,gravatal,SC
17468,88740,-28.259728,-49.017593,armazem,SC
17469,88745,-28.444165,-48.95661,capivari de baixo,SC
17470,88750,-28.274449,-49.165367,braco do norte,SC
17471,88760,-28.135095,-49.113267,rio fortuna,SC
17472,88763,-28.037669,-49.130921,santa rosa de lima,SC
17473,88765,-28.166015,-48.978287,sao martinho,SC
17474,88770,-28.34069,-48.818867,imarui,SC
17475,88780,-28.232438,-48.680223,imbituba,SC
17476,88790,-28.476155,-48.784803,laguna,SC
17477,88798,-28.388327,-48.872859,pescaria brava,SC
17478,88801,-28.676769,-49.369805,criciuma,SC
17479,88802,-28.683,-49.370213,criciuma,SC
17480,88803,-28.694878,-49.37333,criciuma,SC
17481,88804,-28.691356,-49.386992,criciuma,SC
17482,88805,-28.697377,-49.40407,criciuma,SC
17483,88806,-28.695967,-49.428508,criciuma,SC
17484,88807,-28.703218,-49.43226,criciuma,SC
17485,88808,-28.700347,-49.454985,criciuma,SC
17486,88809,-28.681723,-49.388203,criciuma,SC
17487,88810,-28.666492,-49.384906,criciuma,SC
17488,88811,-28.671734,-49.360645,criciuma,SC
17489,88812,-28.758143,-49.347645,criciuma,SC
17490,88813,-28.677902,-49.338659,criciuma,SC
17491,88814,-28.769365,-49.408125,criciuma,SC
17492,88815,-28.695144,-49.347335,criciuma,SC
17493,88816,-28.718022,-49.359817,criciuma,SC
17494,88817,-28.673286,-49.414736,criciuma,SC
17495,88818,-28.662055,-49.424858,criciuma,SC
17496,88819,-28.645038,-49.434788,criciuma,SC
17497,88820,-28.71566,-49.299383,icara,SC
17498,88828,-28.827614,-49.233808,balneario rincao,SC
17499,88830,-28.651418,-49.211079,morro da fumaca,SC
17500,88835,-28.607492,-49.252284,estacao cocal,SC
17501,88840,-28.523254,-49.318781,urussanga,SC
17502,88845,-28.598351,-49.324864,cocal do sul,SC
17503,88850,-28.752405,-49.476049,forquilhinha,SC
17504,88860,-28.598927,-49.427337,sideropolis,SC
17505,88862,-28.509029,-49.459111,treviso,SC
17506,88865,-28.653458,-49.499534,nova veneza,SC
17507,88868,-25.587081,-48.179453,nossa senhora de caravaggio,SC
17508,88870,-28.358019,-49.288328,orleans,SC
17509,88880,-28.389312,-49.405671,lauro muller,SC
17510,88890,-28.183886,-49.216723,grao para,SC
17511,88900,-28.93542,-49.480066,ararangua,SC
17512,88901,-28.943498,-49.499332,ararangua,SC
17513,88902,-28.967166,-49.517962,ararangua,SC
17514,88904,-28.953414,-49.499087,ararangua,SC
17515,88905,-28.945459,-49.483671,ararangua,SC
17516,88906,-28.939167,-49.466631,ararangua,SC
17517,88910,-29.02275,-49.604852,ararangua,SC
17518,88911,-28.938645,-49.370601,ararangua,SC
17519,88914,-28.986448,-49.417389,balneario arroio do silva,SC
17520,88915,-28.859531,-49.451621,maracaja,SC
17521,88920,-28.835136,-49.632174,meleiro,SC
17522,88923,-28.899946,-49.547016,sapiranga,SC
17523,88925,-28.803891,-49.714882,morro grande,SC
17524,88930,-28.927379,-49.678594,turvo,SC
17525,88934,-28.677713,-49.109661,morro chato,SC
17526,88935,-28.975499,-49.640201,ermo,SC
17527,88940,-28.832035,-49.845976,timbe do sul,SC
17528,88950,-28.998236,-49.761058,jacinto machado,SC
17529,88955,-29.159522,-49.591992,balneario gaivota,SC
17530,88960,-29.108428,-49.635402,sombrio,SC
17531,88965,-29.136499,-49.718057,santa rosa do sul,SC
17532,88970,-29.217761,-49.807512,sao joao do sul,SC
17533,88980,-29.314985,-49.72084,passo de torres,SC
17534,88990,-29.19591,-49.95099,praia grande,SC
17535,89010,-26.922543,-49.066268,blumenau,SC
17536,89012,-26.909469,-49.074285,blumenau,SC
17537,89015,-26.910321,-49.042967,blumenau,SC
17538,89016,-26.910767,-49.093238,blumenau,SC
17539,89020,-26.927825,-49.05884,blumenau,SC
17540,89021,-26.938856,-49.064718,blumenau,SC
17541,89022,-26.948084,-49.070606,blumenau,SC
17542,89023,-26.950228,-49.07736,blumenau,SC
17543,89025,-26.966836,-49.058155,blumenau,SC
17544,89026,-26.969774,-49.081881,blumenau,SC
17545,89027,-26.993494,-49.084737,blumenau,SC
17546,89030,-26.895917,-49.083457,blumenau,SC
17547,89031,-26.888719,-49.102058,blumenau,SC
17548,89032,-26.902778,-49.136523,blumenau,SC
17549,89035,-26.905431,-49.088265,blumenau,SC
17550,89036,-26.918301,-49.09399,blumenau,SC
17551,89037,-26.904535,-49.100805,blumenau,SC
17552,89040,-26.921954,-49.122515,blumenau,SC
17553,89041,-26.91484,-49.112034,blumenau,SC
17554,89042,-26.911245,-49.130249,blumenau,SC
17555,89045,-26.932426,-49.119082,blumenau,SC
17556,89046,-26.932628,-49.141758,blumenau,SC
17557,89048,-26.913571,-49.105397,blumenau,SC
17558,89050,-26.911014,-49.057125,blumenau,SC
17559,89051,-26.899074,-49.059478,blumenau,SC
17560,89052,-26.890857,-49.074125,blumenau,SC
17561,89053,-26.877655,-49.081188,blumenau,SC
17562,89055,-26.881021,-49.061866,blumenau,SC
17563,89056,-26.872374,-49.070205,blumenau,SC
17564,89057,-26.870884,-49.055924,blumenau,SC
17565,89058,-26.857295,-49.0507,blumenau,SC
17566,89060,-26.845155,-49.068859,blumenau,SC
17567,89062,-26.829459,-49.082524,blumenau,SC
17568,89063,-26.796094,-49.080164,blumenau,SC
17569,89065,-26.871686,-49.103965,blumenau,SC
17570,89066,-26.849839,-49.107314,blumenau,SC
17571,89068,-26.818548,-49.095248,blumenau,SC
17572,89069,-26.796825,-49.095165,blumenau,SC
17573,89070,-26.873099,-49.127911,blumenau,SC
17574,89072,-26.882103,-49.156287,blumenau,SC
17575,89074,-26.855335,-49.148529,blumenau,SC
17576,89075,-26.733909,-49.077155,blumenau,SC
17577,89080,-26.903362,-49.243038,indaial,SC
17578,89082,-26.894883,-49.250856,indaial,SC
17579,89083,-26.89717,-49.266798,indaial,SC
17580,89084,-26.880832,-49.242049,indaial,SC
17581,89085,-26.877899,-49.244856,indaial,SC
17582,89086,-26.897558,-49.217803,indaial,SC
17583,89087,-26.915864,-49.226729,indaial,SC
17584,89095,-26.724942,-49.074075,blumenau,SC
17585,89107,-26.731177,-49.170022,pomerode,SC
17586,89108,-26.608779,-49.00083,massaranduba,SC
17587,89110,-26.920639,-48.969425,gaspar,SC
17588,89111,-26.905114,-49.004071,gaspar,SC
17589,89112,-26.939619,-48.955957,gaspar,SC
17590,89113,-26.924904,-48.728102,gaspar,SC
17591,89114,-26.935415,-48.937798,gaspar,SC
17592,89115,-26.827544,-48.928969,gaspar,SC
17593,89116,-26.918268,-48.958547,gaspar,SC
17594,89117,-26.85202,-49.024013,gaspar,SC
17595,89118,-26.824414,-49.030064,gaspar,SC
17596,89120,-26.826661,-49.270564,timbo,SC
17597,89121,-26.742218,-49.274167,rio dos cedros,SC
17598,89124,-26.782478,-49.377677,benedito novo,SC
17599,89126,-26.728974,-49.480157,doutor pedrinho,SC
17600,89128,-26.719188,-49.006158,luiz alves,SC
17601,89130,-26.896288,-49.238379,indaial,SC
17602,89135,-27.038373,-49.38803,apiuna,SC
17603,89136,-26.889838,-49.351068,rodeio,SC
17604,89138,-26.957458,-49.376164,ascurra,SC
17605,89140,-27.056937,-49.526569,ibirama,SC
17606,89143,-27.04043,-49.588105,dalbergia,SC
17607,89145,-26.953254,-49.629208,jose boiteux,SC
17608,89148,-26.873375,-49.836408,vitor meireles,SC
17609,89150,-27.050066,-49.625339,presidente getulio,SC
17610,89155,-26.987029,-49.728597,dona emma,SC
17611,89157,-26.923404,-49.790644,witmarsum,SC
17612,89160,-27.214977,-49.637853,rio do sul,SC
17613,89161,-27.194789,-49.602903,rio do sul,SC
17614,89162,-27.181228,-49.605911,rio do sul,SC
17615,89163,-27.204133,-49.652825,rio do sul,SC
17616,89164,-27.223812,-49.660188,rio do sul,SC
17617,89165,-27.231041,-49.656925,rio do sul,SC
17618,89167,-27.226457,-49.639994,rio do sul,SC
17619,89170,-27.221346,-49.730761,laurentino,SC
17620,89172,-27.25763,-49.932308,pouso redondo,SC
17621,89176,-27.30429,-49.795885,trombudo central,SC
17622,89178,-27.362437,-49.885946,braco do trombudo,SC
17623,89180,-27.196063,-49.796929,rio do oeste,SC
17624,89182,-27.16999,-49.539664,lontras,SC
17625,89184,-27.279576,-49.38844,presidente nereu,SC
17626,89186,-27.314227,-49.636693,aurora,SC
17627,89188,-27.268575,-49.71253,agronomica,SC
17628,89190,-27.118393,-50.000221,taio,SC
17629,89194,-27.199593,-50.070371,mirim doce,SC
17630,89196,-26.980954,-50.005375,salete,SC
17631,89198,-26.940024,-50.134486,rio do campo,SC
17632,89199,-26.771642,-50.006039,santa terezinha,SC
17633,89201,-26.301656,-48.848129,joinville,SC
17634,89202,-26.313198,-48.843117,joinville,SC
17635,89203,-26.313414,-48.85671,joinville,SC
17636,89204,-26.287478,-48.851942,joinville,SC
17637,89205,-26.303326,-48.825206,joinville,SC
17638,89206,-26.30022,-48.81632,joinville,SC
17639,89207,-26.322873,-48.829782,joinville,SC
17640,89208,-26.343664,-48.832678,joinville,SC
17641,89209,-26.353112,-48.814104,joinville,SC
17642,89210,-26.333621,-48.83301,joinville,SC
17643,89211,-26.331646,-48.849705,joinville,SC
17644,89212,-26.344646,-48.849018,joinville,SC
17645,89213,-26.336985,-48.866662,joinville,SC
17646,89214,-26.328354,-48.880066,joinville,SC
17647,89215,-26.333853,-48.899953,joinville,SC
17648,89216,-26.298598,-48.869443,joinville,SC
17649,89217,-26.287162,-48.874212,joinville,SC
17650,89218,-26.272446,-48.861368,joinville,SC
17651,89219,-26.252451,-48.871643,joinville,SC
17652,89220,-26.27082,-48.881791,joinville,SC
17653,89221,-26.281275,-48.839757,joinville,SC
17654,89222,-26.267615,-48.844829,joinville,SC
17655,89223,-26.252501,-48.842832,joinville,SC
17656,89224,-26.264429,-48.807462,joinville,SC
17657,89225,-26.249667,-48.808258,joinville,SC
17658,89226,-26.230576,-48.818418,joinville,SC
17659,89227,-26.27528,-48.820091,joinville,SC
17660,89228,-26.280294,-48.79594,joinville,SC
17661,89229,-26.322472,-48.815181,joinville,SC
17662,89230,-26.332112,-48.804364,joinville,SC
17663,89231,-26.347798,-48.789735,joinville,SC
17664,89232,-26.357323,-48.832515,joinville,SC
17665,89233,-26.369988,-48.839393,joinville,SC
17666,89234,-26.344987,-48.772544,joinville,SC
17667,89235,-26.369308,-48.823231,joinville,SC
17668,89237,-26.287265,-48.907255,joinville,SC
17669,89239,-26.196292,-48.908458,joinville,SC
17670,89240,-26.245498,-48.606931,sao francisco do sul,SC
17671,89245,-26.408631,-48.759055,araquari,SC
17672,89246,-26.546257,-48.713813,itapocu,SC
17673,89247,-26.457696,-48.616968,balneario barra do sul,SC
17674,89248,-26.034727,-48.853642,garuva,SC
17675,89249,-26.079251,-48.609971,itapoa,SC
17676,89251,-26.487465,-49.080609,jaragua do sul,SC
17677,89252,-26.485826,-49.097485,jaragua do sul,SC
17678,89253,-26.498011,-49.103762,jaragua do sul,SC
17679,89254,-26.470766,-49.11569,jaragua do sul,SC
17680,89255,-26.467636,-49.09282,jaragua do sul,SC
17681,89256,-26.481372,-49.05908,jaragua do sul,SC
17682,89257,-26.45427,-49.052365,jaragua do sul,SC
17683,89258,-26.491241,-49.052463,jaragua do sul,SC
17684,89259,-26.500977,-49.085485,jaragua do sul,SC
17685,89260,-26.512413,-49.13309,jaragua do sul,SC
17686,89261,-26.535441,-49.132427,jaragua do sul,SC
17687,89262,-26.52715,-49.134606,jaragua do sul,SC
17688,89264,-26.543868,-49.152302,jaragua do sul,SC
17689,89265,-26.4591,-49.171562,jaragua do sul,SC
17690,89266,-26.434838,-49.142156,jaragua do sul,SC
17691,89267,-26.366423,-49.125053,jaraguá do sul,SC
17692,89270,-26.473657,-48.98756,guaramirim,SC
17693,89275,-26.405475,-49.0751,schroeder,SC
17694,89278,-26.431884,-49.248355,corupa,SC
17695,89280,-26.24922,-49.379958,sao bento do sul,SC
17696,89281,-26.240316,-49.368874,sao bento do sul,SC
17697,89282,-26.230892,-49.346441,sao bento do sul,SC
17698,89283,-26.242744,-49.346141,sao bento do sul,SC
17699,89284,-26.214074,-49.378623,sao bento do sul,SC
17700,89285,-26.21238,-49.403008,sao bento do sul,SC
17701,89286,-26.224296,-49.41918,sao bento do sul,SC
17702,89287,-26.239355,-49.395124,sao bento do sul,SC
17703,89288,-26.232457,-49.411491,sao bento do sul,SC
17704,89289,-26.247208,-49.449983,sao bento do sul,SC
17705,89290,-26.259895,-49.377557,sao bento do sul,SC
17706,89291,-26.277906,-49.399713,sao bento do sul,SC
17707,89292,-26.28053,-49.367,sao bento do sul,SC
17708,89294,-26.171909,-49.32943,campo alegre,SC
17709,89295,-26.255764,-49.5209,rio negrinho,SC
17710,89300,-26.125343,-49.811575,mafra,SC
17711,89340,-26.344288,-49.908195,itaiopolis,SC
17712,89370,-26.404048,-50.147066,papanduva,SC
17713,89380,-26.462109,-50.23102,monte castelo,SC
17714,89384,-26.455571,-50.239062,residencia fuck,SC
17715,89400,-26.248229,-51.079253,porto uniao,SC
17716,89410,-26.600313,-50.07149,santa cruz do timbo,SC
17717,89420,-26.472199,-51.153186,matos costa,SC
17718,89430,-26.602931,-51.099089,calmon,SC
17719,89440,-26.24397,-50.79713,irineopolis,SC
17720,89460,-26.177828,-50.392503,canoinhas,SC
17721,89478,-26.27506,-50.464522,bela vista do toldo,SC
17722,89480,-26.366135,-50.326984,major vieira,SC
17723,89490,-26.123134,-50.317116,tres barras,SC
17724,89500,-26.778452,-51.011037,cacador,SC
17725,89501,-26.79907,-51.000213,cacador,SC
17726,89503,-26.785152,-51.022125,cacador,SC
17727,89504,-26.775669,-51.029347,cacador,SC
17728,89505,-26.769025,-51.034228,cacador,SC
17729,89506,-26.765592,-51.01762,cacador,SC
17730,89507,-26.772054,-51.003968,cacador,SC
17731,89509,-26.781211,-50.986759,cacador,SC
17732,89510,-26.788712,-50.99397,cacador,SC
17733,89511,-26.792024,-50.981117,cacador,SC
17734,89515,-26.933979,-50.690078,lebon regis,SC
17735,89518,-26.855407,-51.375787,macieira,SC
17736,89520,-27.29121,-50.577437,curitibanos,SC
17737,89530,-27.176184,-50.801522,frei rogerio,SC
17738,89533,-27.22096,-50.478246,sao cristovao do sul,SC
17739,89535,-27.164119,-50.469142,ponte alta do norte,SC
17740,89540,-26.96092,-50.418749,santa cecilia,SC
17741,89545,-26.612794,-50.679135,timbo grande,SC
17742,89550,-26.894715,-51.063154,rio das antas,SC
17743,89555,-26.939985,-51.110945,rio das antas,SC
17744,89558,-27.001885,-51.240532,iomere,SC
17745,89560,-27.004522,-51.152809,videira,SC
17746,89570,-27.046941,-51.229186,pinheiro preto,SC
17747,89580,-27.030836,-50.9214,fraiburgo,SC
17748,89590,-26.929579,-51.334501,arroio trinta,SC
17749,89595,-26.906998,-51.405894,salto veloso,SC
17750,89600,-27.172013,-51.509685,joacaba,SC
17751,89609,-27.12997,-51.468963,luzerna,SC
17752,89610,-27.173116,-51.492175,herval d'oeste,SC
17753,89613,-27.275936,-51.443625,erval velho,SC
17754,89618,-27.217643,-50.976334,monte carlo,SC
17755,89620,-27.398876,-51.224358,campos novos,SC
17756,89633,-27.4557,-51.552068,zortea,SC
17757,89634,-27.317448,-50.840432,brunopolis,SC
17758,89636,-27.608818,-51.024885,abdon batista,SC
17759,89638,-27.492113,-50.976102,vargem,SC
17760,89640,-27.091043,-51.369029,ibicare,SC
17761,89642,-27.101374,-51.246351,tangara,SC
17762,89650,-26.998852,-51.411319,treze tilias,SC
17763,89652,-27.18093,-51.237344,ibiam,SC
17764,89654,-26.999169,-51.554991,agua doce,SC
17765,89660,-27.263058,-51.564732,lacerdopolis,SC
17766,89663,-27.335186,-51.608614,ouro,SC
17767,89665,-27.352628,-51.605787,capinzal,SC
17768,89667,-27.421294,-51.775864,piratuba,SC
17769,89669,-27.406216,-51.775278,ipira,SC
17770,89670,-27.069536,-51.661153,catanduvas,SC
17771,89675,-26.99321,-51.749031,vargem bonita,SC
17772,89677,-27.172846,-51.73585,jabora,SC
17773,89680,-27.024311,-51.895952,irani,SC
17774,89683,-26.87243,-52.015116,ponte serrada,SC
17775,89687,-26.780982,-52.058775,passos maia,SC
17776,89690,-26.853983,-52.149321,vargeao,SC
17777,89694,-26.850557,-52.25979,faxinal dos guedes,SC
17778,89700,-27.230468,-52.024372,concordia,SC
17779,89701,-27.219962,-52.023101,concordia,SC
17780,89703,-27.220919,-52.038842,concordia,SC
17781,89705,-27.23018,-52.045652,concordia,SC
17782,89707,-27.237841,-52.040457,concordia,SC
17783,89708,-27.242064,-52.031682,concordia,SC
17784,89709,-27.243886,-52.023774,concordia,SC
17785,89710,-27.238531,-52.021964,concordia,SC
17786,89711,-27.230576,-51.998292,concordia,SC
17787,89712,-27.242713,-51.953503,concordia,SC
17788,89713,-27.190242,-51.938927,concordia,SC
17789,89730,-27.432336,-51.907602,alto bela vista,SC
17790,89735,-27.048556,-52.082972,lindoia do sul,SC
17791,89740,-27.158241,-52.142517,arabuta,SC
17792,89745,-27.223207,-51.805849,presidente castello branco,SC
17793,89750,-27.372744,-51.905674,peritiba,SC
17794,89760,-27.269835,-52.339283,ita,SC
17795,89765,-27.254961,-52.499471,paial,SC
17796,89770,-27.160815,-52.31539,seara,SC
17797,89778,-27.078409,-52.455106,arvoredo,SC
17798,89780,-27.047833,-52.33645,xavantina,SC
17799,89790,-27.075159,-52.136435,ipumirim,SC
17800,89801,-27.099274,-52.608612,chapeco,SC
17801,89802,-27.10382,-52.621168,chapeco,SC
17802,89803,-27.09552,-52.632506,chapeco,SC
17803,89804,-27.079225,-52.632108,chapeco,SC
17804,89805,-27.07801,-52.614959,chapeco,SC
17805,89806,-27.092501,-52.593514,chapeco,SC
17806,89809,-27.098868,-52.671693,chapeco,SC
17807,89810,-27.062483,-52.635196,chapeco,SC
17808,89812,-27.114229,-52.601432,chapeco,SC
17809,89813,-27.137553,-52.598603,chapeco,SC
17810,89814,-27.118068,-52.61626,chapeco,SC
17811,89815,-27.122411,-52.624229,chapeco,SC
17812,89817,-27.123951,-52.758286,guatambu,SC
17813,89818,-26.940613,-52.81517,nova itaberaba,SC
17814,89819,-26.98605,-52.603424,cordilheira alta,SC
17815,89820,-26.876412,-52.404587,xanxere,SC
17816,89824,-26.734159,-52.390243,bom jesus,SC
17817,89825,-26.959496,-52.532288,xaxim,SC
17818,89828,-26.857624,-52.567481,lajeado grande,SC
17819,89830,-26.567291,-52.327703,abelardo luz,SC
17820,89832,-26.634527,-52.454651,ipuacu,SC
17821,89834,-26.692591,-52.310118,ouro verde,SC
17822,89835,-26.559618,-52.533647,sao domingos,SC
17823,89837,-26.511974,-52.669077,coronel martins,SC
17824,89838,-26.455371,-52.687797,galvao,SC
17825,89839,-26.397072,-52.729683,jupia,SC
17826,89840,-26.906839,-52.703696,coronel freitas,SC
17827,89843,-26.881215,-52.860176,aguas frias,SC
17828,89845,-26.773887,-52.853902,uniao do oeste,SC
17829,89848,-26.720595,-52.858148,jardinopolis,SC
17830,89850,-26.728469,-52.719131,quilombo,SC
17831,89854,-26.634093,-52.674898,santiago do sul,SC
17832,89855,-26.737376,-52.965867,sul brasil,SC
17833,89856,-26.655942,-52.89458,irati,SC
17834,89859,-26.647578,-52.793445,formosa do sul,SC
17835,89860,-26.80289,-52.626552,marema,SC
17836,89862,-26.724308,-52.55985,entre rios,SC
17837,89865,-26.903484,-52.906271,nova erechim,SC
17838,89868,-26.925069,-53.004171,saudades,SC
17839,89870,-26.84771,-52.986919,pinhalzinho,SC
17840,89871,-26.724778,-53.043589,serra alta,SC
17841,89872,-26.775184,-53.054573,modelo,SC
17842,89874,-26.767815,-53.182707,maravilha,SC
17843,89875,-26.685694,-53.156734,tigrinhos,SC
17844,89878,-26.779748,-53.345409,flor do sertao,SC
17845,89879,-26.691881,-53.253477,sao miguel da boa vista,SC
17846,89880,-27.156567,-52.886254,caxambu do sul,SC
17847,89882,-27.071277,-52.865793,planalto alegre,SC
17848,89883,-27.073953,-52.984774,aguas de chapeco,SC
17849,89885,-27.081052,-53.005805,sao carlos,SC
17850,89886,-26.974589,-53.092212,cunhatai,SC
17851,89887,-27.071416,-53.16359,palmitos,SC
17852,89888,-27.074388,-53.249079,caibi,SC
17853,89890,-26.89179,-53.17175,cunha pora,SC
17854,89891,-26.822988,-53.284234,iraceminha,SC
17855,89893,-27.101692,-53.400426,mondai,SC
17856,89895,-27.058924,-53.32629,riqueza,SC
17857,89896,-27.171631,-53.715179,itapiranga,SC
17858,89897,-27.157769,-53.423199,sao joao do oeste,SC
17859,89898,-26.971624,-53.638616,tunapolis,SC
17860,89899,-26.987467,-53.533282,ipora do oeste,SC
17861,89900,-26.733555,-53.518238,sao miguel do oeste,SC
17862,89905,-26.767565,-53.640125,bandeirante,SC
17863,89906,-26.62275,-53.675759,paraiso,SC
17864,89908,-26.676199,-53.319477,romelandia,SC
17865,89909,-26.654913,-53.438878,barra bonita,SC
17866,89910,-26.824403,-53.50244,descanso,SC
17867,89915,-26.932387,-53.61567,santa helena,SC
17868,89920,-26.599321,-53.522151,guaraciaba,SC
17869,89925,-26.843476,-53.58045,belmonte,SC
17870,89930,-26.45467,-53.502996,sao jose do cedro,SC
17871,89935,-26.442454,-53.601553,princesa,SC
17872,89940,-26.387659,-53.527517,guaruja do sul,SC
17873,89950,-26.259177,-53.635519,dionisio cerqueira,SC
17874,89970,-26.536102,-53.330943,anchieta,SC
17875,89980,-26.395272,-53.080096,campo ere,SC
17876,89982,-26.47333,-52.964893,sao bernardino,SC
17877,89983,-26.601978,-53.16834,santa terezinha do progresso,SC
17878,89985,-26.348455,-53.277494,palma sola,SC
17879,89990,-26.361263,-52.850062,sao lourenco do oeste,SC
17880,89998,-26.450805,-52.829876,novo horizonte,SC
17881,90001,-30.028364,-51.230589,porto alegre,RS
17882,90002,-30.028364,-51.230589,porto alegre,RS
17883,90010,-30.033143,-51.231703,porto alegre,RS
17884,90013,-30.037257,-51.237037,porto alegre,RS
17885,90018,-30.02965,-51.232324,porto alegre,RS
17886,90020,-30.030265,-51.227031,porto alegre,RS
17887,90022,-30.899005,-51.773286,porto alegre,RS
17888,90027,-30.030124,-51.230345,porto alegre,RS
17889,90029,-30.032032,-51.235991,porto alegre,RS
17890,90030,-30.026922,-51.222138,porto alegre,RS
17891,90035,-30.031237,-51.212626,porto alegre,RS
17892,90038,-30.026346,-51.222499,porto alegre,RS
17893,90040,-30.041351,-51.213096,porto alegre,RS
17894,90050,-30.039846,-51.222424,porto alegre,RS
17895,90090,-30.009812,-51.255936,porto alegre,RS
17896,90110,-30.050478,-51.226885,porto alegre,RS
17897,90119,-30.04153,-51.228783,porto alegre,RS
17898,90120,-30.037761,-51.180204,porto alegre,RS
17899,90130,-30.052264,-51.22088,porto alegre,RS
17900,90150,-30.052117,-51.221178,porto alegre,RS
17901,90160,-30.051215,-51.217475,porto alegre,RS
17902,90169,-30.04835,-51.217688,porto alegre,RS
17903,90170,-30.044202,-51.225821,porto alegre,RS
17904,90200,-29.981513,-51.169655,porto alegre,RS
17905,90220,-30.018278,-51.208869,porto alegre,RS
17906,90230,-30.008302,-51.201405,porto alegre,RS
17907,90231,-30.009775,-51.201726,porto alegre,RS
17908,90240,-30.004085,-51.196597,porto alegre,RS
17909,90241,-30.005853,-51.204714,porto alegre,RS
17910,90245,-29.985,-51.194283,porto alegre,RS
17911,90250,-29.981476,-51.190274,porto alegre,RS
17912,90251,-29.973775,-51.191552,porto alegre,RS
17913,90410,-30.041074,-51.18784,porto alegre,RS
17914,90420,-30.035611,-51.20132,porto alegre,RS
17915,90430,-30.030008,-51.20281,porto alegre,RS
17916,90440,-30.027542,-51.194589,porto alegre,RS
17917,90450,-30.029098,-51.189184,porto alegre,RS
17918,90460,-30.040037,-51.187269,porto alegre,RS
17919,90470,-30.034485,-51.180379,porto alegre,RS
17920,90480,-30.026598,-51.179939,porto alegre,RS
17921,90510,-30.024629,-51.200168,porto alegre,RS
17922,90520,-30.015612,-51.179035,porto alegre,RS
17923,90540,-30.017368,-51.189765,porto alegre,RS
17924,90550,-30.01377,-51.190437,porto alegre,RS
17925,90560,-30.021102,-51.203042,porto alegre,RS
17926,90570,-30.021809,-51.202291,porto alegre,RS
17927,90610,-30.049857,-51.196791,porto alegre,RS
17928,90619,-30.057087,-51.174181,porto alegre,RS
17929,90620,-30.050351,-51.201288,porto alegre,RS
17930,90630,-30.043315,-51.195657,porto alegre,RS
17931,90640,-30.051544,-51.20265,porto alegre,RS
17932,90650,-30.055084,-51.198299,porto alegre,RS
17933,90660,-30.065529,-51.199891,porto alegre,RS
17934,90670,-30.048937,-51.18885,porto alegre,RS
17935,90680,-30.064053,-51.191577,porto alegre,RS
17936,90690,-30.051186,-51.180017,porto alegre,RS
17937,90771,-30.158091,-51.21418,porto alegre,RS
17938,90810,-30.077108,-51.238672,porto alegre,RS
17939,90820,-30.089553,-51.236703,porto alegre,RS
17940,90830,-30.088984,-51.225717,porto alegre,RS
17941,90840,-30.077584,-51.222495,porto alegre,RS
17942,90850,-30.066217,-51.225582,porto alegre,RS
17943,90870,-30.073588,-51.20923,porto alegre,RS
17944,90880,-30.060963,-51.215715,porto alegre,RS
17945,91010,-30.010039,-51.166417,porto alegre,RS
17946,91020,-30.003711,-51.191693,porto alegre,RS
17947,91030,-30.007242,-51.174475,porto alegre,RS
17948,91040,-30.005287,-51.160664,porto alegre,RS
17949,91050,-30.003519,-51.15228,porto alegre,RS
17950,91060,-30.002745,-51.145801,porto alegre,RS
17951,91110,-29.998608,-51.135656,porto alegre,RS
17952,91120,-29.984357,-51.130857,porto alegre,RS
17953,91130,-30.004415,-51.130906,porto alegre,RS
17954,91140,-29.988886,-51.117951,porto alegre,RS
17955,91150,-30.004384,-51.118309,porto alegre,RS
17956,91160,-29.995724,-51.102312,porto alegre,RS
17957,91170,-30.001172,-51.096888,porto alegre,RS
17958,91175,-29.97593,-51.195919,porto alegre,RS
17959,91180,-30.010231,-51.106706,porto alegre,RS
17960,91210,-30.037076,-51.144363,porto alegre,RS
17961,91215,-30.030448,-51.141133,porto alegre,RS
17962,91220,-30.019187,-51.137548,porto alegre,RS
17963,91225,-30.026373,-51.140394,porto alegre,RS
17964,91230,-30.017968,-51.125701,porto alegre,RS
17965,91240,-30.021115,-51.116032,porto alegre,RS
17966,91250,-30.022563,-51.105295,porto alegre,RS
17967,91260,-30.039092,-51.12085,porto alegre,RS
17968,91263,-30.045105,-51.106093,porto alegre,RS
17969,91270,-30.032509,-51.112322,porto alegre,RS
17970,91280,-30.044959,-51.097037,porto alegre,RS
17971,91310,-30.040898,-51.152668,porto alegre,RS
17972,91320,-30.032755,-51.151122,porto alegre,RS
17973,91330,-30.03425,-51.163021,porto alegre,RS
17974,91340,-30.022141,-51.170133,porto alegre,RS
17975,91349,-30.025304,-51.163291,porto alegre,RS
17976,91350,-30.015594,-51.161793,porto alegre,RS
17977,91360,-30.020163,-51.154473,porto alegre,RS
17978,91370,-30.016064,-51.148757,porto alegre,RS
17979,91380,-30.016521,-51.143604,porto alegre,RS
17980,91410,-30.048782,-51.168857,porto alegre,RS
17981,91420,-30.045607,-51.161243,porto alegre,RS
17982,91430,-30.05005,-51.143599,porto alegre,RS
17983,91440,-30.060018,-51.146305,porto alegre,RS
17984,91450,-30.045334,-51.131613,porto alegre,RS
17985,91501,-30.076539,-51.12485,porto alegre,RS
17986,91509,-30.076539,-51.12485,porto alegre,RS
17987,91510,-30.071007,-51.177918,porto alegre,RS
17988,91520,-30.068548,-51.167313,porto alegre,RS
17989,91530,-30.062168,-51.158809,porto alegre,RS
17990,91540,-30.080304,-51.131639,porto alegre,RS
17991,91550,-30.096642,-51.137591,porto alegre,RS
17992,91560,-30.119108,-51.108085,porto alegre,RS
17993,91570,-30.109918,-51.107512,porto alegre,RS
17994,91710,-30.077807,-51.193435,porto alegre,RS
17995,91712,-30.09581,-51.180761,porto alegre,RS
17996,91720,-30.085722,-51.209468,porto alegre,RS
17997,91740,-30.10729,-51.220989,porto alegre,RS
17998,91750,-30.125858,-51.208803,porto alegre,RS
17999,91751,-30.135964,-51.214868,porto alegre,RS
18000,91755,-30.160686,-51.195659,porto alegre,RS
18001,91760,-30.131161,-51.232302,porto alegre,RS
18002,91770,-30.151435,-51.217449,porto alegre,RS
18003,91771,-30.157566,-51.215518,porto alegre,RS
18004,91778,-30.17502,-51.181669,porto alegre,RS
18005,91780,-30.199074,-51.180961,porto alegre,RS
18006,91781,-30.193888,-51.170664,porto alegre,RS
18007,91782,-30.214011,-51.126913,porto alegre,RS
18008,91785,-30.201054,-51.13097,porto alegre,RS
18009,91786,-30.183382,-51.147637,porto alegre,RS
18010,91787,-30.158306,-51.156695,porto alegre,RS
18011,91788,-30.152667,-51.16572,porto alegre,RS
18012,91790,-30.1538,-51.143076,porto alegre,RS
18013,91791,-30.147587,-51.127138,porto alegre,RS
18014,91792,-30.153262,-51.14105,porto alegre,RS
18015,91793,-30.148763,-51.145453,porto alegre,RS
18016,91795,-30.153638,-51.148772,porto alegre,RS
18017,91796,-30.170601,-51.081018,porto alegre,RS
18018,91798,-30.178749,-51.142776,porto alegre,RS
18019,91810,-30.085723,-51.247535,porto alegre,RS
18020,91900,-30.104475,-51.25281,porto alegre,RS
18021,91910,-30.103249,-51.242291,porto alegre,RS
18022,91920,-30.111989,-51.243441,porto alegre,RS
18023,92010,-29.916323,-51.179727,canoas,RS
18024,92020,-29.91714,-51.172586,canoas,RS
18025,92022,-29.91621,-51.157838,canoas,RS
18026,92025,-29.926616,-51.162367,canoas,RS
18027,92027,-29.926897,-51.146439,canoas,RS
18028,92030,-29.919178,-51.145164,canoas,RS
18029,92031,-29.91247,-51.150158,canoas,RS
18030,92032,-29.912153,-51.144057,canoas,RS
18031,92035,-29.914735,-51.125624,canoas,RS
18032,92110,-29.937304,-51.170104,canoas,RS
18033,92120,-29.949964,-51.16838,canoas,RS
18034,92130,-29.95666,-51.163861,canoas,RS
18035,92200,-29.955683,-51.186571,canoas,RS
18036,92310,-29.91619,-51.188413,canoas,RS
18037,92314,-29.920152,-51.183674,canoas,RS
18038,92320,-29.919605,-51.202136,canoas,RS
18039,92323,-29.925399,-51.194868,canoas,RS
18040,92325,-29.907377,-51.223738,canoas,RS
18041,92330,-29.901904,-51.212915,canoas,RS
18042,92340,-29.904152,-51.185313,canoas,RS
18043,92410,-29.899156,-51.162932,canoas,RS
18044,92412,-29.897863,-51.147513,canoas,RS
18045,92415,-29.902741,-51.14085,canoas,RS
18046,92420,-29.885268,-51.177915,canoas,RS
18047,92425,-29.882503,-51.152846,canoas,RS
18048,92440,-29.904841,-51.141254,canoas,RS
18049,92441,-29.886142,-51.136734,canoas,RS
18050,92480,-29.863767,-51.269832,nova santa rita,RS
18051,92500,-30.119627,-51.33305,guaiba,RS
18052,92850,-30.460722,-51.601566,sertao santana,RS
18053,92900,-30.354614,-51.58423,mariana pimentel,RS
18054,92990,-30.013181,-51.32451,eldorado do sul,RS
18055,93010,-29.766612,-51.146787,sao leopoldo,RS
18056,93020,-29.778846,-51.148562,sao leopoldo,RS
18057,93022,-29.789161,-51.151718,sao leopoldo,RS
18058,93025,-29.767906,-51.160051,sao leopoldo,RS
18059,93030,-29.77513,-51.139211,sao leopoldo,RS
18060,93032,-29.776687,-51.130761,sao leopoldo,RS
18061,93035,-29.786511,-51.130057,sao leopoldo,RS
18062,93037,-29.793056,-51.131202,sao leopoldo,RS
18063,93040,-29.769179,-51.130401,sao leopoldo,RS
18064,93042,-29.764342,-51.119746,sao leopoldo,RS
18065,93044,-29.774544,-51.118906,sao leopoldo,RS
18066,93046,-29.775293,-51.108382,sao leopoldo,RS
18067,93048,-29.764469,-51.110769,sao leopoldo,RS
18068,93050,-29.756561,-51.108879,sao leopoldo,RS
18069,93052,-29.751241,-51.100525,sao leopoldo,RS
18070,93054,-29.756082,-51.095263,sao leopoldo,RS
18071,93056,-29.762546,-51.091471,sao leopoldo,RS
18072,93110,-29.752309,-51.148495,sao leopoldo,RS
18073,93113,-29.74944,-51.143243,sao leopoldo,RS
18074,93115,-29.738759,-51.141439,sao leopoldo,RS
18075,93120,-29.735006,-51.15741,sao leopoldo,RS
18076,93125,-29.702787,-51.15926,sao leopoldo,RS
18077,93130,-29.747981,-51.156899,sao leopoldo,RS
18078,93135,-29.736182,-51.168608,sao leopoldo,RS
18079,93140,-29.726723,-51.172872,sao leopoldo,RS
18080,93145,-29.718063,-51.181857,sao leopoldo,RS
18081,93150,-29.701149,-51.194164,sao leopoldo,RS
18082,93180,-29.69403,-51.233462,portao,RS
18083,93210,-29.826478,-51.15913,sapucaia do sul,RS
18084,93211,-29.797689,-51.1858,sapucaia do sul,RS
18085,93212,-29.81169,-51.171803,sapucaia do sul,RS
18086,93214,-29.822898,-51.15894,sapucaia do sul,RS
18087,93216,-29.815713,-51.15496,sapucaia do sul,RS
18088,93218,-29.813841,-51.14644,sapucaia do sul,RS
18089,93219,-29.802156,-51.131812,sapucaia do sul,RS
18090,93220,-29.828875,-51.150581,sapucaia do sul,RS
18091,93222,-29.819695,-51.136986,sapucaia do sul,RS
18092,93224,-29.833325,-51.138175,sapucaia do sul,RS
18093,93225,-29.831909,-51.130304,sapucaia do sul,RS
18094,93226,-29.839215,-51.146745,sapucaia do sul,RS
18095,93228,-29.846366,-51.135365,sapucaia do sul,RS
18096,93230,-29.845013,-51.125849,sapucaia do sul,RS
18097,93234,-29.858544,-51.106551,sapucaia do sul,RS
18098,93260,-29.844009,-51.167925,esteio,RS
18099,93265,-29.851627,-51.170071,esteio,RS
18100,93270,-29.845596,-51.182832,esteio,RS
18101,93280,-29.850221,-51.155567,esteio,RS
18102,93285,-29.859006,-51.155738,esteio,RS
18103,93290,-29.856572,-51.142543,esteio,RS
18104,93295,-29.858982,-51.131489,esteio,RS
18105,93310,-29.682815,-51.13781,novo hamburgo,RS
18106,93315,-29.67572,-51.13423,novo hamburgo,RS
18107,93320,-29.704539,-51.132139,novo hamburgo,RS
18108,93330,-29.719516,-51.141264,novo hamburgo,RS
18109,93332,-29.712937,-51.137712,novo hamburgo,RS
18110,93334,-29.707149,-51.141862,novo hamburgo,RS
18111,93336,-29.694159,-51.137664,novo hamburgo,RS
18112,93340,-29.691194,-51.148669,novo hamburgo,RS
18113,93344,-29.684242,-51.150643,novo hamburgo,RS
18114,93346,-29.674464,-51.153416,novo hamburgo,RS
18115,93347,-29.681096,-51.166476,novo hamburgo,RS
18116,93348,-29.67468,-51.147007,novo hamburgo,RS
18117,93351,-29.643432,-51.138638,novo hamburgo,RS
18118,93410,-29.694599,-51.126601,novo hamburgo,RS
18119,93415,-29.706734,-51.122042,novo hamburgo,RS
18120,93420,-29.728946,-51.132793,novo hamburgo,RS
18121,93425,-29.719914,-51.118011,novo hamburgo,RS
18122,93490,-29.753915,-51.048186,novo hamburgo,RS
18123,93510,-29.682541,-51.123494,novo hamburgo,RS
18124,93520,-29.674452,-51.125778,novo hamburgo,RS
18125,93525,-29.668628,-51.117619,novo hamburgo,RS
18126,93530,-29.653191,-51.107491,novo hamburgo,RS
18127,93534,-29.667982,-51.105047,novo hamburgo,RS
18128,93537,-29.671142,-51.094088,novo hamburgo,RS
18129,93540,-29.681826,-51.103565,novo hamburgo,RS
18130,93542,-29.684513,-51.092661,novo hamburgo,RS
18131,93544,-29.695712,-51.088268,novo hamburgo,RS
18132,93546,-29.699291,-51.101166,novo hamburgo,RS
18133,93548,-29.688569,-51.113793,novo hamburgo,RS
18134,93600,-29.65638,-51.172306,estancia velha,RS
18135,93601,-29.644363,-51.166415,estância velha,RS
18136,93604,-29.650078,-51.22079,estancia velha,RS
18137,93607,-11.274704,-37.442436,estancia velha,RS
18138,93608,-28.771318,-50.464148,estancia velha,RS
18139,93609,-29.207062,-50.811931,estância velha,RS
18140,93610,-29.654963,-51.169623,estancia velha,RS
18141,93611,-29.704788,-51.172699,estancia velha,RS
18142,93612,-29.667876,-51.193015,estancia velha,RS
18143,93614,-29.658082,-51.187821,estancia velha,RS
18144,93615,-29.68462,-51.183593,estancia velha,RS
18145,93616,-29.66302,-51.213221,estancia velha,RS
18146,93700,-29.676983,-51.060353,campo bom,RS
18147,93800,-29.636368,-51.007924,sapiranga,RS
18148,93801,-29.617157,-50.996397,sapiranga,RS
18149,93804,-29.639101,-51.022323,sapiranga,RS
18150,93805,-29.647782,-51.025476,sapiranga,RS
18151,93806,-29.651492,-51.002525,sapiranga,RS
18152,93807,-29.662834,-50.999235,sapiranga,RS
18153,93815,-29.654601,-50.982872,sapiranga,RS
18154,93819,-29.633767,-50.994917,sapiranga,RS
18155,93820,-29.626736,-50.980919,sapiranga,RS
18156,93821,-29.631444,-50.974972,sapiranga,RS
18157,93822,-29.629189,-50.960258,sapiranga,RS
18158,93880,-29.621394,-50.927356,ararica,RS
18159,93890,-29.587242,-50.900706,nova hartz,RS
18160,93900,-29.605798,-51.164297,ivoti,RS
18161,93940,-29.598449,-51.208646,lindolfo collor,RS
18162,93945,-29.519326,-51.180248,presidente lucena,RS
18163,93950,-29.587907,-51.091415,dois irmaos,RS
18164,93990,-29.539461,-51.082648,morro reuter,RS
18165,93995,-29.501447,-50.981777,santa maria do herval,RS
18166,94010,-29.940498,-50.992456,gravatai,RS
18167,94015,-29.931504,-50.991841,gravatai,RS
18168,94020,-29.934914,-51.002298,gravatai,RS
18169,94025,-29.932392,-51.001842,gravatai,RS
18170,94030,-29.939676,-51.013695,gravatai,RS
18171,94035,-29.943854,-50.999334,gravatai,RS
18172,94040,-29.939943,-51.029132,gravatai,RS
18173,94045,-29.94545,-51.023059,gravatai,RS
18174,94050,-29.939621,-51.044832,gravatai,RS
18175,94055,-29.940995,-51.035095,gravatai,RS
18176,94060,-29.938272,-51.05072,gravatai,RS
18177,94065,-29.944694,-51.048025,gravatai,RS
18178,94070,-29.938411,-51.068948,gravatai,RS
18179,94071,-29.93583,-51.068241,gravatai,RS
18180,94075,-29.937959,-51.063358,gravatai,RS
18181,94080,-29.923034,-51.065031,gravatai,RS
18182,94085,-29.92047,-51.059777,gravatai,RS
18183,94090,-29.928685,-51.051796,gravatai,RS
18184,94100,-29.907199,-51.024479,gravatai,RS
18185,94110,-29.911387,-51.060892,gravatai,RS
18186,94120,-29.913561,-51.050415,gravatai,RS
18187,94130,-29.921967,-51.036573,gravatai,RS
18188,94135,-29.925983,-51.039526,gravatai,RS
18189,94140,-29.913415,-51.03392,gravatai,RS
18190,94150,-29.930776,-51.02505,gravatai,RS
18191,94155,-29.921661,-51.017737,gravatai,RS
18192,94170,-29.920876,-50.999572,gravatai,RS
18193,94175,-29.887891,-50.999459,gravatai,RS
18194,94180,-29.940585,-50.958278,gravatai,RS
18195,94185,-29.945491,-50.971273,gravatai,RS
18196,94190,-29.954491,-50.975259,gravatai,RS
18197,94195,-29.947678,-50.952419,gravatai,RS
18198,94196,-29.897089,-50.898923,gravatai,RS
18199,94197,-29.923232,-50.928251,gravatai,RS
18200,94198,-29.921704,-50.909913,gravatai,RS
18201,94199,-29.92434,-50.964283,gravatai,RS
18202,94380,-29.881046,-50.78307,glorinha,RS
18203,94410,-30.083698,-51.021537,viamao,RS
18204,94415,-30.072339,-51.023794,viamao,RS
18205,94416,-30.067533,-51.025283,viamao,RS
18206,94420,-30.020126,-51.028289,viamao,RS
18207,94425,-30.079022,-51.003406,viamao,RS
18208,94430,-30.09916,-51.023257,viamao,RS
18209,94435,-30.084867,-51.039986,viamao,RS
18210,94440,-30.086744,-51.052666,viamao,RS
18211,94445,-30.098393,-51.059591,viamao,RS
18212,94450,-30.08735,-51.071574,viamao,RS
18213,94451,-30.078155,-51.052016,viamao,RS
18214,94455,-30.105295,-51.067068,viamao,RS
18215,94460,-30.113608,-51.074745,viamao,RS
18216,94463,-30.138034,-50.86687,viamao,RS
18217,94465,-30.123437,-51.085738,viamao,RS
18218,94470,-30.088321,-51.084783,viamao,RS
18219,94475,-30.073616,-51.094006,viamao,RS
18220,94480,-30.065737,-51.104201,viamao,RS
18221,94490,-30.061396,-51.10054,viamao,RS
18222,94495,-30.057157,-51.091119,viamao,RS
18223,94500,-30.067408,-51.111301,viamao,RS
18224,94505,-30.134648,-51.070114,viamao,RS
18225,94510,-30.058045,-51.078958,viamao,RS
18226,94515,-30.073269,-51.051761,viamao,RS
18227,94760,-28.000304,-49.175462,aguas claras,RS
18228,94770,-30.09281,-50.694388,capao da porteira,RS
18229,94810,-30.006148,-51.079559,alvorada,RS
18230,94814,-30.00367,-51.073016,alvorada,RS
18231,94818,-30.004246,-51.054943,alvorada,RS
18232,94820,-29.991609,-51.081386,alvorada,RS
18233,94824,-29.991401,-51.073151,alvorada,RS
18234,94828,-29.993159,-51.058991,alvorada,RS
18235,94830,-29.985257,-51.032895,alvorada,RS
18236,94834,-29.992749,-51.044516,alvorada,RS
18237,94836,-29.990569,-51.020274,alvorada,RS
18238,94838,-30.017119,-51.048557,alvorada,RS
18239,94850,-30.020101,-51.079583,alvorada,RS
18240,94852,-30.00698,-51.049152,alvorada,RS
18241,94853,-30.021263,-51.061718,alvorada,RS
18242,94855,-30.039802,-51.057021,alvorada,RS
18243,94856,-30.04199,-51.06341,alvorada,RS
18244,94858,-30.031893,-51.072623,alvorada,RS
18245,94859,-30.03197,-51.082072,alvorada,RS
18246,94901,-29.950756,-51.100478,cachoeirinha,RS
18247,94910,-29.952805,-51.097521,cachoeirinha,RS
18248,94920,-29.956801,-51.102002,cachoeirinha,RS
18249,94930,-29.942625,-51.107654,cachoeirinha,RS
18250,94931,-29.194327,-50.603638,cachoeirinha,RS
18251,94935,-29.942592,-51.096513,cachoeirinha,RS
18252,94940,-29.936009,-51.088606,cachoeirinha,RS
18253,94945,-29.927499,-51.080444,cachoeirinha,RS
18254,94950,-29.946736,-51.080188,cachoeirinha,RS
18255,94955,-29.915851,-51.075725,cachoeirinha,RS
18256,94960,-29.912761,-51.084783,cachoeirinha,RS
18257,94965,-29.904927,-51.070503,cachoeirinha,RS
18258,94967,-29.911602,-51.075149,cachoeirinha,RS
18259,94970,-29.88662,-51.090969,cachoeirinha,RS
18260,95010,-29.170127,-51.185408,caxias do sul,RS
18261,95012,-29.172758,-51.210401,caxias do sul,RS
18262,95013,-29.162761,-51.203372,caxias do sul,RS
18263,95020,-29.165936,-51.178957,caxias do sul,RS
18264,95030,-29.154276,-51.217619,caxias do sul,RS
18265,95032,-29.147458,-51.202644,caxias do sul,RS
18266,95034,-29.159728,-51.189083,caxias do sul,RS
18267,95040,-29.154787,-51.174379,caxias do sul,RS
18268,95041,-29.150584,-51.180798,caxias do sul,RS
18269,95042,-29.136907,-51.183791,caxias do sul,RS
18270,95043,-29.14263,-51.182137,caxias do sul,RS
18271,95044,-29.138559,-51.197073,caxias do sul,RS
18272,95045,-29.126897,-51.175048,caxias do sul,RS
18273,95046,-29.108004,-51.191797,caxias do sul,RS
18274,95047,-29.120552,-51.182358,caxias do sul,RS
18275,95050,-29.153545,-51.16422,caxias do sul,RS
18276,95052,-29.153416,-51.163288,caxias do sul,RS
18277,95054,-29.156912,-51.154523,caxias do sul,RS
18278,95055,-29.150719,-51.143156,caxias do sul,RS
18279,95057,-29.139337,-51.140161,caxias do sul,RS
18280,95058,-29.127945,-51.120031,caxias do sul,RS
18281,95059,-29.116169,-51.125377,caxias do sul,RS
18282,95060,-29.130166,-51.122722,caxias do sul,RS
18283,95062,-29.094112,-51.077303,caxias do sul,RS
18284,95065,-29.079822,-51.105811,caxias do sul,RS
18285,95070,-29.167562,-51.154909,caxias do sul,RS
18286,95072,-29.173486,-51.151005,caxias do sul,RS
18287,95074,-29.170367,-51.139073,caxias do sul,RS
18288,95076,-29.17808,-51.148416,caxias do sul,RS
18289,95080,-29.174752,-51.181426,caxias do sul,RS
18290,95082,-29.17794,-51.173123,caxias do sul,RS
18291,95084,-29.171838,-51.173378,caxias do sul,RS
18292,95086,-29.183376,-51.16683,caxias do sul,RS
18293,95088,-29.195742,-51.167159,caxias do sul,RS
18294,95090,-29.227613,-51.160556,caxias do sul,RS
18295,95095,-29.200012,-51.200657,caxias do sul,RS
18296,95096,-29.185805,-51.201621,caxias do sul,RS
18297,95097,-29.179728,-51.189766,caxias do sul,RS
18298,95098,-29.190369,-51.187302,caxias do sul,RS
18299,95099,-29.178049,-51.197408,caxias do sul,RS
18300,95100,-29.174152,-51.185055,caxias do sul,RS
18301,95110,-29.19178,-51.230644,caxias do sul,RS
18302,95112,-29.170212,-51.231611,caxias do sul,RS
18303,95115,-29.213143,-51.277744,caxias do sul,RS
18304,95124,-29.112479,-51.13756,caxias do sul,RS
18305,95125,-29.12528,-51.01472,fazenda souza,RS
18306,95150,-29.375114,-51.108796,nova petropolis,RS
18307,95160,-29.406978,-51.037118,pinhal alto,RS
18308,95166,-29.458806,-51.139898,picada cafe,RS
18309,95170,-29.386294,-51.376325,farroupilha,RS
18310,95171,-29.228746,-51.364814,farroupilha,RS
18311,95172,-29.218871,-51.351458,farroupilha,RS
18312,95173,-29.279876,-51.323867,farroupilha,RS
18313,95174,-29.208689,-51.346356,farroupilha,RS
18314,95175,-29.444674,-51.132191,picada cafe,RS
18315,95176,-29.217522,-51.340291,farroupilha,RS
18316,95177,-29.213976,-51.325415,farroupilha,RS
18317,95178,-29.258735,-51.4361,farroupilha,RS
18318,95179,-29.237247,-51.325701,farroupilha,RS
18319,95180,-29.227431,-51.348056,farroupilha,RS
18320,95181,-29.227591,-51.350135,farroupilha,RS
18321,95182,-29.277101,-51.337184,nova milano,RS
18322,95183,-29.241122,-51.411594,nova sardenha,RS
18323,95184,-29.13361,-51.37222,jansen,RS
18324,95185,-29.297973,-51.50305,carlos barbosa,RS
18325,95186,-29.350271,-51.547912,arco verde,RS
18326,95190,-28.968554,-51.068239,sao marcos,RS
18327,95200,-28.505922,-50.938238,vacaria,RS
18328,95230,-28.31876,-51.185514,muitos capoes,RS
18329,95236,-28.683484,-50.782461,monte alegre dos campos,RS
18330,95240,-28.805231,-51.288257,ipe,RS
18331,95250,-28.855683,-51.282211,antonio prado,RS
18332,95255,-28.794496,-51.098535,campestre da serra,RS
18333,95260,-28.987052,-51.407827,nova roma do sul,RS
18334,95270,-29.036138,-51.1832,flores da cunha,RS
18335,95272,-29.05849,-51.261263,otavio rocha,RS
18336,95275,-29.027601,-51.309134,nova pádua,RS
18337,95280,-28.734871,-50.049195,sao jose dos ausentes,RS
18338,95290,-28.671058,-50.434013,bom jesus,RS
18339,95300,-28.212178,-51.524458,lagoa vermelha,RS
18340,95305,-28.371866,-51.637118,ibiraiaras,RS
18341,95310,-28.633002,-51.573544,andré da rocha,RS
18342,95315,-28.269884,-51.701058,caseiros,RS
18343,95320,-28.781921,-51.609317,nova prata,RS
18344,95325,-28.80822,-51.782899,vista alegre do prata,RS
18345,95330,-28.937008,-51.549726,veranopolis,RS
18346,95333,-28.88052,-51.69767,fagundes varela,RS
18347,95334,-28.861217,-51.552055,vila flores,RS
18348,95335,-28.992813,-51.697634,cotipora,RS
18349,95340,-28.732564,-51.703894,nova bassano,RS
18350,95345,-28.75934,-51.474879,protasio alves,RS
18351,95350,-28.660107,-51.749731,nova araca,RS
18352,95355,-28.54249,-51.691477,guabiju,RS
18353,95360,-28.596185,-51.786986,parai,RS
18354,95365,-28.502204,-51.704982,sao jorge,RS
18355,95370,-27.677862,-51.457574,barracao,RS
18356,95380,-28.056702,-51.190059,esmeralda,RS
18357,95390,-30.233661,-50.233574,pinhal da serra,RS
18358,95400,-29.443746,-50.581226,sao francisco de paula,RS
18359,95420,-28.883869,-50.35771,jaquirana,RS
18360,95480,-29.053712,-50.144644,cambara do sul,RS
18361,95485,-28.976686,-50.063263,osvaldo kroeff,RS
18362,95500,-29.831517,-50.517903,santo antonio da patrulha,RS
18363,95515,-29.791617,-50.437321,caraa,RS
18364,95520,-29.895637,-50.255501,osorio,RS
18365,95528,-29.974089,-50.1995,santa luzia,RS
18366,95530,-29.657983,-50.210126,maquine,RS
18367,95535,-29.579179,-50.064123,terra de areia,RS
18368,95538,-29.459855,-50.134275,itati,RS
18369,95540,-30.272859,-50.493819,palmares do sul,RS
18370,95548,-30.238746,-50.372957,quintao,RS
18371,95552,-30.143749,-50.512027,capivari do sul,RS
18372,95555,-29.736634,-50.008714,capao da canoa,RS
18373,95556,-29.658192,-49.959194,capao novo,RS
18374,95558,-29.625789,-49.937315,curumim,RS
18375,95560,-29.339175,-49.744407,torres,RS
18376,95568,-29.373833,-49.852204,dom pedro de alcantara,RS
18377,95575,-29.535703,-50.047513,tres forquilhas,RS
18378,95577,-29.358439,-49.937382,morrinhos do sul,RS
18379,95580,-29.453393,-49.92188,tres cachoeiras,RS
18380,95585,-29.537405,-49.882916,arroio do sal,RS
18381,95588,-29.804058,-50.046571,xangri-la,RS
18382,95589,-29.851992,-50.066907,rainha do mar,RS
18383,95590,-30.005144,-50.149036,tramandai,RS
18384,95595,-30.18222,-50.212886,cidreira,RS
18385,95599,-30.245044,-50.257869,balneario pinhal,RS
18386,95600,-29.650832,-50.782075,taquara,RS
18387,95601,-29.661086,-50.78302,taquara,RS
18388,95603,-29.663775,-50.776103,taquara,RS
18389,95605,-29.660859,-50.769055,taquara,RS
18390,95607,-29.651548,-50.77031,taquara,RS
18391,95609,-29.640235,-50.771287,taquara,RS
18392,95611,-29.643782,-50.780558,taquara,RS
18393,95612,-29.641809,-50.788048,taquara,RS
18394,95625,-29.94973,-50.118878,imbe,RS
18395,95630,-29.631916,-50.834601,parobe,RS
18396,95650,-29.571889,-50.79474,igrejinha,RS
18397,95660,-29.51074,-50.781427,tres coroas,RS
18398,95670,-29.381919,-50.873821,gramado,RS
18399,95680,-29.36044,-50.810662,canela,RS
18400,95690,-29.648842,-50.571851,rolante,RS
18401,95695,-29.641782,-50.45892,riozinho,RS
18402,95700,-29.170278,-51.515866,bento goncalves,RS
18403,95701,-29.172875,-51.528402,bento goncalves,RS
18404,95702,-29.182767,-51.4993,bento goncalves,RS
18405,95703,-29.167723,-51.504982,bento goncalves,RS
18406,95705,-29.155569,-51.513016,bento goncalves,RS
18407,95706,-29.15463,-51.493275,bento goncalves,RS
18408,95707,-29.154275,-51.532226,bento goncalves,RS
18409,95708,-29.13843,-51.527596,bento goncalves,RS
18410,95709,-29.122909,-51.541012,bento goncalves,RS
18411,95710,-29.203975,-51.531305,tuiuti,RS
18412,95711,-29.175192,-51.569258,vale dos vinhedos,RS
18413,95717,-29.105747,-51.45782,pinto bandeira,RS
18414,95718,-29.163194,-51.636954,monte belo do sul,RS
18415,95720,-29.254744,-51.528026,garibaldi,RS
18416,95726,-29.272428,-51.680286,coronel pilar,RS
18417,95727,-29.346517,-51.672474,boa vista do sul,RS
18418,95730,-29.375708,-51.499481,barao,RS
18419,95735,-29.286767,-51.872781,roca sales,RS
18420,95740,-29.451123,-51.673436,poco das antas,RS
18421,95745,-29.680512,-51.321188,capela de santana,RS
18422,95748,-29.541483,-51.421792,sao jose do sul,RS
18423,95750,-29.442374,-51.511023,salvador do sul,RS
18424,95755,-29.539248,-51.253218,sao jose do hortencio,RS
18425,95758,-29.440173,-51.752333,sao pedro da serra,RS
18426,95760,-29.587264,-51.362254,sao sebastiao do cai,RS
18427,95765,-29.479789,-51.358186,bom principio,RS
18428,95768,-29.462187,-51.201639,linha nova,RS
18429,95770,-29.45309,-51.302071,feliz,RS
18430,95773,-29.394128,-51.308033,alto feliz,RS
18431,95775,-29.482611,-51.418355,tupandi,RS
18432,95778,-29.38991,-51.247873,vale real,RS
18433,95780,-29.688238,-51.46873,montenegro,RS
18434,95783,-29.635302,-51.403606,pareci novo,RS
18435,95785,-29.550273,-51.421442,harmonia,RS
18436,95790,-29.559863,-51.590972,brochier,RS
18437,95793,-29.548574,-51.559132,marata,RS
18438,95795,-29.374454,-51.372242,sao vendelino,RS
18439,95800,-29.611349,-52.193381,venancio aires,RS
18440,95820,-29.907703,-51.772574,general camara,RS
18441,95833,-29.782553,-52.185755,vale verde,RS
18442,95835,-29.524887,-52.128117,mato leitao,RS
18443,95840,-29.933021,-51.709597,triunfo,RS
18444,95860,-29.792245,-51.861299,taquari,RS
18445,95863,-29.68745,-51.719944,tabai,RS
18446,95865,-29.556902,-51.739371,paverama,RS
18447,95870,-29.600051,-51.935376,bom retiro do sul,RS
18448,95875,-29.587774,-51.827623,fazenda vilanova,RS
18449,95880,-29.497251,-51.958373,estrela,RS
18450,95885,-29.343597,-51.764875,imigrante,RS
18451,95890,-29.48179,-51.808388,teutonia,RS
18452,95893,-29.422356,-51.762976,westfalia,RS
18453,95895,-29.388254,-51.868993,colinas,RS
18454,95900,-29.46082,-51.966483,lajeado,RS
18455,95901,-29.472504,-51.985596,lajeado,RS
18456,95902,-29.478159,-51.979118,lajeado,RS
18457,95903,-29.460123,-52.022632,lajeado,RS
18458,95904,-29.458075,-51.996368,lajeado,RS
18459,95905,-29.449434,-51.988739,lajeado,RS
18460,95906,-29.436265,-52.025861,lajeado,RS
18461,95907,-29.430721,-52.04733,lajeado,RS
18462,95908,-29.432085,-52.020069,lajeado,RS
18463,95910,-29.430824,-51.993777,lajeado,RS
18464,95911,-29.424733,-52.005664,lajeado,RS
18465,95912,-29.43729,-51.973616,lajeado,RS
18466,95913,-29.446743,-51.961072,lajeado,RS
18467,95914,-29.437014,-51.957224,lajeado,RS
18468,95915,-29.467257,-52.088243,santa clara do sul,RS
18469,95918,-29.384268,-52.270721,serio,RS
18470,95920,-29.302384,-52.430058,boqueirao do leao,RS
18471,95923,-29.318238,-52.102345,marques de souza,RS
18472,95925,-29.242094,-52.315916,progresso,RS
18473,95930,-29.511575,-51.991572,cruzeiro do sul,RS
18474,95933,-29.323592,-52.233949,canudos do vale,RS
18475,95935,-29.270431,-51.988366,capitao,RS
18476,95937,-29.375501,-52.11097,forquetinha,RS
18477,95940,-29.3949,-51.945327,arroio do meio,RS
18478,95945,-29.161673,-52.217441,pouso novo,RS
18479,95948,-29.31164,-52.062856,travesseiro,RS
18480,95950,-29.21487,-52.027408,nova brescia,RS
18481,95955,-29.18048,-52.089344,coqueiro baixo,RS
18482,95960,-29.234131,-51.877268,encantado,RS
18483,95965,-29.112089,-52.070639,relvado,RS
18484,95967,-29.09064,-51.981702,doutor ricardo,RS
18485,95970,-29.165477,-51.87289,mucum,RS
18486,95972,-29.068615,-51.861192,vespasiano correa,RS
18487,95975,-29.001338,-52.157337,putinga,RS
18488,95980,-28.972066,-52.007797,anta gorda,RS
18489,95985,-28.677397,-52.164348,nova alvorada,RS
18490,95990,-28.927836,-52.126717,ilopolis,RS
18491,95995,-28.871521,-52.180098,arvorezinha,RS
18492,95997,-28.782636,-52.172502,itapuca,RS
18493,96010,-31.77225,-52.339162,pelotas,RS
18494,96015,-31.763891,-52.339282,pelotas,RS
18495,96020,-31.756575,-52.341603,pelotas,RS
18496,96025,-31.771399,-52.355657,pelotas,RS
18497,96030,-31.760794,-52.371881,pelotas,RS
18498,96040,-31.749013,-52.373724,pelotas,RS
18499,96045,-31.748461,-52.390351,pelotas,RS
18500,96050,-31.740005,-52.391648,pelotas,RS
18501,96055,-31.737919,-52.336503,pelotas,RS
18502,96060,-31.726456,-52.325356,pelotas,RS
18503,96065,-31.718892,-52.350936,pelotas,RS
18504,96070,-31.697486,-52.338706,pelotas,RS
18505,96071,-31.701872,-52.314497,pelotas,RS
18506,96072,-31.651817,-52.332727,pelotas,RS
18507,96075,-31.771331,-52.327912,pelotas,RS
18508,96076,-31.765483,-52.320484,pelotas,RS
18509,96077,-31.756929,-52.316462,pelotas,RS
18510,96080,-31.750845,-52.322765,pelotas,RS
18511,96081,-31.738255,-52.315345,pelotas,RS
18512,96083,-31.759243,-52.272335,pelotas,RS
18513,96085,-31.749305,-52.305787,pelotas,RS
18514,96087,-31.719968,-52.305324,pelotas,RS
18515,96090,-31.761143,-52.235054,pelotas,RS
18516,96095,-31.734625,-52.214804,pelotas,RS
18517,96100,-33.5258,-53.364553,santa vitoria do palmar,RS
18518,96115,-31.638807,-52.415534,monte bonito,RS
18519,96130,-31.698183,-52.1561,colônia z-3,RS
18520,96145,-31.512235,-52.439962,quilombo,RS
18521,96148,-31.413966,-52.171604,turucu,RS
18522,96150,-31.592241,-52.624349,morro redondo,RS
18523,96155,-31.441525,-52.418244,arroio do padre,RS
18524,96160,-31.767015,-52.459484,capao do leao,RS
18525,96170,-31.364285,-51.978594,sao lourenco do sul,RS
18526,96178,-30.912115,-51.501563,arambare,RS
18527,96180,-30.854072,-51.808621,camaqua,RS
18528,96190,-30.703659,-52.108219,dom feliciano,RS
18529,96193,-30.749416,-51.980594,chuvisca,RS
18530,96195,-31.001222,-52.048233,cristal,RS
18531,96200,-32.034747,-52.097185,rio grande,RS
18532,96201,-32.039599,-52.085427,rio grande,RS
18533,96202,-32.047323,-52.109338,rio grande,RS
18534,96203,-32.075303,-52.154767,rio grande,RS
18535,96204,-32.137831,-52.109051,rio grande,RS
18536,96205,-32.176858,-52.164431,rio grande,RS
18537,96206,-32.174198,-52.161332,rio grande,RS
18538,96207,-32.184138,-52.155985,rio grande,RS
18539,96208,-32.186515,-52.171519,rio grande,RS
18540,96209,-32.193451,-52.179281,rio grande,RS
18541,96210,-32.17728,-52.168352,rio grande,RS
18542,96211,-32.040122,-52.115823,rio grande,RS
18543,96212,-32.052544,-52.142206,rio grande,RS
18544,96213,-32.079303,-52.171263,rio grande,RS
18545,96214,-32.079631,-52.17838,rio grande,RS
18546,96215,-32.094553,-52.184156,rio grande,RS
18547,96216,-32.105151,-52.173964,rio grande,RS
18548,96217,-32.159271,-52.180675,rio grande,RS
18549,96222,-32.086215,-52.204168,rio grande,RS
18550,96223,-32.0258,-52.19685,rio grande,RS
18551,96225,-31.959773,-52.006094,sao jose do norte,RS
18552,96230,-33.52025,-53.356689,santa vitoria do palmar,RS
18553,96255,-33.68989,-53.458838,chui,RS
18554,96270,-31.102888,-50.912341,mostardas,RS
18555,96290,-31.283356,-51.086814,tavares,RS
18556,96300,-32.561073,-53.378161,jaguarao,RS
18557,96310,-32.025164,-53.39322,herval,RS
18558,96330,-32.235602,-53.078475,arroio grande,RS
18559,96360,-31.866949,-52.821761,pedro osorio,RS
18560,96395,-31.851394,-52.810694,cerrito,RS
18561,96400,-31.327453,-54.10678,bage,RS
18562,96402,-31.329204,-54.121969,bage,RS
18563,96405,-31.30987,-54.129246,bage,RS
18564,96407,-31.311181,-54.117506,bage,RS
18565,96408,-31.308808,-54.11099,bage,RS
18566,96410,-31.295172,-54.133168,bage,RS
18567,96412,-31.31786,-54.091148,bage,RS
18568,96413,-31.306868,-54.075052,bage,RS
18569,96415,-31.333092,-54.090355,bage,RS
18570,96418,-31.338173,-54.076037,bage,RS
18571,96419,-31.335026,-54.064224,bage,RS
18572,96420,-31.352267,-54.092487,bage,RS
18573,96422,-31.359143,-54.112008,bage,RS
18574,96425,-31.342384,-54.121782,bage,RS
18575,96439,-31.66694,-54.07083,colonia nova,RS
18576,96445,-31.793589,-54.144614,acegua,RS
18577,96450,-30.979333,-54.66951,dom pedrito,RS
18578,96460,-31.400115,-53.879389,hulha negra,RS
18579,96470,-31.578575,-53.381859,pinheiro machado,RS
18580,96487,-31.733494,-53.585246,pedras altas,RS
18581,96490,-31.438566,-53.102997,piratini,RS
18582,96495,-31.500421,-53.69313,candiota,RS
18583,96501,-30.034219,-52.900982,cachoeira do sul,RS
18584,96503,-30.023203,-52.912277,cachoeira do sul,RS
18585,96504,-30.005509,-52.918809,cachoeira do sul,RS
18586,96505,-30.010915,-52.904012,cachoeira do sul,RS
18587,96506,-30.041959,-52.895586,cachoeira do sul,RS
18588,96508,-30.046264,-52.890463,cachoeira do sul,RS
18589,96530,-29.72262,-53.179104,paraiso do sul,RS
18590,96535,-29.663329,-52.943863,cerro branco,RS
18591,96540,-29.642541,-53.243485,agudo,RS
18592,96545,-29.741399,-52.965134,novo cabrais,RS
18593,96550,-29.73717,-52.95064,cortado,RS
18594,96570,-30.513707,-53.489206,cacapava do sul,RS
18595,96590,-30.873017,-53.114764,santana da boa vista,RS
18596,96600,-31.3958,-52.676916,cangucu,RS
18597,96610,-30.544848,-52.52443,encruzilhada do sul,RS
18598,96635,-30.874239,-52.253193,amaral ferrador,RS
18599,96640,-29.979827,-52.37458,rio pardo,RS
18600,96685,-29.749584,-52.274214,passo do sobrado,RS
18601,96690,-30.196916,-52.36936,pantano grande,RS
18602,96700,-29.963008,-51.720232,sao jeronimo,RS
18603,96735,-30.400491,-51.749338,barao do triunfo,RS
18604,96740,-30.090093,-51.731594,arroio dos ratos,RS
18605,96745,-29.958322,-51.624176,charqueadas,RS
18606,96750,-30.119872,-51.962738,butia,RS
18607,96755,-30.139535,-52.044737,minas do leao,RS
18608,96760,-30.67381,-51.397899,tapes,RS
18609,96765,-30.616267,-51.580693,sentinela do sul,RS
18610,96770,-30.59482,-51.75309,cerro grande do sul,RS
18611,96790,-30.298504,-51.309091,barra do ribeiro,RS
18612,96810,-29.717343,-52.4312,santa cruz do sul,RS
18613,96814,-29.713878,-52.444844,santa cruz do sul,RS
18614,96815,-29.704109,-52.420769,santa cruz do sul,RS
18615,96816,-29.695379,-52.441904,santa cruz do sul,RS
18616,96817,-29.6882,-52.44851,santa cruz do sul,RS
18617,96820,-29.704621,-52.425962,santa cruz do sul,RS
18618,96821,-29.679483,-52.40953,santa cruz do sul,RS
18619,96822,-29.676699,-52.40055,santa cruz do sul,RS
18620,96823,-29.693294,-52.411642,santa cruz do sul,RS
18621,96824,-29.70366,-52.401359,santa cruz do sul,RS
18622,96825,-29.718162,-52.418245,santa cruz do sul,RS
18623,96830,-29.735991,-52.417076,santa cruz do sul,RS
18624,96832,-29.749091,-52.409736,santa cruz do sul,RS
18625,96835,-29.750751,-52.421542,santa cruz do sul,RS
18626,96836,-29.762519,-52.415596,santa cruz do sul,RS
18627,96840,-29.740475,-52.433339,santa cruz do sul,RS
18628,96842,-29.765539,-52.439894,santa cruz do sul,RS
18629,96843,-29.738591,-52.444779,santa cruz do sul,RS
18630,96845,-29.725446,-52.443048,santa cruz do sul,RS
18631,96859,-29.63334,-52.389487,monte alverne,RS
18632,96875,-29.26902,-52.57838,gramado xavier,RS
18633,96878,-29.605669,-52.679853,vale do sol,RS
18634,96880,-29.716478,-52.505982,vera cruz,RS
18635,96888,-29.455769,-52.64869,herveiras,RS
18636,96890,-29.52944,-52.522751,sinimbu,RS
18637,96900,-29.416615,-53.026267,sobradinho,RS
18638,96908,-29.43777,-52.953264,passa sete,RS
18639,96910,-29.334055,-52.971542,segredo,RS
18640,96920,-29.496608,-53.035897,lagoa bonita do sul,RS
18641,96925,-29.422294,-53.127347,ibarama,RS
18642,96930,-29.670915,-52.788971,candelaria,RS
18643,96950,-29.338338,-52.986154,arroio do tigre,RS
18644,96990,-29.180372,-53.15879,estrela velha,RS
18645,97010,-29.684421,-53.814001,santa maria,RS
18646,97015,-29.692803,-53.812819,santa maria,RS
18647,97020,-29.69205,-53.825952,santa maria,RS
18648,97021,-29.695898,-53.832351,santa maria,RS
18649,97030,-29.701394,-53.863342,santa maria,RS
18650,97032,-29.698956,-53.873021,santa maria,RS
18651,97035,-29.692714,-53.851355,santa maria,RS
18652,97037,-29.684715,-53.857242,santa maria,RS
18653,97040,-29.673664,-53.83199,santa maria,RS
18654,97043,-29.673632,-53.818098,santa maria,RS
18655,97045,-29.674037,-53.803461,santa maria,RS
18656,97050,-29.689891,-53.7981,santa maria,RS
18657,97060,-29.701335,-53.802838,santa maria,RS
18658,97065,-29.720411,-53.800878,santa maria,RS
18659,97070,-29.715761,-53.816056,santa maria,RS
18660,97090,-29.67567,-53.790338,santa maria,RS
18661,97095,-29.695727,-53.771694,santa maria,RS
18662,97105,-29.706288,-53.718477,santa maria,RS
18663,97110,-29.699222,-53.736749,santa maria,RS
18664,97180,-29.706329,-54.204896,dilermando de aguiar,RS
18665,97185,-29.594889,-53.771186,itaara,RS
18666,97190,-29.539843,-53.854898,sao martinho da serra,RS
18667,97195,-29.645581,-53.584353,silveira martins,RS
18668,97200,-29.814107,-53.374998,restinga seca,RS
18669,97210,-29.999116,-53.500715,formigueiro,RS
18670,97220,-29.575176,-53.445365,faxinal do soturno,RS
18671,97230,-29.618729,-53.448165,sao joao do polesine,RS
18672,97250,-29.468112,-53.457039,nova palma,RS
18673,97280,-29.623614,-53.355824,dona francisca,RS
18674,97300,-30.336583,-54.323633,sao gabriel,RS
18675,97306,-30.354836,-54.334166,são gabriel,RS
18676,97310,-30.333606,-54.333766,são gabriel,RS
18677,97313,-30.327772,-54.326148,sao gabriel,RS
18678,97314,-30.321603,-54.313979,sao gabriel,RS
18679,97335,-30.385749,-54.076652,santa margarida do sul,RS
18680,97340,-30.164713,-53.570285,sao sepe,RS
18681,97385,-30.191113,-53.286693,vila nova do sul,RS
18682,97390,-30.811114,-53.900742,lavras do sul,RS
18683,97400,-29.582741,-54.197811,sao pedro do sul,RS
18684,97410,-29.561196,-54.456907,mata,RS
18685,97418,-29.471458,-54.227555,toropi,RS
18686,97420,-29.692829,-54.680947,sao vicente do sul,RS
18687,97450,-29.883453,-54.826384,cacequi,RS
18688,97500,-29.768852,-57.086319,uruguaiana,RS
18689,97501,-29.75611,-57.088086,uruguaiana,RS
18690,97502,-29.762809,-57.078945,uruguaiana,RS
18691,97503,-29.773365,-57.096756,uruguaiana,RS
18692,97504,-29.780231,-57.091839,uruguaiana,RS
18693,97507,-29.775684,-57.076425,uruguaiana,RS
18694,97508,-29.788463,-57.089438,uruguaiana,RS
18695,97509,-29.806433,-57.050253,uruguaiana,RS
18696,97510,-29.761689,-57.082163,uruguaiana,RS
18697,97511,-29.766633,-57.059506,uruguaiana,RS
18698,97513,-29.768159,-57.055436,uruguaiana,RS
18699,97538,-30.208557,-57.550856,barra do quarai,RS
18700,97541,-29.780457,-55.790606,alegrete,RS
18701,97542,-29.784182,-55.791203,alegrete,RS
18702,97543,-29.796741,-55.803489,alegrete,RS
18703,97544,-29.791448,-55.806939,alegrete,RS
18704,97545,-29.80465,-55.805133,alegrete,RS
18705,97546,-29.79118,-55.768796,alegrete,RS
18706,97547,-29.800608,-55.753667,alegrete,RS
18707,97560,-30.383072,-56.451734,quarai,RS
18708,97571,-30.862591,-55.547755,santana do livramento,RS
18709,97572,-30.873512,-55.531392,santana do livramento,RS
18710,97573,-30.887725,-55.536814,santana do livramento,RS
18711,97574,-30.894813,-55.525095,santana do livramento,RS
18712,97575,-30.895094,-55.49474,santana do livramento,RS
18713,97576,-30.889681,-55.51069,santana do livramento,RS
18714,97577,-30.874617,-55.509793,santana do livramento,RS
18715,97578,-30.868072,-55.484083,santana do livramento,RS
18716,97590,-30.254782,-54.920549,rosario do sul,RS
18717,97610,-29.55068,-55.126786,sao francisco de assis,RS
18718,97640,-29.571477,-55.483553,manoel viana,RS
18719,97645,-29.147565,-56.065988,macambara,RS
18720,97650,-29.13318,-56.551559,itaqui,RS
18721,97670,-28.65502,-56.004762,sao borja,RS
18722,97685,-28.797779,-55.235004,itacurubi,RS
18723,97690,-28.18556,-55.639863,garruchos,RS
18724,97700,-29.186379,-54.867451,santiago,RS
18725,97753,-28.937214,-54.558772,capao do cipo,RS
18726,97755,-29.047378,-55.153084,unistalda,RS
18727,97760,-29.495763,-54.686073,jaguari,RS
18728,97770,-29.422323,-54.914975,nova esperanca do sul,RS
18729,97800,-28.405446,-54.957784,sao luiz gonzaga,RS
18730,97843,-28.262631,-54.828372,rolador,RS
18731,97845,-28.224737,-55.050531,dezesseis de novembro,RS
18732,97850,-28.726795,-54.911897,bossoroca,RS
18733,97870,-28.508262,-55.236292,santo antonio das missoes,RS
18734,97880,-28.184883,-55.261359,sao nicolau,RS
18735,97885,-28.046269,-55.199998,pirapo,RS
18736,97900,-28.146641,-54.737646,cerro largo,RS
18737,97920,-28.124617,-54.89335,sao pedro do butia,RS
18738,97930,-28.28958,-54.640341,caibate,RS
18739,97935,-28.254903,-54.618209,mato queimado,RS
18740,97940,-28.108065,-54.841517,salvador das missoes,RS
18741,97950,-28.143481,-54.557796,guarani das missoes,RS
18742,97960,-28.128667,-54.459102,sete de setembro,RS
18743,97970,-28.129987,-55.02072,roque gonzales,RS
18744,97980,-28.022784,-54.937106,sao paulo das missoes,RS
18745,98005,-28.642782,-53.606982,cruz alta,RS
18746,98010,-28.650158,-53.617751,cruz alta,RS
18747,98015,-28.633439,-53.622007,cruz alta,RS
18748,98020,-28.623981,-53.612105,cruz alta,RS
18749,98025,-28.634903,-53.604549,cruz alta,RS
18750,98030,-28.632763,-53.587111,cruz alta,RS
18751,98035,-28.645114,-53.586133,cruz alta,RS
18752,98040,-28.65108,-53.588982,cruz alta,RS
18753,98045,-28.676167,-53.610027,cruz alta,RS
18754,98050,-28.654098,-53.59956,cruz alta,RS
18755,98118,-28.577842,-53.814064,boa vista do cadeado,RS
18756,98120,-28.818597,-53.386338,boa vista do incra,RS
18757,98125,-28.795758,-53.22882,fortaleza dos valos,RS
18758,98130,-29.230122,-53.678905,julio de castilhos,RS
18759,98140,-29.347054,-54.072468,quevedos,RS
18760,98150,-29.33693,-53.347213,pinhal grande,RS
18761,98160,-29.520499,-53.5779,ivora,RS
18762,98170,-29.081042,-53.837369,tupancireta,RS
18763,98175,-29.289831,-54.219464,jari,RS
18764,98180,-28.660527,-54.1178,joia,RS
18765,98200,-28.63026,-53.0961,ibiruba,RS
18766,98230,-28.742969,-53.099155,quinze de novembro,RS
18767,98240,-28.368493,-53.253992,santa barbara do sul,RS
18768,98250,-28.396333,-53.090111,saldanha marinho,RS
18769,98270,-28.419849,-53.654387,pejucara,RS
18770,98280,-28.294429,-53.502746,panambi,RS
18771,98290,-28.207409,-53.484938,condor,RS
18772,98300,-27.898625,-53.310894,palmeira das missoes,RS
18773,98320,-27.691993,-53.179028,lajeado do bugre,RS
18774,98325,-27.783641,-53.123394,sao jose das missoes,RS
18775,98330,-27.701218,-53.135647,sagrada familia,RS
18776,98335,-27.661535,-53.316871,boa vista das missoes,RS
18777,98338,-27.908757,-53.113986,novo barreiro,RS
18778,98340,-27.60869,-53.165814,cerro grande,RS
18779,98345,-27.51194,-53.214541,pinhal,RS
18780,98350,-27.63864,-53.280436,jaboticaba,RS
18781,98360,-27.473564,-53.170584,rodeio bonito,RS
18782,98368,-27.455201,-53.246521,cristal do sul,RS
18783,98370,-27.562978,-53.184396,novo tiradentes,RS
18784,98380,-27.482225,-53.401273,seberi,RS
18785,98385,-27.661405,-53.524738,dois irmaos das missoes,RS
18786,98390,-27.551182,-53.508269,erval seco,RS
18787,98400,-27.357153,-53.396211,frederico westphalen,RS
18788,98410,-27.399669,-53.466601,taquarucu do sul,RS
18789,98415,-27.36975,-53.492451,vista alegre,RS
18790,98430,-27.353684,-53.557678,palmitinho,RS
18791,98435,-27.21201,-53.617732,pinheirinho do vale,RS
18792,98440,-27.272581,-53.438218,caicara,RS
18793,98450,-27.167528,-53.402468,vicente dutra,RS
18794,98460,-27.195093,-53.255285,irai,RS
18795,98465,-27.366618,-53.177611,ametista do sul,RS
18796,98470,-27.331872,-53.058529,planalto,RS
18797,98480,-27.25027,-53.035897,alpestre,RS
18798,98500,-27.371085,-53.759193,tenente portela,RS
18799,98528,-27.265115,-53.863538,derrubadas,RS
18800,98530,-27.191717,-53.709621,barra do guarita,RS
18801,98535,-27.288724,-53.701158,vista gaucha,RS
18802,98540,-27.490762,-53.686364,miraguai,RS
18803,98550,-27.650583,-53.63878,redentora,RS
18804,98560,-27.616563,-53.74094,braga,RS
18805,98570,-27.676796,-53.807237,campo novo,RS
18806,98575,-27.552576,-53.863258,bom progresso,RS
18807,98580,-27.717023,-53.708581,coronel bicaco,RS
18808,98590,-27.853035,-53.778053,santo augusto,RS
18809,98595,-27.786621,-53.936221,sao valerio do sul,RS
18810,98600,-27.454605,-53.933499,tres passos,RS
18811,98620,-27.434009,-53.961168,padre gonzales,RS
18812,98635,-27.352544,-54.001394,esperanca do sul,RS
18813,98640,-27.49776,-54.099666,crissiumal,RS
18814,98670,-27.565302,-53.968858,humaita,RS
18815,98675,-27.635038,-53.94877,sede nova,RS
18816,98680,-27.392281,-54.088074,tiradentes do sul,RS
18817,98690,-27.709194,-53.964111,sao martinho,RS
18818,98700,-28.387888,-53.916205,ijui,RS
18819,98733,-28.359616,-53.753312,bozano,RS
18820,98735,-28.39483,-54.067637,coronel barros,RS
18821,98740,-28.514913,-53.993602,augusto pestana,RS
18822,98750,-28.237675,-53.76429,ajuricaba,RS
18823,98758,-28.092262,-53.702121,nova ramada,RS
18824,98760,-27.918893,-53.940102,chiapetta,RS
18825,98765,-27.88166,-54.018152,inhacora,RS
18826,98770,-28.252155,-54.013084,catuipe,RS
18827,98780,-27.819586,-54.2186,santa rosa,RS
18828,98781,-27.859865,-54.48872,santa rosa,RS
18829,98785,-27.851132,-54.474764,santa rosa,RS
18830,98787,-27.898651,-54.399289,santa rosa,RS
18831,98789,-27.865787,-54.437098,santa rosa,RS
18832,98790,-27.856845,-54.445667,santa rosa,RS
18833,98792,-27.879988,-54.471558,santa rosa,RS
18834,98794,-27.882883,-54.481576,santa rosa,RS
18835,98796,-27.874405,-54.49535,santa rosa,RS
18836,98801,-28.305214,-54.264822,santo angelo,RS
18837,98802,-28.291145,-54.269663,santo angelo,RS
18838,98803,-28.290526,-54.262544,santo angelo,RS
18839,98804,-28.311982,-54.261425,santo angelo,RS
18840,98805,-28.297516,-54.245052,santo angelo,RS
18841,98807,-28.299618,-54.243719,santo angelo,RS
18842,98825,-28.29678,-54.393503,buriti,RS
18843,98850,-28.352389,-54.501266,vitoria das missoes,RS
18844,98855,-28.363235,-54.267331,entre-ijuis,RS
18845,98860,-28.527713,-54.146075,eugenio de castro,RS
18846,98865,-28.562297,-54.547504,sao miguel das missoes,RS
18847,98870,-28.029844,-54.349077,girua,RS
18848,98895,-28.025798,-54.544452,senador salgado filho,RS
18849,98898,-28.044832,-54.680436,ubiretama,RS
18850,98900,-27.866213,-54.470411,santa rosa,RS
18851,98905,-27.805521,-54.043818,alegria,RS
18852,98910,-27.776498,-54.235324,tres de maio,RS
18853,98915,-27.853353,-54.190453,independencia,RS
18854,98918,-27.668576,-54.110721,boa vista do burica,RS
18855,98919,-27.607797,-54.109697,nova candelaria,RS
18856,98920,-27.626288,-54.310391,horizontina,RS
18857,98925,-27.50686,-54.364102,doutor mauricio cardoso,RS
18858,98930,-27.658193,-54.439972,tucunduva,RS
18859,98940,-27.752799,-54.488295,tuparendi,RS
18860,98947,-27.572052,-54.668465,porto maua,RS
18861,98950,-27.658291,-54.767031,alecrim,RS
18862,98955,-27.564907,-54.500971,novo machado,RS
18863,98958,-28.120963,-54.049456,sao jose do inhacora,RS
18864,98960,-27.82578,-54.665685,santo cristo,RS
18865,98970,-27.94921,-54.752267,candido godoi,RS
18866,98975,-27.990184,-54.841443,campina das missoes,RS
18867,98980,-27.855805,-55.016724,porto lucena,RS
18868,98985,-27.735723,-54.900247,porto vera cruz,RS
18869,98995,-27.906767,-55.1392,porto xavier,RS
18870,99001,-28.234745,-52.423582,passo fundo,RS
18871,99010,-28.274097,-52.563368,passo fundo,RS
18872,99020,-28.250147,-52.410732,passo fundo,RS
18873,99022,-28.24254,-52.416999,passo fundo,RS
18874,99025,-28.264616,-52.424772,passo fundo,RS
18875,99030,-28.264141,-52.437003,passo fundo,RS
18876,99032,-28.261582,-52.443124,passo fundo,RS
18877,99034,-28.271768,-52.452436,passo fundo,RS
18878,99036,-28.283659,-52.433836,passo fundo,RS
18879,99040,-28.250084,-52.427011,passo fundo,RS
18880,99042,-28.241605,-52.437037,passo fundo,RS
18881,99043,-28.226596,-52.467505,passo fundo,RS
18882,99050,-28.244009,-52.387708,passo fundo,RS
18883,99051,-28.255109,-52.477398,passo fundo,RS
18884,99052,-28.233082,-52.371328,passo fundo,RS
18885,99054,-28.260857,-52.37597,passo fundo,RS
18886,99060,-28.275703,-52.375054,passo fundo,RS
18887,99062,-28.279826,-52.385091,passo fundo,RS
18888,99064,-28.28519,-52.366412,passo fundo,RS
18889,99066,-28.276815,-52.396994,passo fundo,RS
18890,99070,-28.264418,-52.391833,passo fundo,RS
18891,99072,-28.271112,-52.406801,passo fundo,RS
18892,99074,-28.272938,-52.395696,passo fundo,RS
18893,99140,-28.50007,-52.565909,ernestina,RS
18894,99145,-28.126927,-52.296837,coxilha,RS
18895,99150,-28.446012,-52.203083,marau,RS
18896,99155,-28.536535,-52.158744,vila maria,RS
18897,99160,-28.361201,-52.039707,gentil,RS
18898,99165,-28.589698,-52.204144,camargo,RS
18899,99170,-27.985055,-52.258135,sertao,RS
18900,99175,-28.534402,-52.459423,nicolau vergueiro,RS
18901,99180,-28.278554,-52.190871,mato castelhano,RS
18902,99190,-28.061294,-52.67703,pontao,RS
18903,99200,-28.848204,-51.891787,guapore,RS
18904,99215,-28.758905,-52.011635,uniao da serra,RS
18905,99220,-28.983048,-51.836188,dois lajeados,RS
18906,99240,-29.049265,-51.76602,sao valentim do sul,RS
18907,99250,-28.713052,-51.9339,serafina correa,RS
18908,99255,-28.653381,-52.075866,montauri,RS
18909,99260,-28.565441,-51.974941,casca,RS
18910,99265,-28.499749,-52.65686,santo antônio do palma,RS
18911,99270,-28.539456,-51.877436,sao domingos do sul,RS
18912,99290,-28.475682,-51.844549,vanini,RS
18913,99300,-28.827467,-52.509182,soledade,RS
18914,99315,-28.693326,-52.690921,mormaco,RS
18915,99320,-28.622742,-52.514198,ibirapuita,RS
18916,99330,-29.103118,-52.956876,tunas,RS
18917,99340,-29.225741,-52.775182,lagoao,RS
18918,99345,-28.577743,-52.597996,tio hugo,RS
18919,99350,-28.56132,-52.743245,victor graeff,RS
18920,99360,-29.09208,-52.586032,barros cassal,RS
18921,99370,-28.983489,-52.349324,fontoura xavier,RS
18922,99380,-29.048392,-52.2923,sao jose do herval,RS
18923,99400,-28.731196,-52.84399,espumoso,RS
18924,99430,-28.781667,-52.988843,alto alegre,RS
18925,99435,-28.886452,-53.001517,campos borges,RS
18926,99440,-29.089687,-53.215012,salto do jacui,RS
18927,99450,-28.630178,-52.954354,selbach,RS
18928,99457,-29.036956,-53.038493,jacuizinho,RS
18929,99460,-28.520779,-52.992287,colorado,RS
18930,99470,-28.460316,-52.819382,nao-me-toque,RS
18931,99490,-28.62774,-52.869917,tapera,RS
18932,99495,-28.567906,-52.855649,lagoa dos tres cantos,RS
18933,99500,-28.291481,-52.790329,carazinho,RS
18934,99523,-28.115634,-52.914917,almirante tamandare do sul,RS
18935,99525,-28.398789,-52.69298,santo antonio do planalto,RS
18936,99528,-28.118553,-52.782453,coqueiros do sul,RS
18937,99530,-28.061046,-53.066228,chapada,RS
18938,99560,-27.940448,-52.924703,sarandi,RS
18939,99580,-27.993076,-52.980774,nova boa vista,RS
18940,99585,-27.92388,-53.041983,barra funda,RS
18941,99590,-27.830357,-52.90799,rondinha,RS
18942,99600,-27.36879,-52.773268,nonoai,RS
18943,99605,-27.439352,-52.911776,gramado dos loureiros,RS
18944,99610,-27.305269,-52.842039,rio dos indios,RS
18945,99615,-27.524073,-52.897395,trindade do sul,RS
18946,99640,-27.559003,-52.524713,sao valentim,RS
18947,99645,-27.531259,-52.731468,entre rios do sul,RS
18948,99650,-27.514869,-52.593039,benjamin constant do sul,RS
18949,99655,-27.421769,-52.675022,faxinalzinho,RS
18950,99660,-27.717902,-52.624155,campinas do sul,RS
18951,99665,-27.662394,-52.656555,cruzaltense,RS
18952,99670,-27.78229,-52.806278,ronda alta,RS
18953,99675,-27.613828,-52.845311,tres palmeiras,RS
18954,99680,-27.732302,-52.995596,constantina,RS
18955,99687,-27.747953,-53.062351,novo xingu,RS
18956,99690,-27.60005,-53.075113,liberato salzano,RS
18957,99700,-27.635996,-52.272866,erechim,RS
18958,99701,-27.627071,-52.258891,erechim,RS
18959,99702,-27.625098,-52.24722,erechim,RS
18960,99704,-27.640148,-52.254119,erechim,RS
18961,99705,-27.641982,-52.241396,erechim,RS
18962,99706,-27.649766,-52.249932,erechim,RS
18963,99708,-27.658286,-52.260998,erechim,RS
18964,99709,-27.6495,-52.273171,erechim,RS
18965,99711,-27.640183,-52.287202,erechim,RS
18966,99712,-27.638042,-52.311256,erechim,RS
18967,99713,-27.64213,-52.298491,erechim,RS
18968,99714,-27.652395,-52.299293,erechim,RS
18969,99718,-28.227614,-52.318943,paulo bento,RS
18970,99720,-27.819812,-52.445124,quatro irmaos,RS
18971,99725,-27.499564,-52.150166,tres arroios,RS
18972,99730,-27.728907,-52.536128,jacutinga,RS
18973,99735,-27.657056,-52.491544,ponte preta,RS
18974,99740,-27.618986,-52.378476,barao de cotegipe,RS
18975,99750,-27.392379,-52.568854,erval grande,RS
18976,99760,-27.383161,-52.456626,itatiba do sul,RS
18977,99770,-27.393677,-52.301289,aratiba,RS
18978,99790,-27.351152,-52.144949,mariano moro,RS
18979,99795,-27.410053,-52.413636,barra do rio azul,RS
18980,99800,-27.472161,-51.9157,marcelino ramos,RS
18981,99810,-27.43152,-52.116952,severiano de almeida,RS
18982,99820,-27.570176,-52.021089,viadutos,RS
18983,99825,-27.715924,-51.914822,carlos gomes,RS
18984,99830,-27.586856,-52.092158,gaurama,RS
18985,99835,-27.695565,-52.053764,aurea,RS
18986,99838,-27.765793,-52.003719,centenario,RS
18987,99839,-27.58695,-52.092478,gaurama,RS
18988,99840,-27.950113,-51.809262,sananduva,RS
18989,99850,-27.710137,-51.763305,paim filho,RS
18990,99855,-27.890688,-51.992592,sao joao da urtiga,RS
18991,99860,-27.772357,-51.662317,cacique doble,RS
18992,99870,-27.854724,-51.575461,sao jose do ouro,RS
18993,99878,-27.92262,-51.538729,tupanci do sul,RS
18994,99880,-27.56786,-51.668006,machadinho,RS
18995,99890,-27.631779,-51.804664,maximiliano de almeida,RS
18996,99895,-27.92656,-51.656632,santo expedito do sul,RS
18997,99900,-27.886882,-52.228476,getulio vargas,RS
18998,99910,-27.857786,-52.070728,floriano peixoto,RS
18999,99920,-27.855254,-52.300906,erebango,RS
19000,99925,-27.936842,-52.426937,ipiranga do sul,RS
19001,99930,-27.91388,-52.258915,estacao,RS
19002,99940,-28.057174,-51.856393,ibiaca,RS
19003,99950,-28.068768,-52.01182,tapejara,RS
19004,99952,-28.171199,-51.908569,santa cecilia do sul,RS
19005,99955,-28.112176,-52.144629,vila langaro,RS
19006,99960,-27.953722,-52.025511,charrua,RS
19007,99965,-28.183372,-52.03985,agua santa,RS
19008,99970,-28.34392,-51.874988,ciriaco,RS
19009,99980,-28.3895,-51.843122,david canabarro,RS
19010,99990,-28.329595,-51.769362,muliterno,RS
